gene,cancer
ACVR1,UCEC
ACVR2A,LIHC
AJUBA,HNSC
AKT1,CESC
AKT1,PRAD
AKT1,THCA
AKT1,UCEC
AKT1,BRCA
ALB,LIHC
APC,PRAD
APC,STAD
APOB,LIHC
ARHGAP35,LUSC
ARHGAP35,UCEC
ARID1A,ESCA
ARID1A,LUAD
ARID1A,LUSC
ARID1A,UCS
ARID1A,CHOL
ARID1A,CESC
ARID1A,LGG
ARID1A,PAAD
ARID1A,BLCA
ARID1A,BRCA
ARID1A,LIHC
ARID1A,UCEC
ARID1A,STAD
ARID2,HNSC
ARID2,LGG
ARID2,STAD
ARID2,LIHC
ARID2,SKCM
ARID5B,UCEC
ASXL1,LAML
ASXL2,BLCA
ATF7IP,UCEC
ATM,UCEC
ATM,BLCA
ATM,LUAD
ATM,KIRC
ATR,UCEC
ATRX,ACC
ATRX,GBM
ATRX,SARC
ATRX,LGG
AXIN1,LIHC
B2M,DLBC
BAP1,KIRP
BAP1,CHOL
BAP1,LIHC
BAP1,UVM
BAP1,MESO
BAP1,KIRC
BCL2L11,UCS
BCOR,UCEC
BCOR,STAD
BRAF,PRAD
BRAF,GBM
BRAF,LUAD
BRAF,SKCM
BRAF,THCA
BRCA1,OV
BRCA1,BRCA
BRD7,LIHC
BRD7,SKCM
BTG2,DLBC
CARD11,DLBC
CASP8,CESC
CASP8,STAD
CASP8,BRCA
CASP8,HNSC
CBFB,BRCA
CCND1,UCEC
CD70,DLBC
CD79B,DLBC
CDH1,STAD
CDH1,BRCA
CDK12,OV
CDK4,SKCM
CDKN1A,LIHC
CDKN1A,BLCA
CDKN1B,BRCA
CDKN2A,LIHC
CDKN2A,LUAD
CDKN2A,STAD
CDKN2A,BLCA
CDKN2A,ESCA
CDKN2A,LUSC
CDKN2A,SKCM
CDKN2A,HNSC
CDKN2A,PAAD
CEBPA,LAML
CHD3,UCEC
CHD4,BRCA
CHD4,UCS
CHD4,UCEC
CIC,LGG
CNBD1,STAD
COL5A1,SKCM
CREB3L3,LIHC
CREBBP,BLCA
CSDE1,PCPG
CTCF,BRCA
CTCF,UCEC
CTNNB1,BLCA
CTNNB1,SKCM
CTNNB1,PRAD
CTNNB1,STAD
CTNNB1,LUAD
CTNNB1,UCEC
CTNNB1,ACC
CTNNB1,LIHC
CTNND1,UCEC
CUL1,BLCA
CUL3,HNSC
CUL3,LUSC
CUL3,KIRP
CYLD,HNSC
CYSLTR2,UVM
DACH1,SKCM
DDX3X,SKCM
DHX9,LIHC
DIAPH2,BLCA
DICER1,UCEC
DMD,STAD
DNMT3A,THCA
DNMT3A,LAML
EEF1A1,LIHC
EEF2,PAAD
EGFR,GBM
EGFR,LUAD
EGFR,LGG
EIF1AX,THCA
EIF1AX,UVM
ELF3,BLCA
EP300,UCEC
EP300,LUSC
EP300,BLCA
EP300,HNSC
EP300,CESC
EPAS1,PCPG
EPHA2,CHOL
EPHA2,HNSC
ERBB2,ESCA
ERBB2,STAD
ERBB2,UCEC
ERBB2,CESC
ERBB2,BLCA
ERBB2,BRCA
ERBB3,CESC
ERBB3,BLCA
ERBB3,UCEC
ERBB4,STAD
ERCC2,BLCA
EZH2,LAML
FAM46D,STAD
FAT1,CESC
FAT1,UCEC
FAT1,BLCA
FAT1,LUSC
FAT1,HNSC
FBXW7,BRCA
FBXW7,ESCA
FBXW7,STAD
FBXW7,LUSC
FBXW7,UCEC
FBXW7,BLCA
FBXW7,CESC
FBXW7,UCS
FBXW7,HNSC
FGFR2,LUSC
FGFR2,UCEC
FGFR3,HNSC
FGFR3,BLCA
FLNA,HNSC
FLT3,LAML
FOXA1,BLCA
FOXA1,PRAD
FOXA1,BRCA
FOXA2,UCEC
FOXQ1,BLCA
FUBP1,LGG
GABRA6,GBM
GATA3,BRCA
GNA11,SKCM
GNA11,UVM
GNA13,BLCA
GNAQ,UVM
GNAS,LIHC
GNAS,PAAD
GPS2,BRCA
GTF2I,THYM
HIST1H1E,DLBC
HIST1H1E,LIHC
HLA-A,LUSC
HLA-A,HNSC
HLA-B,DLBC
HLA-B,HNSC
HLA-B,CESC
HRAS,SKCM
HRAS,LUSC
HRAS,PRAD
HRAS,BLCA
HRAS,HNSC
HRAS,THYM
HRAS,THCA
HRAS,PCPG
HUWE1,HNSC
IDH1,LIHC
IDH1,PRAD
IDH1,LAML
IDH1,CHOL
IDH1,GBM
IDH1,SKCM
IDH1,LGG
IDH2,LAML
IDH2,LGG
IL6ST,LIHC
INPPL1,UCEC
KANSL1,BLCA
KANSL1,UCEC
KDM5C,KIRC
KDM6A,HNSC
KDM6A,PAAD
KDM6A,PRAD
KDM6A,LUSC
KDM6A,BLCA
KDM6A,KIRP
KEAP1,LIHC
KEAP1,HNSC
KEAP1,LUAD
KEAP1,LUSC
KEL,GBM
KIF1A,KIRC
KIT,LAML
KIT,SKCM
KIT,TGCT
KLF5,BLCA
KLF5,LUSC
KLF5,CESC
KMT2B,UCEC
KMT2C,UCEC
KMT2C,BLCA
KMT2C,BRCA
KMT2C,CESC
KMT2D,ESCA
KMT2D,BLCA
KMT2D,PRAD
KMT2D,CESC
KMT2D,HNSC
KMT2D,LUSC
KMT2D,DLBC
KRAS,SKCM
KRAS,THCA
KRAS,BRCA
KRAS,KIRP
KRAS,LIHC
KRAS,OV
KRAS,STAD
KRAS,BLCA
KRAS,CESC
KRAS,LAML
KRAS,TGCT
KRAS,UCEC
KRAS,UCS
KRAS,LUAD
KRAS,PAAD
LATS1,CESC
LATS2,MESO
LZTR1,GBM
LZTR1,LIHC
MAP2K1,SKCM
MAP2K4,BRCA
MAP3K1,CESC
MAP3K1,UCEC
MAP3K1,BRCA
MAP3K4,UCS
MAPK1,HNSC
MAPK1,CESC
MAX,UCEC
MAX,LGG
MECOM,SKCM
MED12,PRAD
MEN1,ACC
MET,LUAD
MET,KIRP
MGA,LUAD
MSH6,UCEC
MTOR,KIRC
MUC6,STAD
MYCN,UCEC
MYD88,DLBC
MYH9,HNSC
NCOR1,BRCA
NF1,LUSC
NF1,BRCA
NF1,PCPG
NF1,SKCM
NF1,LUAD
NF1,GBM
NF1,OV
NF1,LGG
NF2,KIRP
NF2,MESO
NFE2L2,BLCA
NFE2L2,UCEC
NFE2L2,HNSC
NFE2L2,CESC
NFE2L2,LIHC
NFE2L2,ESCA
NFE2L2,LUSC
NIPBL,LGG
NOTCH1,ESCA
NOTCH1,CESC
NOTCH1,LUSC
NOTCH1,LGG
NOTCH1,HNSC
NPM1,LAML
NRAS,LIHC
NRAS,BLCA
NRAS,UCEC
NRAS,LGG
NRAS,OV
NRAS,THYM
NRAS,TGCT
NRAS,SKCM
NRAS,THCA
NSD1,ESCA
NSD1,HNSC
NUP133,LIHC
NUP93,THCA
PBRM1,UCEC
PBRM1,CHOL
PBRM1,KIRC
PDGFRA,GBM
PDS5B,UCEC
PHF6,LAML
PIK3CA,KIRC
PIK3CA,KIRP
PIK3CA,TGCT
PIK3CA,GBM
PIK3CA,LIHC
PIK3CA,PRAD
PIK3CA,ESCA
PIK3CA,BLCA
PIK3CA,LGG
PIK3CA,LUAD
PIK3CA,UCEC
PIK3CA,UCS
PIK3CA,STAD
PIK3CA,HNSC
PIK3CA,LUSC
PIK3CA,CESC
PIK3CA,BRCA
PIK3R1,BRCA
PIK3R1,LGG
PIK3R1,UCS
PIK3R1,UCEC
PIK3R1,GBM
PIK3R2,UCEC
PIM1,DLBC
PLCB4,UVM
PLCG1,LGG
POLRMT,CESC
PPM1D,THCA
PPP2R1A,UCEC
PPP2R1A,UCS
PPP6C,SKCM
PRKAR1A,ACC
PSIP1,BLCA
PTCH1,ESCA
PTEN,BLCA
PTEN,STAD
PTEN,KICH
PTEN,CESC
PTEN,HNSC
PTEN,LUSC
PTEN,PRAD
PTEN,SKCM
PTEN,UCEC
PTEN,UCS
PTEN,BRCA
PTEN,GBM
PTEN,KIRC
PTEN,LGG
PTMA,TGCT
PTPDC1,LAML
PTPN11,LAML
PTPN11,LGG
PTPRD,BRCA
RAC1,HNSC
RAC1,SKCM
RAD21,LAML
RASA1,STAD
RASA1,HNSC
RASA1,LUSC
RB1,UCS
RB1,SKCM
RB1,UCEC
RB1,LIHC
RB1,HNSC
RB1,BLCA
RB1,LUAD
RB1,CESC
RB1,LUSC
RB1,OV
RB1,BRCA
RB1,GBM
RB1,SARC
RBM10,BLCA
RBM10,LUAD
RET,PCPG
RFC1,UCS
RHOA,BLCA
RHOA,HNSC
RHOA,STAD
RHOB,BLCA
RIT1,LUAD
RNF43,STAD
RNF43,PAAD
RPL22,UCEC
RPS6KA3,LIHC
RQCD1,SKCM
RRAS2,UCEC
RUNX1,BRCA
RUNX1,LAML
RXRA,BLCA
SCAF4,UCEC
SETD2,KIRP
SETD2,LGG
SETD2,LUAD
SETD2,MESO
SETD2,KIRC
SF1,BLCA
SF3B1,BLCA
SF3B1,LAML
SF3B1,BRCA
SF3B1,UVM
SIN3A,UCEC
SMAD2,STAD
SMAD4,CESC
SMAD4,ESCA
SMAD4,PAAD
SMAD4,STAD
SMARCA4,LIHC
SMARCA4,LGG
SMARCA4,LUAD
SMARCB1,KIRP
SMC1A,UCEC
SMC1A,LAML
SMC3,LAML
SOS1,UCEC
SOX17,UCEC
SPOP,UCEC
SPOP,PRAD
SPTA1,GBM
SPTAN1,BLCA
SRSF2,UVM
STAG2,BLCA
STAG2,GBM
STK11,CESC
STK11,LUAD
TAF1,UCEC
TBX3,BRCA
TCEB1,KIRC
TCF12,GBM
TCF12,LGG
TET2,LAML
TGFBR2,CESC
TGFBR2,PAAD
TGFBR2,HNSC
TMSB4X,DLBC
TNFAIP3,DLBC
TP53,THYM
TP53,DLBC
TP53,LAML
TP53,KIRC
TP53,UCEC
TP53,ACC
TP53,BLCA
TP53,MESO
TP53,CESC
TP53,KICH
TP53,SKCM
TP53,LUAD
TP53,LUSC
TP53,STAD
TP53,BRCA
TP53,ESCA
TP53,GBM
TP53,HNSC
TP53,LIHC
TP53,OV
TP53,PRAD
TP53,LGG
TP53,PAAD
TP53,SARC
TP53,UCS
TSC1,BLCA
TSC2,LIHC
TXNIP,BLCA
U2AF1,UCEC
U2AF1,LAML
U2AF1,PAAD
U2AF1,LUAD
VHL,KIRC
WHSC1,LIHC
WT1,LAML
XPO1,LIHC
ZBTB20,LGG
ZBTB7B,UCS
ZCCHC12,LGG
ZFHX3,UCEC
ZFP36L1,BLCA
ZMYM2,UCEC
ZMYM3,PRAD
ZNF133,OV
ZNF750,ESCA
ZNF750,HNSC
ACVR2A,COAD
AMER1,COAD
APC,COAD
ARID1A,COAD
BRAF,COAD
CTNNB1,COAD
FBXW7,COAD
GNAS,COAD
KRAS,COAD
NRAS,COAD
PCBP1,COAD
PIK3CA,COAD
PTEN,COAD
SMAD2,COAD
SMAD4,COAD
SOX9,COAD
TCF7L2,COAD
TGIF1,COAD
TP53,COAD
ZFP36L2,COAD
ACVR2A,READ
AMER1,READ
APC,READ
ARID1A,READ
BRAF,READ
CTNNB1,READ
FBXW7,READ
GNAS,READ
KRAS,READ
NRAS,READ
PCBP1,READ
PIK3CA,READ
PTEN,READ
SMAD2,READ
SMAD4,READ
SOX9,READ
TCF7L2,READ
TGIF1,READ
TP53,READ
ZFP36L2,READ
