family,tumor_type,endpoint,repeat,sensitivity,specificity,balanced_accuracy,auc,pr_auc,ppv_tcga_prevalence,npv_tcga_prevalence,observed_tcga_prevalence
aneuploidy,BLCA,Genome doubling,1,0.785087719298246,0.540540540540541,0.662814129919393,0.730026078710289,0.771241791085795,0.724696356275304,0.62015503875969,0.606382978723404
aneuploidy,BLCA,Genome doubling,2,0.780701754385965,0.581081081081081,0.680891417733523,0.739449976292082,0.784067656614056,0.741666666666667,0.632352941176471,0.606382978723404
aneuploidy,BLCA,Genome doubling,3,0.780701754385965,0.594594594594595,0.68764817449028,0.734619487908962,0.788458246368819,0.747899159663866,0.63768115942029,0.606382978723404
aneuploidy,BLCA,Genome doubling,4,0.81578947368421,0.554054054054054,0.684921763869132,0.747836652441916,0.787448444172518,0.738095238095238,0.661290322580645,0.606382978723404
aneuploidy,BLCA,Genome doubling,5,0.780701754385965,0.594594594594595,0.68764817449028,0.723862019914652,0.757847214700577,0.747899159663866,0.63768115942029,0.606382978723404
aneuploidy,BRCA,Genome doubling,1,0.616438356164384,0.7625,0.689469178082192,0.766104044357469,0.691703220052531,0.669975186104218,0.717647058823529,0.438877755511022
aneuploidy,BRCA,Genome doubling,2,0.632420091324201,0.7625,0.697460045662101,0.764762720156556,0.695133081244406,0.675609756097561,0.726190476190476,0.438877755511022
aneuploidy,BRCA,Genome doubling,3,0.646118721461187,0.764285714285714,0.705202217873451,0.779823059360731,0.711957894932324,0.681927710843373,0.734133790737564,0.438877755511022
aneuploidy,BRCA,Genome doubling,4,0.63013698630137,0.766071428571429,0.698104207436399,0.766621819960861,0.697030980003244,0.678132678132678,0.725888324873096,0.438877755511022
aneuploidy,BRCA,Genome doubling,5,0.616438356164384,0.758928571428571,0.687683463796478,0.757823711676451,0.685176668770576,0.666666666666667,0.716694772344014,0.438877755511022
aneuploidy,CESC,Genome doubling,1,0.4,0.741379310344828,0.570689655172414,0.619810682893847,0.427692555781404,0.430379746835443,0.716666666666667,0.328185328185328
aneuploidy,CESC,Genome doubling,2,0.341176470588235,0.781609195402299,0.561392832995267,0.604056795131846,0.431744652315978,0.432835820895522,0.708333333333333,0.328185328185328
aneuploidy,CESC,Genome doubling,3,0.317647058823529,0.839080459770115,0.578363759296822,0.565449628127113,0.395377057550652,0.490909090909091,0.715686274509804,0.328185328185328
aneuploidy,CESC,Genome doubling,4,0.341176470588235,0.810344827586207,0.575760649087221,0.634617985125085,0.416527751159757,0.467741935483871,0.715736040609137,0.328185328185328
aneuploidy,CESC,Genome doubling,5,0.435294117647059,0.787356321839081,0.61132521974307,0.660175794455713,0.436308138992741,0.5,0.740540540540541,0.328185328185328
aneuploidy,COAD,Genome doubling,1,0.618181818181818,0.757201646090535,0.687691732136177,0.726050629754333,0.638671807996571,0.633540372670808,0.744939271255061,0.404411764705882
aneuploidy,COAD,Genome doubling,2,0.606060606060606,0.748971193415638,0.677515899738122,0.720089786756453,0.620096026665346,0.62111801242236,0.736842105263158,0.404411764705882
aneuploidy,COAD,Genome doubling,3,0.618181818181818,0.728395061728395,0.673288439955107,0.715650330465145,0.637466129529518,0.607142857142857,0.7375,0.404411764705882
aneuploidy,COAD,Genome doubling,4,0.654545454545455,0.744855967078189,0.699700710811822,0.764658935029305,0.684630450943403,0.635294117647059,0.760504201680672,0.404411764705882
aneuploidy,COAD,Genome doubling,5,0.672727272727273,0.716049382716049,0.694388327721661,0.750717047013343,0.637903191102761,0.616666666666667,0.763157894736842,0.404411764705882
aneuploidy,HNSC,Genome doubling,1,0.494318181818182,0.745173745173745,0.619745963495963,0.652663215163215,0.541937802877869,0.568627450980392,0.684397163120567,0.404597701149425
aneuploidy,HNSC,Genome doubling,2,0.482954545454546,0.756756756756757,0.619855651105651,0.654725342225342,0.584121543490135,0.574324324324324,0.682926829268293,0.404597701149425
aneuploidy,HNSC,Genome doubling,3,0.511363636363636,0.764478764478765,0.637921200421201,0.675346612846613,0.572488632530027,0.596026490066225,0.697183098591549,0.404597701149425
aneuploidy,HNSC,Genome doubling,4,0.534090909090909,0.722007722007722,0.628049315549316,0.660451035451036,0.537658861036275,0.566265060240964,0.695167286245353,0.404597701149425
aneuploidy,HNSC,Genome doubling,5,0.534090909090909,0.741312741312741,0.637701825201825,0.650359775359775,0.542288759298752,0.583850931677019,0.700729927007299,0.404597701149425
aneuploidy,LUAD,Genome doubling,1,0.768939393939394,0.508108108108108,0.638523751023751,0.681756756756757,0.73743151347961,0.690476190476191,0.606451612903226,0.587973273942094
aneuploidy,LUAD,Genome doubling,2,0.772727272727273,0.551351351351351,0.662039312039312,0.714905814905815,0.763127329046187,0.710801393728223,0.62962962962963,0.587973273942094
aneuploidy,LUAD,Genome doubling,3,0.818181818181818,0.535135135135135,0.676658476658477,0.734520884520885,0.777399603568555,0.71523178807947,0.673469387755102,0.587973273942094
aneuploidy,LUAD,Genome doubling,4,0.810606060606061,0.518918918918919,0.66476248976249,0.722522522522523,0.760677756625662,0.706270627062706,0.657534246575342,0.587973273942094
aneuploidy,LUAD,Genome doubling,5,0.765151515151515,0.475675675675676,0.620413595413595,0.697215397215397,0.748683448079191,0.675585284280936,0.586666666666667,0.587973273942094
aneuploidy,LUSC,Genome doubling,1,0.738955823293173,0.557142857142857,0.648049340218015,0.687511952572194,0.705617445173315,0.664259927797834,0.642857142857143,0.542483660130719
aneuploidy,LUSC,Genome doubling,2,0.694779116465863,0.552380952380952,0.623580034423408,0.683189902467011,0.690379169497371,0.647940074906367,0.604166666666667,0.542483660130719
aneuploidy,LUSC,Genome doubling,3,0.686746987951807,0.561904761904762,0.624325874928285,0.669917766303309,0.688058937778867,0.650190114068441,0.602040816326531,0.542483660130719
aneuploidy,LUSC,Genome doubling,4,0.730923694779117,0.528571428571429,0.629747561675273,0.673321858864028,0.693127194849646,0.647686832740214,0.623595505617978,0.542483660130719
aneuploidy,LUSC,Genome doubling,5,0.682730923694779,0.538095238095238,0.610413080895009,0.679804934021802,0.709680225919711,0.636704119850187,0.588541666666667,0.542483660130719
aneuploidy,OV,Genome doubling,1,0.742424242424242,0.5,0.621212121212121,0.659090909090909,0.818284701885343,0.765625,0.46875,0.6875
aneuploidy,OV,Genome doubling,2,0.742424242424242,0.7,0.721212121212121,0.701010101010101,0.820880252786548,0.844827586206897,0.552631578947369,0.6875
aneuploidy,OV,Genome doubling,3,0.696969696969697,0.533333333333333,0.615151515151515,0.652020202020202,0.785911762363198,0.766666666666667,0.444444444444444,0.6875
aneuploidy,OV,Genome doubling,4,0.742424242424242,0.466666666666667,0.604545454545455,0.683333333333333,0.830783185755868,0.753846153846154,0.451612903225806,0.6875
aneuploidy,OV,Genome doubling,5,0.742424242424242,0.6,0.671212121212121,0.707575757575758,0.839987569234146,0.80327868852459,0.514285714285714,0.6875
aneuploidy,PCPG,Genome doubling,1,0.375,0.887218045112782,0.631109022556391,0.68734335839599,0.307208415167053,0.375,0.887218045112782,0.152866242038217
aneuploidy,PCPG,Genome doubling,2,0.416666666666667,0.887218045112782,0.651942355889724,0.714912280701754,0.305752064554143,0.4,0.893939393939394,0.152866242038217
aneuploidy,PCPG,Genome doubling,3,0.375,0.887218045112782,0.631109022556391,0.710213032581454,0.319796795807008,0.375,0.887218045112782,0.152866242038217
aneuploidy,PCPG,Genome doubling,4,0.291666666666667,0.887218045112782,0.589442355889724,0.69016290726817,0.357799719915377,0.318181818181818,0.874074074074074,0.152866242038217
aneuploidy,PCPG,Genome doubling,5,0.375,0.894736842105263,0.634868421052632,0.667293233082707,0.300727201476333,0.391304347826087,0.888059701492537,0.152866242038217
aneuploidy,SARC,Genome doubling,1,0.660714285714286,0.626984126984127,0.643849206349206,0.698767006802721,0.66096079765569,0.611570247933884,0.675213675213675,0.470588235294118
aneuploidy,SARC,Genome doubling,2,0.625,0.682539682539683,0.653769841269841,0.733772675736962,0.704640849027884,0.636363636363636,0.671875,0.470588235294118
aneuploidy,SARC,Genome doubling,3,0.660714285714286,0.698412698412698,0.679563492063492,0.729166666666667,0.692476887200705,0.660714285714286,0.698412698412698,0.470588235294118
aneuploidy,SARC,Genome doubling,4,0.660714285714286,0.682539682539683,0.671626984126984,0.720875850340136,0.696475450684125,0.649122807017544,0.693548387096774,0.470588235294118
aneuploidy,SARC,Genome doubling,5,0.678571428571429,0.611111111111111,0.64484126984127,0.714498299319728,0.684310878684654,0.608,0.68141592920354,0.470588235294118
aneuploidy,STAD,Genome doubling,1,0.597402597402597,0.771844660194175,0.684623628798386,0.758447862816795,0.683072542955009,0.661870503597122,0.719457013574661,0.427777777777778
aneuploidy,STAD,Genome doubling,2,0.642857142857143,0.776699029126214,0.709778085991678,0.79734585802547,0.72641118525302,0.682758620689655,0.744186046511628,0.427777777777778
aneuploidy,STAD,Genome doubling,3,0.603896103896104,0.776699029126214,0.690297566511159,0.75182826881856,0.671106705003394,0.669064748201439,0.723981900452489,0.427777777777778
aneuploidy,STAD,Genome doubling,4,0.61038961038961,0.757281553398058,0.683835581893834,0.74801412180053,0.7021951949668,0.652777777777778,0.722222222222222,0.427777777777778
aneuploidy,STAD,Genome doubling,5,0.616883116883117,0.742718446601942,0.679800781742529,0.755642415836591,0.693527217121315,0.641891891891892,0.721698113207547,0.427777777777778
aneuploidy,UCEC,Genome doubling,1,0.505154639175258,0.910526315789474,0.707840477482366,0.837574606619642,0.576295544976006,0.590361445783133,0.878172588832487,0.20335429769392
aneuploidy,UCEC,Genome doubling,2,0.608247422680412,0.905263157894737,0.756755290287575,0.845469343461747,0.574881876994035,0.621052631578947,0.900523560209424,0.20335429769392
aneuploidy,UCEC,Genome doubling,3,0.556701030927835,0.902631578947368,0.729666304937602,0.836760716223549,0.55184740667129,0.593406593406593,0.88860103626943,0.20335429769392
aneuploidy,UCEC,Genome doubling,4,0.515463917525773,0.907894736842105,0.711679327183939,0.833450895279436,0.585482990343927,0.588235294117647,0.880102040816326,0.20335429769392
aneuploidy,UCEC,Genome doubling,5,0.54639175257732,0.897368421052632,0.721880086814976,0.825393380358112,0.550611667883869,0.576086956521739,0.885714285714286,0.20335429769392
driver_mutation,BLCA,FGFR3,1,0.462962962962963,0.945454545454546,0.704208754208754,0.818742985409652,0.471100437108039,0.581395348837209,0.914956011730205,0.140625
driver_mutation,BLCA,FGFR3,2,0.481481481481482,0.936363636363636,0.708922558922559,0.814365881032548,0.435032887944803,0.553191489361702,0.916913946587537,0.140625
driver_mutation,BLCA,FGFR3,3,0.388888888888889,0.93030303030303,0.65959595959596,0.77037037037037,0.364636474011253,0.477272727272727,0.902941176470588,0.140625
driver_mutation,BLCA,FGFR3,4,0.5,0.936363636363636,0.718181818181818,0.819304152637486,0.463391075092622,0.5625,0.919642857142857,0.140625
driver_mutation,BLCA,FGFR3,5,0.444444444444444,0.945454545454546,0.694949494949495,0.778058361391695,0.429052613181263,0.571428571428571,0.912280701754386,0.140625
driver_mutation,BLCA,TP53,1,0.654054054054054,0.592964824120603,0.623509439087329,0.647860926252886,0.585136624857396,0.599009900990099,0.648351648351648,0.481770833333333
driver_mutation,BLCA,TP53,2,0.718918918918919,0.628140703517588,0.673529811218254,0.704930055683825,0.652003457643667,0.642512077294686,0.706214689265537,0.481770833333333
driver_mutation,BLCA,TP53,3,0.65945945945946,0.592964824120603,0.626212141790031,0.677468423197067,0.637982132039106,0.600985221674877,0.651933701657459,0.481770833333333
driver_mutation,BLCA,TP53,4,0.648648648648649,0.64321608040201,0.645932364525329,0.698872742088823,0.66240968060274,0.628272251308901,0.663212435233161,0.481770833333333
driver_mutation,BLCA,TP53,5,0.686486486486487,0.603015075376884,0.644750780931686,0.669183756620943,0.60593393542774,0.616504854368932,0.674157303370787,0.481770833333333
driver_mutation,BRCA,CDH1,1,0.489583333333333,0.946892655367232,0.718237994350282,0.875506120527307,0.45805534814089,0.5,0.944757609921082,0.0978593272171254
driver_mutation,BRCA,CDH1,2,0.552083333333333,0.937853107344633,0.744968220338983,0.880249529190207,0.44171709022131,0.490740740740741,0.950744558991982,0.0978593272171254
driver_mutation,BRCA,CDH1,3,0.5,0.940112994350283,0.720056497175141,0.871351224105461,0.43190387534299,0.475247524752475,0.945454545454546,0.0978593272171254
driver_mutation,BRCA,CDH1,4,0.552083333333333,0.942372881355932,0.747228107344633,0.880155367231638,0.447153723842283,0.509615384615385,0.95096921322691,0.0978593272171254
driver_mutation,BRCA,CDH1,5,0.479166666666667,0.940112994350283,0.709639830508475,0.882203389830509,0.419400283472379,0.464646464646465,0.943310657596372,0.0978593272171254
driver_mutation,BRCA,FOXA1,1,0.178571428571429,0.989506820566632,0.58403912456903,0.67100134912307,0.120938411390679,0.333333333333333,0.976190476190476,0.0285423037716616
driver_mutation,BRCA,FOXA1,2,0.107142857142857,0.990556138509968,0.548849497826413,0.685129665717284,0.157627811899471,0.25,0.974200206398349,0.0285423037716616
driver_mutation,BRCA,FOXA1,3,0.214285714285714,0.988457502623295,0.601371608454505,0.657510118423025,0.1592759079445,0.352941176470588,0.977178423236514,0.0285423037716616
driver_mutation,BRCA,FOXA1,4,0.214285714285714,0.989506820566632,0.601896267426173,0.68812771698396,0.162140430663384,0.375,0.97720207253886,0.0285423037716616
driver_mutation,BRCA,FOXA1,5,0.142857142857143,0.991605456453305,0.567231299655224,0.731861789836606,0.154958370495163,0.333333333333333,0.975232198142415,0.0285423037716616
driver_mutation,BRCA,PIK3CA,1,0.406015037593985,0.841958041958042,0.623986539776013,0.710305483989695,0.446422287076325,0.48868778280543,0.792105263157895,0.271151885830785
driver_mutation,BRCA,PIK3CA,2,0.37218045112782,0.867132867132867,0.619656659130343,0.720185078079815,0.472900135292943,0.510309278350515,0.787801778907243,0.271151885830785
driver_mutation,BRCA,PIK3CA,3,0.417293233082707,0.862937062937063,0.640115148009885,0.716593932383406,0.459214647878403,0.5311004784689,0.799222797927461,0.271151885830785
driver_mutation,BRCA,PIK3CA,4,0.394736842105263,0.847552447552448,0.621144644828855,0.708070876491929,0.464951085498809,0.490654205607477,0.790091264667536,0.271151885830785
driver_mutation,BRCA,PIK3CA,5,0.387218045112782,0.848951048951049,0.618084547031916,0.707518796992481,0.44219882212193,0.488151658767773,0.788311688311688,0.271151885830785
driver_mutation,BRCA,TP53,1,0.552123552123552,0.914127423822715,0.733125487973133,0.827880512091038,0.636028707208905,0.697560975609756,0.850515463917526,0.26401630988787
driver_mutation,BRCA,TP53,2,0.606177606177606,0.885041551246537,0.745609578712072,0.841698841698842,0.618621451263644,0.654166666666667,0.862348178137652,0.26401630988787
driver_mutation,BRCA,TP53,3,0.621621621621622,0.893351800554017,0.757486711087819,0.841661408143403,0.668032160482306,0.676470588235294,0.868102288021534,0.26401630988787
driver_mutation,BRCA,TP53,4,0.563706563706564,0.897506925207756,0.73060674445716,0.824778874640371,0.61941260641019,0.663636363636364,0.851511169513798,0.26401630988787
driver_mutation,BRCA,TP53,5,0.61003861003861,0.883656509695291,0.74684755986695,0.833853838008963,0.62497112983346,0.652892561983471,0.863328822733424,0.26401630988787
driver_mutation,CESC,TP53,1,0.285714285714286,0.948051948051948,0.616883116883117,0.717790146361575,0.257112664828762,0.333333333333333,0.935897435897436,0.0833333333333333
driver_mutation,CESC,TP53,2,0.428571428571429,0.926406926406927,0.677489177489178,0.709750566893424,0.317114299589226,0.346153846153846,0.946902654867257,0.0833333333333333
driver_mutation,CESC,TP53,3,0.285714285714286,0.943722943722944,0.614718614718615,0.721294578437436,0.278195341618993,0.315789473684211,0.935622317596567,0.0833333333333333
driver_mutation,CESC,TP53,4,0.333333333333333,0.965367965367965,0.649350649350649,0.703566274994847,0.277441865756882,0.466666666666667,0.940928270042194,0.0833333333333333
driver_mutation,CESC,TP53,5,0.333333333333333,0.948051948051948,0.640692640692641,0.711193568336426,0.308953618353288,0.368421052631579,0.939914163090129,0.0833333333333333
driver_mutation,COAD,APC,1,0.887755102040816,0.720430107526882,0.804092604783849,0.856155365371955,0.829806714894145,0.769911504424779,0.858974358974359,0.513089005235602
driver_mutation,COAD,APC,2,0.88265306122449,0.704301075268817,0.793477068246654,0.844003730524468,0.82047245637677,0.758771929824562,0.850649350649351,0.513089005235602
driver_mutation,COAD,APC,3,0.86734693877551,0.731182795698925,0.799264867237218,0.857334869431644,0.83032161082801,0.772727272727273,0.839506172839506,0.513089005235602
driver_mutation,COAD,APC,4,0.887755102040816,0.666666666666667,0.777210884353742,0.845622119815668,0.800261656439998,0.73728813559322,0.849315068493151,0.513089005235602
driver_mutation,COAD,APC,5,0.887755102040816,0.698924731182796,0.793339916611806,0.853851217906517,0.830696238393723,0.756521739130435,0.855263157894737,0.513089005235602
driver_mutation,COAD,KRAS,1,0.53968253968254,0.8359375,0.68781001984127,0.768818204365079,0.583238508147985,0.618181818181818,0.786764705882353,0.329842931937173
driver_mutation,COAD,KRAS,2,0.531746031746032,0.8046875,0.668216765873016,0.743055555555556,0.541503962569623,0.572649572649573,0.777358490566038,0.329842931937173
driver_mutation,COAD,KRAS,3,0.547619047619048,0.765625,0.656622023809524,0.710162450396825,0.477509200445569,0.534883720930233,0.774703557312253,0.329842931937173
driver_mutation,COAD,KRAS,4,0.603174603174603,0.7890625,0.696118551587302,0.782800099206349,0.588561657626011,0.584615384615385,0.801587301587302,0.329842931937173
driver_mutation,COAD,KRAS,5,0.555555555555556,0.80859375,0.682074652777778,0.79070560515873,0.605358902171377,0.588235294117647,0.787072243346008,0.329842931937173
driver_mutation,COAD,TP53,1,0.763975155279503,0.755656108597285,0.759815631938394,0.842472105899216,0.784839626289693,0.694915254237288,0.814634146341463,0.421465968586387
driver_mutation,COAD,TP53,2,0.782608695652174,0.787330316742081,0.784969506197128,0.864281498552598,0.819876923258562,0.728323699421965,0.832535885167464,0.421465968586387
driver_mutation,COAD,TP53,3,0.763975155279503,0.755656108597285,0.759815631938394,0.834883786290436,0.73464376589853,0.694915254237288,0.814634146341463,0.421465968586387
driver_mutation,COAD,TP53,4,0.782608695652174,0.787330316742081,0.784969506197128,0.860880807172367,0.802020256837788,0.728323699421965,0.832535885167464,0.421465968586387
driver_mutation,COAD,TP53,5,0.77639751552795,0.760180995475113,0.768289255501532,0.855484668783902,0.801307263639583,0.702247191011236,0.823529411764706,0.421465968586387
driver_mutation,HNSC,NSD1,1,0.313725490196078,0.923684210526316,0.618704850361197,0.720278637770898,0.306946714888666,0.355555555555556,0.909326424870466,0.118329466357309
driver_mutation,HNSC,NSD1,2,0.333333333333333,0.923684210526316,0.628508771929825,0.726470588235294,0.311648467101003,0.369565217391304,0.911688311688312,0.118329466357309
driver_mutation,HNSC,NSD1,3,0.352941176470588,0.923684210526316,0.638312693498452,0.766976264189887,0.353366928051362,0.382978723404255,0.9140625,0.118329466357309
driver_mutation,HNSC,NSD1,4,0.294117647058824,0.936842105263158,0.615479876160991,0.731682146542828,0.361447647501707,0.384615384615385,0.908163265306122,0.118329466357309
driver_mutation,HNSC,NSD1,5,0.333333333333333,0.963157894736842,0.648245614035088,0.748710010319917,0.402564449525671,0.548387096774194,0.915,0.118329466357309
driver_mutation,HNSC,TP53,1,0.921875,0.342342342342342,0.632108671171171,0.680940315315315,0.834716576039255,0.801630434782609,0.603174603174603,0.74245939675174
driver_mutation,HNSC,TP53,2,0.91875,0.333333333333333,0.626041666666667,0.709881756756757,0.844111690810032,0.798913043478261,0.587301587301587,0.74245939675174
driver_mutation,HNSC,TP53,3,0.909375,0.369369369369369,0.639372184684685,0.67713963963964,0.830063961279629,0.806094182825485,0.585714285714286,0.74245939675174
driver_mutation,HNSC,TP53,4,0.853125,0.387387387387387,0.620256193693694,0.644341216216216,0.811167256062182,0.80058651026393,0.477777777777778,0.74245939675174
driver_mutation,HNSC,TP53,5,0.85,0.387387387387387,0.618693693693694,0.634290540540541,0.794057090331235,0.8,0.472527472527473,0.74245939675174
driver_mutation,KIRC,SETD2,1,0.234042553191489,0.882352941176471,0.55819774718398,0.603462661660409,0.219196228637314,0.234042553191489,0.882352941176471,0.13314447592068
driver_mutation,KIRC,SETD2,2,0.297872340425532,0.918300653594771,0.608086497010152,0.664094006396885,0.230539485878406,0.358974358974359,0.894904458598726,0.13314447592068
driver_mutation,KIRC,SETD2,3,0.191489361702128,0.898692810457516,0.545091086079822,0.646015853149771,0.215914176129661,0.225,0.878594249201278,0.13314447592068
driver_mutation,KIRC,SETD2,4,0.276595744680851,0.888888888888889,0.58274231678487,0.687456542900848,0.239161066271002,0.276595744680851,0.888888888888889,0.13314447592068
driver_mutation,KIRC,SETD2,5,0.212765957446809,0.898692810457516,0.555729383952162,0.637463496036713,0.204656647254763,0.24390243902439,0.881410256410256,0.13314447592068
driver_mutation,KIRC,VHL,1,0.614906832298137,0.567708333333333,0.591307582815735,0.612027691511387,0.530252283779635,0.543956043956044,0.637426900584795,0.456090651558074
driver_mutation,KIRC,VHL,2,0.559006211180124,0.567708333333333,0.563357272256729,0.556547619047619,0.47680704427822,0.520231213872832,0.605555555555556,0.456090651558074
driver_mutation,KIRC,VHL,3,0.565217391304348,0.5625,0.563858695652174,0.575601708074534,0.503716614679738,0.52,0.606741573033708,0.456090651558074
driver_mutation,KIRC,VHL,4,0.60248447204969,0.557291666666667,0.579888069358178,0.589706262939959,0.509982771657523,0.532967032967033,0.625730994152047,0.456090651558074
driver_mutation,KIRC,VHL,5,0.546583850931677,0.583333333333333,0.564958592132505,0.603746118012422,0.514433012192731,0.523809523809524,0.605405405405405,0.456090651558074
driver_mutation,LGG,ATRX,1,0.69060773480663,0.865131578947369,0.777869656876999,0.858370892701367,0.758105963527663,0.753012048192771,0.824451410658307,0.37319587628866
driver_mutation,LGG,ATRX,2,0.718232044198895,0.845394736842105,0.7818133905205,0.855317679558011,0.741996745397729,0.734463276836158,0.834415584415585,0.37319587628866
driver_mutation,LGG,ATRX,3,0.751381215469613,0.819078947368421,0.785230081419017,0.833254579819715,0.700375031494536,0.712041884816754,0.846938775510204,0.37319587628866
driver_mutation,LGG,ATRX,4,0.729281767955801,0.842105263157895,0.785693515556848,0.854372637394592,0.746734841252198,0.733333333333333,0.839344262295082,0.37319587628866
driver_mutation,LGG,ATRX,5,0.729281767955801,0.822368421052632,0.775825094504216,0.850138121546961,0.727557918081828,0.709677419354839,0.836120401337793,0.37319587628866
driver_mutation,LGG,CIC,1,0.647619047619048,0.894736842105263,0.771177944862155,0.866390977443609,0.610752298535532,0.62962962962963,0.90185676392573,0.216494845360825
driver_mutation,LGG,CIC,2,0.619047619047619,0.889473684210526,0.754260651629073,0.878170426065163,0.635506820190528,0.607476635514019,0.894179894179894,0.216494845360825
driver_mutation,LGG,CIC,3,0.638095238095238,0.897368421052632,0.767731829573935,0.886065162907268,0.650176290752434,0.632075471698113,0.899736147757256,0.216494845360825
driver_mutation,LGG,CIC,4,0.619047619047619,0.892105263157895,0.755576441102757,0.884461152882206,0.620369165335104,0.613207547169811,0.894459102902375,0.216494845360825
driver_mutation,LGG,CIC,5,0.628571428571429,0.873684210526316,0.751127819548872,0.855614035087719,0.554687449894682,0.578947368421053,0.894878706199461,0.216494845360825
driver_mutation,LGG,EGFR,1,0.352941176470588,0.968957871396896,0.660949523933742,0.869179600886918,0.359490216757005,0.461538461538462,0.952069716775599,0.0701030927835052
driver_mutation,LGG,EGFR,2,0.323529411764706,0.951219512195122,0.637374461979914,0.835594104604148,0.283591722036468,0.333333333333333,0.949115044247788,0.0701030927835052
driver_mutation,LGG,EGFR,3,0.441176470588235,0.960088691796009,0.700632581192122,0.891482979000913,0.377628346219947,0.454545454545455,0.957964601769912,0.0701030927835052
driver_mutation,LGG,EGFR,4,0.411764705882353,0.962305986696231,0.687035346289292,0.816551454284596,0.332088964128519,0.451612903225806,0.955947136563877,0.0701030927835052
driver_mutation,LGG,EGFR,5,0.294117647058824,0.951219512195122,0.622668579626973,0.850136950567367,0.264591419525635,0.3125,0.947019867549669,0.0701030927835052
driver_mutation,LGG,FUBP1,1,0.340909090909091,0.922902494331066,0.631905792620078,0.729643372500515,0.241687235884796,0.306122448979592,0.93348623853211,0.0907216494845361
driver_mutation,LGG,FUBP1,2,0.295454545454545,0.936507936507937,0.615981240981241,0.720624613481756,0.213783554268381,0.317073170731707,0.93018018018018,0.0907216494845361
driver_mutation,LGG,FUBP1,3,0.295454545454545,0.927437641723356,0.611446093588951,0.769532055246341,0.257453868625409,0.288888888888889,0.929545454545454,0.0907216494845361
driver_mutation,LGG,FUBP1,4,0.386363636363636,0.909297052154195,0.647830344258916,0.781282209853638,0.230726206967451,0.298245614035088,0.936915887850467,0.0907216494845361
driver_mutation,LGG,FUBP1,5,0.272727272727273,0.91609977324263,0.594413522984952,0.750824572253144,0.237555136469049,0.244897959183673,0.926605504587156,0.0907216494845361
driver_mutation,LGG,IDH1,1,0.936,0.609090909090909,0.772545454545455,0.847951515151515,0.933006291162639,0.890862944162437,0.736263736263736,0.77319587628866
driver_mutation,LGG,IDH1,2,0.917333333333333,0.636363636363636,0.776848484848485,0.839612121212121,0.929959160475164,0.895833333333333,0.693069306930693,0.77319587628866
driver_mutation,LGG,IDH1,3,0.938666666666667,0.654545454545455,0.796606060606061,0.865551515151515,0.942283189896458,0.902564102564103,0.757894736842105,0.77319587628866
driver_mutation,LGG,IDH1,4,0.928,0.618181818181818,0.773090909090909,0.846981818181818,0.93738536753001,0.892307692307692,0.715789473684211,0.77319587628866
driver_mutation,LGG,IDH1,5,0.933333333333333,0.6,0.766666666666667,0.849793939393939,0.932567083019551,0.888324873096447,0.725274725274725,0.77319587628866
driver_mutation,LGG,PTEN,1,0.260869565217391,0.967532467532468,0.614201016374929,0.71776773950687,0.181629641023508,0.285714285714286,0.963362068965517,0.0474226804123711
driver_mutation,LGG,PTEN,2,0.217391304347826,0.965367965367965,0.591379634857896,0.730942970073405,0.204565431443216,0.238095238095238,0.961206896551724,0.0474226804123711
driver_mutation,LGG,PTEN,3,0.260869565217391,0.965367965367965,0.613118765292678,0.779973649538867,0.181575530053277,0.272727272727273,0.963282937365011,0.0474226804123711
driver_mutation,LGG,PTEN,4,0.130434782608696,0.978354978354978,0.554394880481837,0.633069828722003,0.1380023782571,0.230769230769231,0.957627118644068,0.0474226804123711
driver_mutation,LGG,PTEN,5,0.217391304347826,0.967532467532468,0.592461885940147,0.755787690570299,0.185953674042804,0.25,0.961290322580645,0.0474226804123711
driver_mutation,LGG,TP53,1,0.806034482758621,0.869565217391304,0.837799850074963,0.911561264822134,0.897068007047285,0.85,0.830188679245283,0.478350515463918
driver_mutation,LGG,TP53,2,0.827586206896552,0.889328063241107,0.858457135068829,0.910436827041025,0.892694993614256,0.872727272727273,0.849056603773585,0.478350515463918
driver_mutation,LGG,TP53,3,0.849137931034483,0.853754940711463,0.851446435872973,0.903025759847349,0.877175405178139,0.841880341880342,0.860557768924303,0.478350515463918
driver_mutation,LGG,TP53,4,0.84051724137931,0.885375494071146,0.862946367725228,0.908119803734497,0.880711534626424,0.870535714285714,0.85823754789272,0.478350515463918
driver_mutation,LGG,TP53,5,0.836206896551724,0.877470355731225,0.856838626141475,0.895648766525828,0.869546268508974,0.862222222222222,0.853846153846154,0.478350515463918
driver_mutation,LIHC,BAP1,1,0.2,0.975757575757576,0.587878787878788,0.65530303030303,0.200406537310727,0.333333333333333,0.952662721893491,0.0571428571428571
driver_mutation,LIHC,BAP1,2,0.15,0.975757575757576,0.562878787878788,0.716212121212121,0.159840495787242,0.272727272727273,0.949852507374631,0.0571428571428571
driver_mutation,LIHC,BAP1,3,0.2,0.972727272727273,0.586363636363636,0.755,0.174918035097931,0.307692307692308,0.952522255192878,0.0571428571428571
driver_mutation,LIHC,BAP1,4,0.25,0.966666666666667,0.608333333333333,0.729090909090909,0.186336939206133,0.3125,0.955089820359282,0.0571428571428571
driver_mutation,LIHC,BAP1,5,0.25,0.96969696969697,0.609848484848485,0.751818181818182,0.247621065016347,0.333333333333333,0.955223880597015,0.0571428571428571
driver_mutation,LIHC,CTNNB1,1,0.526881720430108,0.750972762645914,0.638927241538011,0.698087946111041,0.446871914856117,0.433628318584071,0.814345991561181,0.265714285714286
driver_mutation,LIHC,CTNNB1,2,0.440860215053763,0.793774319066148,0.617317267059956,0.705409815488892,0.441940744854742,0.436170212765957,0.796875,0.265714285714286
driver_mutation,LIHC,CTNNB1,3,0.494623655913979,0.856031128404669,0.675327392159324,0.741056859545626,0.509136344003457,0.55421686746988,0.823970037453184,0.265714285714286
driver_mutation,LIHC,CTNNB1,4,0.505376344086022,0.848249027237354,0.676812685661688,0.74959206727752,0.520794603374335,0.546511627906977,0.825757575757576,0.265714285714286
driver_mutation,LIHC,CTNNB1,5,0.483870967741936,0.852140077821012,0.668005522781474,0.756746579641019,0.533489707492101,0.542168674698795,0.820224719101124,0.265714285714286
driver_mutation,LIHC,TP53,1,0.336448598130841,0.872427983539095,0.604438290834968,0.676127841236876,0.499702817327593,0.537313432835821,0.749116607773852,0.305714285714286
driver_mutation,LIHC,TP53,2,0.364485981308411,0.872427983539095,0.618456982423753,0.711472635667859,0.542316325661952,0.557142857142857,0.757142857142857,0.305714285714286
driver_mutation,LIHC,TP53,3,0.327102803738318,0.876543209876543,0.601823006807431,0.670320372293373,0.483732589906999,0.538461538461538,0.747368421052632,0.305714285714286
driver_mutation,LIHC,TP53,4,0.373831775700935,0.864197530864198,0.619014653282566,0.694434829429637,0.491222759546433,0.547945205479452,0.758122743682311,0.305714285714286
driver_mutation,LIHC,TP53,5,0.345794392523364,0.905349794238683,0.625572093381024,0.711818776200915,0.551953451986472,0.616666666666667,0.758620689655172,0.305714285714286
driver_mutation,LUAD,TP53,1,0.747863247863248,0.650655021834061,0.699259134848655,0.757604598215952,0.71457376759171,0.686274509803922,0.716346153846154,0.505399568034557
driver_mutation,LUAD,TP53,2,0.777777777777778,0.637554585152838,0.707666181465308,0.783525547717687,0.756174647692408,0.686792452830189,0.737373737373737,0.505399568034557
driver_mutation,LUAD,TP53,3,0.769230769230769,0.655021834061135,0.712126301645952,0.765517112678685,0.706219042831181,0.694980694980695,0.735294117647059,0.505399568034557
driver_mutation,LUAD,TP53,4,0.70940170940171,0.707423580786026,0.708412645093868,0.744522823125443,0.702213582327821,0.71244635193133,0.704347826086957,0.505399568034557
driver_mutation,LUAD,TP53,5,0.70940170940171,0.676855895196507,0.693128802299108,0.750867763968201,0.72423461483334,0.691666666666667,0.695067264573991,0.505399568034557
driver_mutation,OV,TP53,1,0.5,0.78,0.64,0.596363636363636,0.445473714713607,0.5,0.78,0.305555555555556
driver_mutation,OV,TP53,2,0.5,0.86,0.68,0.702727272727273,0.584147629232888,0.611111111111111,0.796296296296296,0.305555555555556
driver_mutation,OV,TP53,3,0.409090909090909,0.8,0.604545454545455,0.616363636363636,0.519135349012264,0.473684210526316,0.754716981132076,0.305555555555556
driver_mutation,OV,TP53,4,0.5,0.9,0.7,0.703636363636364,0.526742318851174,0.6875,0.803571428571429,0.305555555555556
driver_mutation,OV,TP53,5,0.5,0.8,0.65,0.639090909090909,0.476252904930977,0.523809523809524,0.784313725490196,0.305555555555556
driver_mutation,PAAD,TP53,1,0.764150943396226,0.420289855072464,0.592220399234345,0.639321848509708,0.698928195704501,0.669421487603306,0.537037037037037,0.605714285714286
driver_mutation,PAAD,TP53,2,0.839622641509434,0.405797101449275,0.622709871479355,0.669948044845502,0.715595087569927,0.684615384615385,0.622222222222222,0.605714285714286
driver_mutation,PAAD,TP53,3,0.707547169811321,0.391304347826087,0.549425758818704,0.594749794913864,0.669852327885266,0.641025641025641,0.46551724137931,0.605714285714286
driver_mutation,PAAD,TP53,4,0.726415094339623,0.391304347826087,0.558859721082855,0.610199617172546,0.697237250317069,0.647058823529412,0.482142857142857,0.605714285714286
driver_mutation,PAAD,TP53,5,0.783018867924528,0.434782608695652,0.60890073831009,0.628247197156139,0.673583955092735,0.680327868852459,0.566037735849057,0.605714285714286
driver_mutation,READ,APC,1,0.907692307692308,0.814285714285714,0.860989010989011,0.906593406593407,0.87258151772531,0.819444444444445,0.904761904761905,0.481481481481482
driver_mutation,READ,APC,2,0.923076923076923,0.757142857142857,0.84010989010989,0.900659340659341,0.862748631619368,0.779220779220779,0.913793103448276,0.481481481481482
driver_mutation,READ,APC,3,0.923076923076923,0.771428571428571,0.847252747252747,0.88989010989011,0.844778312700146,0.789473684210526,0.915254237288136,0.481481481481482
driver_mutation,READ,APC,4,0.907692307692308,0.757142857142857,0.832417582417582,0.883516483516484,0.814649513072446,0.776315789473684,0.898305084745763,0.481481481481482
driver_mutation,READ,APC,5,0.969230769230769,0.757142857142857,0.863186813186813,0.901318681318681,0.868180214835034,0.7875,0.963636363636364,0.481481481481482
driver_mutation,READ,TP53,1,0.878787878787879,0.811594202898551,0.845191040843215,0.922046552481335,0.882007017076448,0.816901408450704,0.875,0.488888888888889
driver_mutation,READ,TP53,2,0.924242424242424,0.782608695652174,0.853425559947299,0.921607378129117,0.888794664366461,0.802631578947369,0.915254237288136,0.488888888888889
driver_mutation,READ,TP53,3,0.954545454545455,0.797101449275362,0.875823451910408,0.924462011418533,0.900105700999307,0.818181818181818,0.948275862068965,0.488888888888889
driver_mutation,READ,TP53,4,0.939393939393939,0.782608695652174,0.861001317523057,0.930390865173474,0.898136728520084,0.805194805194805,0.931034482758621,0.488888888888889
driver_mutation,READ,TP53,5,0.909090909090909,0.797101449275362,0.853096179183136,0.937637241985068,0.93047955961853,0.810810810810811,0.901639344262295,0.488888888888889
driver_mutation,SKCM,BRAF,1,0.711538461538462,0.521739130434783,0.616638795986622,0.635451505016722,0.607791705396849,0.627118644067797,0.615384615384615,0.530612244897959
driver_mutation,SKCM,BRAF,2,0.653846153846154,0.521739130434783,0.587792642140468,0.677257525083612,0.700105568381823,0.607142857142857,0.571428571428571,0.530612244897959
driver_mutation,SKCM,BRAF,3,0.788461538461538,0.5,0.644230769230769,0.66680602006689,0.630381573536374,0.640625,0.676470588235294,0.530612244897959
driver_mutation,SKCM,BRAF,4,0.807692307692308,0.478260869565217,0.642976588628763,0.632943143812709,0.6226016147535,0.636363636363636,0.6875,0.530612244897959
driver_mutation,SKCM,BRAF,5,0.730769230769231,0.521739130434783,0.626254180602007,0.666387959866221,0.659125351278441,0.633333333333333,0.631578947368421,0.530612244897959
driver_mutation,STAD,ARID1A,1,0.340659340659341,0.835714285714286,0.588186813186813,0.641562009419152,0.382039134018525,0.402597402597403,0.795918367346939,0.245283018867925
driver_mutation,STAD,ARID1A,2,0.318681318681319,0.817857142857143,0.568269230769231,0.606593406593407,0.36159329924129,0.3625,0.786941580756014,0.245283018867925
driver_mutation,STAD,ARID1A,3,0.307692307692308,0.85,0.578846153846154,0.597723704866562,0.370130425663919,0.4,0.790697674418605,0.245283018867925
driver_mutation,STAD,ARID1A,4,0.241758241758242,0.875,0.558379120879121,0.574097331240188,0.320658582061318,0.385964912280702,0.780254777070064,0.245283018867925
driver_mutation,STAD,ARID1A,5,0.362637362637363,0.846428571428571,0.604532967032967,0.618485086342229,0.37426768133547,0.434210526315789,0.803389830508475,0.245283018867925
driver_mutation,STAD,PIK3CA,1,0.310344827586207,0.904153354632588,0.607249091109397,0.714773603613529,0.30524747039796,0.375,0.876160990712074,0.15633423180593
driver_mutation,STAD,PIK3CA,2,0.362068965517241,0.891373801916933,0.626721383717087,0.729315853255481,0.33941145820381,0.381818181818182,0.882911392405063,0.15633423180593
driver_mutation,STAD,PIK3CA,3,0.344827586206897,0.897763578274761,0.621295582240829,0.759226616723587,0.324745195088804,0.384615384615385,0.880877742946709,0.15633423180593
driver_mutation,STAD,PIK3CA,4,0.379310344827586,0.932907348242811,0.656108846535199,0.796518673570563,0.40295344754973,0.511627906976744,0.890243902439024,0.15633423180593
driver_mutation,STAD,PIK3CA,5,0.344827586206897,0.907348242811502,0.626087914509199,0.726451470750248,0.304641584833091,0.408163265306122,0.881987577639752,0.15633423180593
driver_mutation,STAD,TP53,1,0.64804469273743,0.671875,0.659959846368715,0.720059357541899,0.662683424701779,0.64804469273743,0.671875,0.482479784366577
driver_mutation,STAD,TP53,2,0.681564245810056,0.677083333333333,0.679323789571695,0.730446927374302,0.67195298917355,0.66304347826087,0.695187165775401,0.482479784366577
driver_mutation,STAD,TP53,3,0.642458100558659,0.6875,0.66497905027933,0.732891061452514,0.682147043641473,0.657142857142857,0.673469387755102,0.482479784366577
driver_mutation,STAD,TP53,4,0.653631284916201,0.708333333333333,0.680982309124767,0.751571229050279,0.700118841227408,0.676300578034682,0.686868686868687,0.482479784366577
driver_mutation,STAD,TP53,5,0.620111731843575,0.734375,0.677243365921788,0.742347532588454,0.676687413097743,0.685185185185185,0.674641148325359,0.482479784366577
driver_mutation,THCA,BRAF,1,0.927335640138408,0.761194029850746,0.844264834994577,0.895505173096455,0.900582298380649,0.848101265822785,0.879310344827586,0.589795918367347
driver_mutation,THCA,BRAF,2,0.934256055363322,0.73134328358209,0.832799669472706,0.891666236292586,0.905210001989813,0.833333333333333,0.885542168674699,0.589795918367347
driver_mutation,THCA,BRAF,3,0.910034602076125,0.741293532338308,0.825664067207216,0.882490660882439,0.889352393131096,0.834920634920635,0.851428571428571,0.589795918367347
driver_mutation,THCA,BRAF,4,0.923875432525952,0.756218905472637,0.840047168999294,0.90089345659247,0.89660631982335,0.84493670886076,0.873563218390805,0.589795918367347
driver_mutation,THCA,BRAF,5,0.927335640138408,0.736318407960199,0.831827024049304,0.896934015045878,0.900338322108801,0.834890965732087,0.875739644970414,0.589795918367347
driver_mutation,THCA,NRAS,1,0.358974358974359,0.946784922394679,0.652879640684519,0.819773722212747,0.425634663390017,0.368421052631579,0.944690265486726,0.0795918367346939
driver_mutation,THCA,NRAS,2,0.435897435897436,0.957871396895787,0.696884416396611,0.795667746887259,0.426628683978978,0.472222222222222,0.951541850220264,0.0795918367346939
driver_mutation,THCA,NRAS,3,0.358974358974359,0.962305986696231,0.660640172835295,0.828074364659731,0.3216111723177,0.451612903225806,0.945533769063181,0.0795918367346939
driver_mutation,THCA,NRAS,4,0.384615384615385,0.955654101995565,0.670134743305475,0.776394337369947,0.357969650110005,0.428571428571429,0.947252747252747,0.0795918367346939
driver_mutation,THCA,NRAS,5,0.41025641025641,0.960088691796009,0.68517255102621,0.83921769287623,0.400108671808075,0.470588235294118,0.949561403508772,0.0795918367346939
driver_mutation,THYM,GTF2I,1,0.898305084745763,0.852459016393443,0.875382050569603,0.910252848013337,0.869148533543876,0.854838709677419,0.896551724137931,0.491666666666667
driver_mutation,THYM,GTF2I,2,0.88135593220339,0.868852459016394,0.875104195609892,0.898582939705474,0.847967022708161,0.866666666666667,0.883333333333333,0.491666666666667
driver_mutation,THYM,GTF2I,3,0.864406779661017,0.786885245901639,0.825646012781328,0.872742428452348,0.82910425706593,0.796875,0.857142857142857,0.491666666666667
driver_mutation,THYM,GTF2I,4,0.864406779661017,0.836065573770492,0.850236176715755,0.917199222006113,0.910582462111041,0.836065573770492,0.864406779661017,0.491666666666667
driver_mutation,THYM,GTF2I,5,0.949152542372881,0.836065573770492,0.892609058071687,0.909697138093915,0.879235932777384,0.848484848484848,0.944444444444444,0.491666666666667
driver_mutation,UCEC,ARID1A,1,0.494318181818182,0.80064308681672,0.647480634317451,0.7106657410114,0.577573683224213,0.583892617449665,0.736686390532544,0.361396303901437
driver_mutation,UCEC,ARID1A,2,0.505681818181818,0.77491961414791,0.640300716164864,0.71322347266881,0.548853372104642,0.559748427672956,0.734756097560976,0.361396303901437
driver_mutation,UCEC,ARID1A,3,0.528409090909091,0.794212218649518,0.661310654779304,0.728697749196142,0.605694381373697,0.592356687898089,0.748484848484849,0.361396303901437
driver_mutation,UCEC,ARID1A,4,0.471590909090909,0.755627009646302,0.613608959368606,0.72292458345513,0.591745713702112,0.522012578616352,0.716463414634146,0.361396303901437
driver_mutation,UCEC,ARID1A,5,0.505681818181818,0.790996784565916,0.648339301373867,0.723162087109032,0.567847392738575,0.577922077922078,0.738738738738739,0.361396303901437
driver_mutation,UCEC,ATM,1,0.337837837837838,0.917675544794189,0.627756691316013,0.751521497284209,0.389459997232833,0.423728813559322,0.885514018691589,0.151950718685832
driver_mutation,UCEC,ATM,2,0.27027027027027,0.922518159806295,0.596394215038283,0.715365486551927,0.357112992104797,0.384615384615385,0.875862068965517,0.151950718685832
driver_mutation,UCEC,ATM,3,0.337837837837838,0.932203389830508,0.635020613834173,0.747496891564688,0.409698717681189,0.471698113207547,0.887096774193548,0.151950718685832
driver_mutation,UCEC,ATM,4,0.27027027027027,0.927360774818402,0.598815522544336,0.680910935148223,0.341689313408705,0.4,0.876430205949657,0.151950718685832
driver_mutation,UCEC,ATM,5,0.27027027027027,0.927360774818402,0.598815522544336,0.669687847653949,0.294507191491263,0.4,0.876430205949657,0.151950718685832
driver_mutation,UCEC,CTNNB1,1,0.350515463917526,0.841025641025641,0.595770552471583,0.673936029606133,0.340004357258474,0.354166666666667,0.838874680306905,0.19917864476386
driver_mutation,UCEC,CTNNB1,2,0.360824742268041,0.846153846153846,0.603489294210944,0.649801744647106,0.317996029955404,0.368421052631579,0.841836734693878,0.19917864476386
driver_mutation,UCEC,CTNNB1,3,0.360824742268041,0.851282051282051,0.606053396775046,0.675865715040973,0.340225766377952,0.376344086021505,0.842639593908629,0.19917864476386
driver_mutation,UCEC,CTNNB1,4,0.422680412371134,0.861538461538462,0.642109436954798,0.68842188739096,0.353391527536222,0.431578947368421,0.857142857142857,0.19917864476386
driver_mutation,UCEC,CTNNB1,5,0.329896907216495,0.864102564102564,0.59699973565953,0.666005815490352,0.335514625306154,0.376470588235294,0.838308457711443,0.19917864476386
driver_mutation,UCEC,PTEN,1,0.800766283524904,0.663716814159292,0.732241548842098,0.800444173193639,0.773234627262491,0.733333333333333,0.742574257425743,0.535934291581109
driver_mutation,UCEC,PTEN,2,0.789272030651341,0.646017699115044,0.717644864883193,0.78672905435188,0.787705485322924,0.72027972027972,0.72636815920398,0.535934291581109
driver_mutation,UCEC,PTEN,3,0.78544061302682,0.68141592920354,0.73342827111518,0.804411216220798,0.792754760601835,0.740072202166065,0.733333333333333,0.535934291581109
driver_mutation,UCEC,PTEN,4,0.793103448275862,0.699115044247788,0.746109246261825,0.808734275929882,0.793907498562615,0.752727272727273,0.745283018867925,0.535934291581109
driver_mutation,UCEC,PTEN,5,0.770114942528736,0.68141592920354,0.725765435866138,0.805360594039264,0.793962521890234,0.736263736263736,0.719626168224299,0.535934291581109
driver_mutation,UCEC,TP53,1,0.6,0.879518072289157,0.739759036144578,0.826603186941314,0.711868403913753,0.699248120300752,0.824858757062147,0.318275154004107
driver_mutation,UCEC,TP53,2,0.632258064516129,0.867469879518072,0.749863972017101,0.817061795569374,0.67670039788501,0.690140845070423,0.834782608695652,0.318275154004107
driver_mutation,UCEC,TP53,3,0.619354838709677,0.876506024096386,0.747930431403032,0.835775359502526,0.72897478472108,0.700729927007299,0.831428571428571,0.318275154004107
driver_mutation,UCEC,TP53,4,0.574193548387097,0.86144578313253,0.717819665759814,0.808239409249903,0.670601220666199,0.659259259259259,0.8125,0.318275154004107
driver_mutation,UCEC,TP53,5,0.593548387096774,0.88855421686747,0.741051301982122,0.815720948309367,0.707236204293014,0.713178294573643,0.824022346368715,0.318275154004107
driver_mutation,UVM,GNA11,1,0.5,0.681818181818182,0.590909090909091,0.554924242424242,0.513315796085852,0.5625,0.625,0.45
driver_mutation,UVM,GNA11,2,0.611111111111111,0.681818181818182,0.646464646464646,0.642676767676768,0.584460305201588,0.611111111111111,0.681818181818182,0.45
driver_mutation,UVM,GNA11,3,0.5,0.681818181818182,0.590909090909091,0.587121212121212,0.561632856692958,0.5625,0.625,0.45
driver_mutation,UVM,GNA11,4,0.583333333333333,0.613636363636364,0.598484848484849,0.63510101010101,0.600855392757503,0.552631578947369,0.642857142857143,0.45
driver_mutation,UVM,GNA11,5,0.555555555555556,0.659090909090909,0.607323232323232,0.632575757575758,0.609678650950201,0.571428571428571,0.644444444444445,0.45
fusion,LGG,Any called fusion,1,0.669491525423729,0.737051792828685,0.703271659126207,0.76564926733743,0.74173015868412,0.705357142857143,0.703422053231939,0.484599589322382
fusion,LGG,Any called fusion,2,0.652542372881356,0.764940239043825,0.70874130596259,0.758069417246269,0.744853356980906,0.723004694835681,0.700729927007299,0.484599589322382
fusion,LGG,Any called fusion,3,0.677966101694915,0.737051792828685,0.7075089472618,0.763454655952461,0.733742527306662,0.707964601769912,0.708812260536399,0.484599589322382
fusion,LGG,Any called fusion,4,0.673728813559322,0.760956175298805,0.717342494429063,0.769667094334526,0.74475111977653,0.726027397260274,0.712686567164179,0.484599589322382
fusion,LGG,Any called fusion,5,0.669491525423729,0.721115537848606,0.695303531636167,0.75901478830441,0.724606448776161,0.692982456140351,0.698841698841699,0.484599589322382
fusion,PRAD,Fusion pair: TMPRSS2--ERG,1,0.547169811320755,0.705394190871369,0.626282001096062,0.675670033142827,0.535971928471463,0.550632911392405,0.702479338842975,0.3975
fusion,PRAD,Fusion pair: TMPRSS2--ERG,2,0.484276729559749,0.692946058091286,0.588611393825517,0.673008168271615,0.550546082360039,0.509933774834437,0.670682730923695,0.3975
fusion,PRAD,Fusion pair: TMPRSS2--ERG,3,0.572327044025157,0.734439834024896,0.653383439025027,0.694381377384587,0.561807715401113,0.587096774193548,0.722448979591837,0.3975
fusion,PRAD,Fusion pair: TMPRSS2--ERG,4,0.654088050314465,0.734439834024896,0.694263942169681,0.724366502257366,0.574358651040748,0.619047619047619,0.762931034482759,0.3975
fusion,PRAD,Fusion pair: TMPRSS2--ERG,5,0.559748427672956,0.742738589211618,0.651243508442287,0.701949424567447,0.565117601287231,0.589403973509934,0.718875502008032,0.3975
fusion,SARC,Any called fusion,1,0.847222222222222,0.333333333333333,0.590277777777778,0.679655349794239,0.919599973513947,0.884057971014493,0.266666666666667,0.857142857142857
fusion,SARC,Any called fusion,2,0.893518518518519,0.194444444444444,0.543981481481481,0.660108024691358,0.914961687409903,0.869369369369369,0.233333333333333,0.857142857142857
fusion,SARC,Any called fusion,3,0.902777777777778,0.25,0.576388888888889,0.60326646090535,0.891873309128998,0.878378378378378,0.3,0.857142857142857
fusion,SARC,Any called fusion,4,0.851851851851852,0.361111111111111,0.606481481481482,0.63695987654321,0.907934553699543,0.888888888888889,0.288888888888889,0.857142857142857
fusion,SARC,Any called fusion,5,0.893518518518519,0.361111111111111,0.627314814814815,0.638117283950617,0.903916770599892,0.893518518518519,0.361111111111111,0.857142857142857
fusion,THCA,Any called fusion,1,0.420289855072464,0.843406593406593,0.631848224239529,0.658584169453735,0.467014157622346,0.504347826086957,0.79328165374677,0.274900398406375
fusion,THCA,Any called fusion,2,0.463768115942029,0.840659340659341,0.652213728300685,0.71074215639433,0.481674990279291,0.524590163934426,0.805263157894737,0.274900398406375
fusion,THCA,Any called fusion,3,0.420289855072464,0.843406593406593,0.631848224239529,0.654662366618888,0.442057328806109,0.504347826086957,0.79328165374677,0.274900398406375
fusion,THCA,Any called fusion,4,0.434782608695652,0.851648351648352,0.643215480172002,0.674490364707756,0.464470778999037,0.526315789473684,0.798969072164949,0.274900398406375
fusion,THCA,Any called fusion,5,0.405797101449275,0.85989010989011,0.632843605669693,0.669075489727664,0.450244186488286,0.523364485981308,0.792405063291139,0.274900398406375
fusion,THCA,Fusion pair: CCDC6--RET,1,0.285714285714286,0.977130977130977,0.631422631422631,0.766854766854767,0.330412398179999,0.352941176470588,0.969072164948454,0.0418326693227092
fusion,THCA,Fusion pair: CCDC6--RET,2,0.428571428571429,0.985446985446985,0.707009207009207,0.851796851796852,0.49472503352796,0.5625,0.975308641975309,0.0418326693227092
fusion,THCA,Fusion pair: CCDC6--RET,3,0.285714285714286,0.979209979209979,0.632462132462132,0.803088803088803,0.330824046164567,0.375,0.969135802469136,0.0418326693227092
fusion,THCA,Fusion pair: CCDC6--RET,4,0.333333333333333,0.972972972972973,0.653153153153153,0.803088803088803,0.298793238433066,0.35,0.970954356846473,0.0418326693227092
fusion,THCA,Fusion pair: CCDC6--RET,5,0.476190476190476,0.983367983367983,0.72977922977923,0.851400851400851,0.489094103820406,0.555555555555556,0.977272727272727,0.0418326693227092
fusion,UCEC,Any called fusion,1,0.775,0.780821917808219,0.77791095890411,0.818835616438356,0.80304036183306,0.794871794871795,0.76,0.522875816993464
fusion,UCEC,Any called fusion,2,0.7625,0.767123287671233,0.764811643835616,0.773801369863014,0.748693821703098,0.782051282051282,0.746666666666667,0.522875816993464
fusion,UCEC,Any called fusion,3,0.7625,0.753424657534247,0.757962328767123,0.802739726027397,0.777307932187632,0.772151898734177,0.743243243243243,0.522875816993464
fusion,UCEC,Any called fusion,4,0.75,0.821917808219178,0.785958904109589,0.833390410958904,0.830685189724177,0.821917808219178,0.75,0.522875816993464
fusion,UCEC,Any called fusion,5,0.7375,0.780821917808219,0.75916095890411,0.825171232876712,0.789810076441521,0.786666666666667,0.730769230769231,0.522875816993464
microsatellite_instability,COAD,MSI-H (MANTIS >0.4),1,0.486486486486487,0.924290220820189,0.705388353653338,0.806377355273254,0.574935859251295,0.6,0.885196374622356,0.18925831202046
microsatellite_instability,COAD,MSI-H (MANTIS >0.4),2,0.513513513513514,0.952681388012618,0.733097450763066,0.845127461846705,0.667287054079297,0.716981132075472,0.893491124260355,0.18925831202046
microsatellite_instability,COAD,MSI-H (MANTIS >0.4),3,0.527027027027027,0.943217665615142,0.735122346321085,0.832850200358087,0.653622308649982,0.68421052631579,0.895209580838323,0.18925831202046
microsatellite_instability,COAD,MSI-H (MANTIS >0.4),4,0.527027027027027,0.933753943217665,0.730390485122346,0.815841077670731,0.603706124599052,0.65,0.894259818731118,0.18925831202046
microsatellite_instability,COAD,MSI-H (MANTIS >0.4),5,0.554054054054054,0.933753943217665,0.74390399863586,0.820359791968625,0.63059497146669,0.661290322580645,0.899696048632219,0.18925831202046
microsatellite_instability,STAD,MSI-H (MANTIS >0.4),1,0.523809523809524,0.915584415584416,0.71969696969697,0.856421356421356,0.514530832272217,0.559322033898305,0.903846153846154,0.169811320754717
microsatellite_instability,STAD,MSI-H (MANTIS >0.4),2,0.603174603174603,0.912337662337662,0.757756132756133,0.859719645433931,0.550417553942154,0.584615384615385,0.918300653594771,0.169811320754717
microsatellite_instability,STAD,MSI-H (MANTIS >0.4),3,0.587301587301587,0.905844155844156,0.746572871572872,0.858379715522573,0.570271029007331,0.560606060606061,0.914754098360656,0.169811320754717
microsatellite_instability,STAD,MSI-H (MANTIS >0.4),4,0.53968253968254,0.912337662337662,0.726010101010101,0.863121005978149,0.587072156779326,0.557377049180328,0.906451612903226,0.169811320754717
microsatellite_instability,STAD,MSI-H (MANTIS >0.4),5,0.53968253968254,0.899350649350649,0.719516594516595,0.818336425479283,0.49586366865057,0.523076923076923,0.905228758169935,0.169811320754717
microsatellite_instability,UCEC,MSI-H (MANTIS >0.4),1,0.52258064516129,0.840361445783133,0.681471045472212,0.743062572872134,0.569925278751853,0.604477611940299,0.790368271954674,0.318275154004107
microsatellite_instability,UCEC,MSI-H (MANTIS >0.4),2,0.483870967741936,0.783132530120482,0.633501748931209,0.685192382432958,0.465949117579739,0.510204081632653,0.764705882352941,0.318275154004107
microsatellite_instability,UCEC,MSI-H (MANTIS >0.4),3,0.464516129032258,0.828313253012048,0.646414691022153,0.716537116206763,0.536776690689506,0.558139534883721,0.768156424581006,0.318275154004107
microsatellite_instability,UCEC,MSI-H (MANTIS >0.4),4,0.438709677419355,0.828313253012048,0.633511465215702,0.713330742324135,0.541674086977903,0.544,0.759668508287293,0.318275154004107
microsatellite_instability,UCEC,MSI-H (MANTIS >0.4),5,0.503225806451613,0.843373493975904,0.673299650213758,0.740808394869802,0.579144330819942,0.6,0.784313725490196,0.318275154004107
microsatellite_instability_sensitivity,COAD,MSI-H strict (MANTIS >0.6),1,0.596491228070175,0.949526813880126,0.773009020975151,0.895068902540262,0.7009368206316,0.68,0.929012345679012,0.152406417112299
microsatellite_instability_sensitivity,COAD,MSI-H strict (MANTIS >0.6),2,0.56140350877193,0.958990536277603,0.760197022524766,0.907355138635232,0.712447902416563,0.711111111111111,0.924012158054711,0.152406417112299
microsatellite_instability_sensitivity,COAD,MSI-H strict (MANTIS >0.6),3,0.631578947368421,0.958990536277603,0.795284741823012,0.924622281255188,0.73848530227059,0.73469387755102,0.935384615384615,0.152406417112299
microsatellite_instability_sensitivity,COAD,MSI-H strict (MANTIS >0.6),4,0.56140350877193,0.958990536277603,0.760197022524766,0.890309369638608,0.700664605902518,0.711111111111111,0.924012158054711,0.152406417112299
microsatellite_instability_sensitivity,COAD,MSI-H strict (MANTIS >0.6),5,0.614035087719298,0.955835962145111,0.784935524932204,0.891637611378604,0.718310011260791,0.714285714285714,0.932307692307692,0.152406417112299
microsatellite_instability_sensitivity,STAD,MSI-H strict (MANTIS >0.6),1,0.589285714285714,0.918831168831169,0.754058441558442,0.864969851576995,0.546588918490873,0.568965517241379,0.92483660130719,0.153846153846154
microsatellite_instability_sensitivity,STAD,MSI-H strict (MANTIS >0.6),2,0.553571428571429,0.918831168831169,0.736201298701299,0.816906307977737,0.507369231995064,0.553571428571429,0.918831168831169,0.153846153846154
microsatellite_instability_sensitivity,STAD,MSI-H strict (MANTIS >0.6),3,0.589285714285714,0.941558441558442,0.765422077922078,0.901032003710575,0.616800888452196,0.647058823529412,0.926517571884984,0.153846153846154
microsatellite_instability_sensitivity,STAD,MSI-H strict (MANTIS >0.6),4,0.517857142857143,0.925324675324675,0.721590909090909,0.838937847866419,0.560496294778231,0.557692307692308,0.913461538461539,0.153846153846154
microsatellite_instability_sensitivity,STAD,MSI-H strict (MANTIS >0.6),5,0.571428571428571,0.905844155844156,0.738636363636364,0.863056586270872,0.577875119428804,0.524590163934426,0.920792079207921,0.153846153846154
microsatellite_instability_sensitivity,UCEC,MSI-H strict (MANTIS >0.6),1,0.5,0.846385542168675,0.673192771084337,0.744686292339168,0.514372617058784,0.509615384615385,0.841317365269461,0.242009132420091
microsatellite_instability_sensitivity,UCEC,MSI-H strict (MANTIS >0.6),2,0.509433962264151,0.858433734939759,0.683933848601955,0.754745396681064,0.494300600722686,0.534653465346535,0.845697329376855,0.242009132420091
microsatellite_instability_sensitivity,UCEC,MSI-H strict (MANTIS >0.6),3,0.547169811320755,0.843373493975904,0.695271652648329,0.757047056149125,0.507457604461172,0.527272727272727,0.853658536585366,0.242009132420091
microsatellite_instability_sensitivity,UCEC,MSI-H strict (MANTIS >0.6),4,0.471698113207547,0.876506024096386,0.674102068651966,0.764491929984087,0.545856731986194,0.54945054945055,0.838616714697406,0.242009132420091
microsatellite_instability_sensitivity,UCEC,MSI-H strict (MANTIS >0.6),5,0.547169811320755,0.849397590361446,0.6982837008411,0.763241645828598,0.546143471079175,0.537037037037037,0.854545454545455,0.242009132420091
oncogenic_pathway,ACC,WNT,1,0.5,0.606060606060606,0.553030303030303,0.562121212121212,0.447060769651907,0.434782608695652,0.666666666666667,0.377358490566038
oncogenic_pathway,ACC,WNT,2,0.45,0.727272727272727,0.588636363636364,0.7,0.620937957856955,0.5,0.685714285714286,0.377358490566038
oncogenic_pathway,ACC,WNT,3,0.6,0.727272727272727,0.663636363636364,0.73030303030303,0.579798267948723,0.571428571428571,0.75,0.377358490566038
oncogenic_pathway,ACC,WNT,4,0.45,0.696969696969697,0.573484848484848,0.639393939393939,0.53269815478639,0.473684210526316,0.676470588235294,0.377358490566038
oncogenic_pathway,ACC,WNT,5,0.5,0.727272727272727,0.613636363636364,0.693939393939394,0.61014465311117,0.526315789473684,0.705882352941177,0.377358490566038
oncogenic_pathway,BLCA,TP53,1,0.767241379310345,0.432624113475177,0.599932746392761,0.653338224504769,0.743690225930653,0.689922480620155,0.530434782608696,0.621983914209115
oncogenic_pathway,BLCA,TP53,2,0.831896551724138,0.439716312056738,0.635806431890438,0.684122034727317,0.754978747492744,0.709558823529412,0.613861386138614,0.621983914209115
oncogenic_pathway,BLCA,TP53,3,0.818965517241379,0.453900709219858,0.636433113230619,0.67761066275373,0.756343869238534,0.711610486891386,0.60377358490566,0.621983914209115
oncogenic_pathway,BLCA,TP53,4,0.849137931034483,0.446808510638298,0.64797322083639,0.712888236732698,0.785416868204668,0.716363636363636,0.642857142857143,0.621983914209115
oncogenic_pathway,BLCA,TP53,5,0.84051724137931,0.439716312056738,0.640116776718024,0.689013206162876,0.759673073307334,0.711678832116788,0.626262626262626,0.621983914209115
oncogenic_pathway,BRCA,TP53,1,0.661327231121281,0.805940594059406,0.733633912590344,0.798173867730022,0.794618524789548,0.746770025839793,0.733333333333333,0.463906581740977
oncogenic_pathway,BRCA,TP53,2,0.679633867276888,0.80990099009901,0.744767428687949,0.81335387543331,0.802440712607616,0.755725190839695,0.744990892531876,0.463906581740977
oncogenic_pathway,BRCA,TP53,3,0.672768878718536,0.80990099009901,0.741334934408773,0.803955864694021,0.791527689354676,0.753846153846154,0.740942028985507,0.463906581740977
oncogenic_pathway,BRCA,TP53,4,0.677345537757437,0.807920792079208,0.742633164918323,0.811790561207151,0.799882957098476,0.753180661577608,0.743169398907104,0.463906581740977
oncogenic_pathway,BRCA,TP53,5,0.65675057208238,0.807920792079208,0.732335682080794,0.807898135351292,0.798102554889208,0.747395833333333,0.731182795698925,0.463906581740977
oncogenic_pathway,COAD,MYC,1,0.316455696202532,0.864754098360656,0.590604897281594,0.668914712595974,0.384548422934161,0.431034482758621,0.79622641509434,0.244582043343653
oncogenic_pathway,COAD,MYC,2,0.329113924050633,0.905737704918033,0.617425814484333,0.686086324963685,0.421125967982439,0.530612244897959,0.806569343065693,0.244582043343653
oncogenic_pathway,COAD,MYC,3,0.265822784810127,0.897540983606558,0.581681884208342,0.630525005187798,0.366134687615414,0.456521739130435,0.790613718411552,0.244582043343653
oncogenic_pathway,COAD,MYC,4,0.278481012658228,0.881147540983607,0.579814276820917,0.630213737289894,0.352670153891066,0.431372549019608,0.790441176470588,0.244582043343653
oncogenic_pathway,COAD,MYC,5,0.278481012658228,0.868852459016394,0.573666735837311,0.620771944386802,0.351191730197893,0.407407407407407,0.788104089219331,0.244582043343653
oncogenic_pathway,COAD,TP53,1,0.831730769230769,0.452173913043478,0.641952341137124,0.723620401337793,0.815394281416912,0.733050847457627,0.597701149425287,0.643962848297214
oncogenic_pathway,COAD,TP53,2,0.855769230769231,0.51304347826087,0.68440635451505,0.745777591973244,0.829330427815,0.760683760683761,0.662921348314607,0.643962848297214
oncogenic_pathway,COAD,TP53,3,0.850961538461539,0.521739130434783,0.686350334448161,0.747742474916388,0.822046341545919,0.762931034482759,0.659340659340659,0.643962848297214
oncogenic_pathway,COAD,TP53,4,0.802884615384615,0.547826086956522,0.675355351170569,0.714506688963211,0.793512917094773,0.762557077625571,0.605769230769231,0.643962848297214
oncogenic_pathway,COAD,TP53,5,0.860576923076923,0.495652173913044,0.678114548494983,0.737583612040134,0.815851746519409,0.755274261603376,0.662790697674419,0.643962848297214
oncogenic_pathway,GBM,TP53,1,0.605263157894737,0.545454545454545,0.575358851674641,0.648325358851675,0.72763257282114,0.605263157894737,0.545454545454545,0.535211267605634
oncogenic_pathway,GBM,TP53,2,0.631578947368421,0.666666666666667,0.649122807017544,0.676236044657097,0.712083145635709,0.685714285714286,0.611111111111111,0.535211267605634
oncogenic_pathway,GBM,TP53,3,0.68421052631579,0.636363636363636,0.660287081339713,0.724082934609251,0.753908640121974,0.68421052631579,0.636363636363636,0.535211267605634
oncogenic_pathway,GBM,TP53,4,0.657894736842105,0.727272727272727,0.692583732057416,0.712121212121212,0.735675034959411,0.735294117647059,0.648648648648649,0.535211267605634
oncogenic_pathway,GBM,TP53,5,0.763157894736842,0.727272727272727,0.745215311004785,0.770334928229665,0.747860874189527,0.763157894736842,0.727272727272727,0.535211267605634
oncogenic_pathway,HNSC,TP53,1,0.868589743589744,0.35,0.609294871794872,0.651794871794872,0.823966711176417,0.806547619047619,0.460526315789474,0.757281553398058
oncogenic_pathway,HNSC,TP53,2,0.900641025641026,0.39,0.645320512820513,0.685064102564103,0.841424438451622,0.821637426900585,0.557142857142857,0.757281553398058
oncogenic_pathway,HNSC,TP53,3,0.897435897435897,0.34,0.618717948717949,0.638173076923077,0.826540417006449,0.809248554913295,0.515151515151515,0.757281553398058
oncogenic_pathway,HNSC,TP53,4,0.891025641025641,0.39,0.640512820512821,0.718044871794872,0.875351690534419,0.820058997050148,0.534246575342466,0.757281553398058
oncogenic_pathway,HNSC,TP53,5,0.891025641025641,0.37,0.630512820512821,0.680929487179487,0.847767690723027,0.81524926686217,0.52112676056338,0.757281553398058
oncogenic_pathway,KIRP,Cell Cycle,1,0.483870967741936,0.952830188679245,0.71835057821059,0.82318928788801,0.461729291508631,0.6,0.926605504587156,0.127572016460905
oncogenic_pathway,KIRP,Cell Cycle,2,0.516129032258065,0.952830188679245,0.734479610468655,0.861229458307973,0.629728183783161,0.615384615384615,0.930875576036866,0.127572016460905
oncogenic_pathway,KIRP,Cell Cycle,3,0.580645161290323,0.929245283018868,0.754945222154595,0.837035909920876,0.565042570067185,0.545454545454545,0.938095238095238,0.127572016460905
oncogenic_pathway,KIRP,Cell Cycle,4,0.516129032258065,0.929245283018868,0.722687157638466,0.813451004260499,0.566530019889482,0.516129032258065,0.929245283018868,0.127572016460905
oncogenic_pathway,KIRP,Cell Cycle,5,0.548387096774194,0.938679245283019,0.743533171028606,0.826993304930006,0.549876297534758,0.566666666666667,0.934272300469484,0.127572016460905
oncogenic_pathway,LGG,Cell Cycle,1,0.425641025641026,0.814946619217082,0.620293822429054,0.655005018706086,0.583105071180249,0.614814814814815,0.671554252199413,0.409663865546218
oncogenic_pathway,LGG,Cell Cycle,2,0.466666666666667,0.807829181494662,0.637247924080664,0.666265170179761,0.593584932981876,0.627586206896552,0.685800604229607,0.409663865546218
oncogenic_pathway,LGG,Cell Cycle,3,0.41025641025641,0.786476868327402,0.598366639291906,0.6114244000365,0.544604398443918,0.571428571428571,0.657738095238095,0.409663865546218
oncogenic_pathway,LGG,Cell Cycle,4,0.420512820512821,0.814946619217082,0.617729719864951,0.626334519572954,0.5527139237408,0.611940298507463,0.669590643274854,0.409663865546218
oncogenic_pathway,LGG,Cell Cycle,5,0.461538461538462,0.729537366548043,0.595537914043252,0.620677069075646,0.54610176849886,0.542168674698795,0.661290322580645,0.409663865546218
oncogenic_pathway,LGG,HIPPO,1,0.934036939313984,0.696078431372549,0.815057685343266,0.893786538362047,0.953177283093144,0.919480519480519,0.739583333333333,0.787941787941788
oncogenic_pathway,LGG,HIPPO,2,0.952506596306069,0.705882352941177,0.829194474623623,0.897020021729008,0.956088101330552,0.923273657289003,0.8,0.787941787941788
oncogenic_pathway,LGG,HIPPO,3,0.941952506596306,0.686274509803922,0.814113508200114,0.867375446220705,0.941227233989248,0.917737789203085,0.760869565217391,0.787941787941788
oncogenic_pathway,LGG,HIPPO,4,0.947229551451187,0.676470588235294,0.811850069843241,0.889518340317657,0.959816516307768,0.915816326530612,0.775280898876405,0.787941787941788
oncogenic_pathway,LGG,HIPPO,5,0.926121372031662,0.676470588235294,0.801295980133478,0.859045993067412,0.934322472097234,0.9140625,0.711340206185567,0.787941787941788
oncogenic_pathway,LGG,RTK RAS,1,0.474074074074074,0.893063583815029,0.683568828944552,0.757418111753372,0.606366074963574,0.633663366336634,0.813157894736842,0.280665280665281
oncogenic_pathway,LGG,RTK RAS,2,0.42962962962963,0.869942196531792,0.649785913080711,0.703018625561978,0.492940036828351,0.563106796116505,0.796296296296296,0.280665280665281
oncogenic_pathway,LGG,RTK RAS,3,0.451851851851852,0.88150289017341,0.666677371012631,0.717019910083494,0.552704418732633,0.598039215686275,0.804749340369393,0.280665280665281
oncogenic_pathway,LGG,RTK RAS,4,0.503703703703704,0.864161849710983,0.683932776707343,0.734296724470135,0.547132280460696,0.591304347826087,0.816939890710383,0.280665280665281
oncogenic_pathway,LGG,RTK RAS,5,0.474074074074074,0.898843930635838,0.686459002354956,0.758616998501392,0.597764288552024,0.646464646464647,0.81413612565445,0.280665280665281
oncogenic_pathway,LGG,TGF-Beta,1,0.415384615384615,0.837606837606838,0.626495726495727,0.715121630506246,0.452000077877178,0.486486486486487,0.794594594594595,0.27027027027027
oncogenic_pathway,LGG,TGF-Beta,2,0.446153846153846,0.831908831908832,0.639031339031339,0.725925925925926,0.457460977557694,0.495726495726496,0.802197802197802,0.27027027027027
oncogenic_pathway,LGG,TGF-Beta,3,0.392307692307692,0.843304843304843,0.617806267806268,0.712886259040105,0.450630490957617,0.481132075471698,0.789333333333333,0.27027027027027
oncogenic_pathway,LGG,TGF-Beta,4,0.407692307692308,0.84045584045584,0.624074074074074,0.728183212798597,0.48693003141442,0.486238532110092,0.793010752688172,0.27027027027027
oncogenic_pathway,LGG,TGF-Beta,5,0.469230769230769,0.792022792022792,0.630626780626781,0.729169406092483,0.478334731500324,0.455223880597015,0.801152737752161,0.27027027027027
oncogenic_pathway,LGG,TP53,1,0.818548387096774,0.858369098712446,0.83845874290461,0.887356361622594,0.883093769731259,0.860169491525424,0.816326530612245,0.515592515592516
oncogenic_pathway,LGG,TP53,2,0.798387096774194,0.879828326180258,0.839107711477226,0.880468641838571,0.871767348452431,0.876106194690266,0.803921568627451,0.515592515592516
oncogenic_pathway,LGG,TP53,3,0.818548387096774,0.849785407725322,0.834166897411048,0.883618302644331,0.88708344807135,0.852941176470588,0.814814814814815,0.515592515592516
oncogenic_pathway,LGG,TP53,4,0.818548387096774,0.858369098712446,0.83845874290461,0.878478471549218,0.880640162344159,0.860169491525424,0.816326530612245,0.515592515592516
oncogenic_pathway,LGG,TP53,5,0.794354838709677,0.841201716738197,0.817778277723937,0.883427938529697,0.866462448383573,0.841880341880342,0.793522267206478,0.515592515592516
oncogenic_pathway,LGG,WNT,1,0.572519083969466,0.865714285714286,0.719116684841876,0.804318429661941,0.587681263425044,0.614754098360656,0.844011142061281,0.272349272349272
oncogenic_pathway,LGG,WNT,2,0.541984732824428,0.885714285714286,0.713849509269357,0.782290076335878,0.562119221382313,0.63963963963964,0.837837837837838,0.272349272349272
oncogenic_pathway,LGG,WNT,3,0.580152671755725,0.891428571428572,0.735790621592148,0.845103598691385,0.641310476512584,0.666666666666667,0.850136239782016,0.272349272349272
oncogenic_pathway,LGG,WNT,4,0.580152671755725,0.86,0.720076335877863,0.80525627044711,0.617428621763292,0.608,0.845505617977528,0.272349272349272
oncogenic_pathway,LGG,WNT,5,0.564885496183206,0.86,0.712442748091603,0.80649945474373,0.564058362089987,0.601626016260163,0.840782122905028,0.272349272349272
oncogenic_pathway,LIHC,Cell Cycle,1,0.853448275862069,0.476190476190476,0.664819376026273,0.715065681444992,0.814545218251333,0.782608695652174,0.595238095238095,0.688427299703264
oncogenic_pathway,LIHC,Cell Cycle,2,0.862068965517241,0.4,0.631034482758621,0.705008210180624,0.819608902717066,0.760456273764259,0.567567567567568,0.688427299703264
oncogenic_pathway,LIHC,Cell Cycle,3,0.797413793103448,0.476190476190476,0.636802134646962,0.648029556650246,0.775180836944454,0.770833333333333,0.515463917525773,0.688427299703264
oncogenic_pathway,LIHC,Cell Cycle,4,0.844827586206897,0.428571428571429,0.636699507389163,0.701231527093596,0.80559526389792,0.765625,0.555555555555556,0.688427299703264
oncogenic_pathway,LIHC,Cell Cycle,5,0.823275862068966,0.419047619047619,0.621161740558292,0.682512315270936,0.785783713430887,0.757936507936508,0.517647058823529,0.688427299703264
oncogenic_pathway,LIHC,TP53,1,0.433070866141732,0.780952380952381,0.607011623547057,0.631496062992126,0.499740929769938,0.544554455445545,0.694915254237288,0.376854599406528
oncogenic_pathway,LIHC,TP53,2,0.433070866141732,0.747619047619048,0.59034495688039,0.646569178852643,0.521714169745229,0.509259259259259,0.685589519650655,0.376854599406528
oncogenic_pathway,LIHC,TP53,3,0.385826771653543,0.842857142857143,0.614341957255343,0.685414323209599,0.574503947488753,0.597560975609756,0.694117647058824,0.376854599406528
oncogenic_pathway,LIHC,TP53,4,0.440944881889764,0.752380952380952,0.596662917135358,0.607349081364829,0.449116746388792,0.518518518518519,0.689956331877729,0.376854599406528
oncogenic_pathway,LIHC,TP53,5,0.448818897637795,0.776190476190476,0.612504686914136,0.645444319460068,0.516244959941282,0.548076923076923,0.699570815450644,0.376854599406528
oncogenic_pathway,LIHC,WNT,1,0.578231292517007,0.615789473684211,0.597010383100609,0.603043322592195,0.504738508876416,0.537974683544304,0.653631284916201,0.43620178041543
oncogenic_pathway,LIHC,WNT,2,0.551020408163265,0.668421052631579,0.609720730397422,0.626709631220909,0.558294370054486,0.5625,0.658031088082902,0.43620178041543
oncogenic_pathway,LIHC,WNT,3,0.503401360544218,0.642105263157895,0.572753311851056,0.584282133906194,0.494924555178427,0.52112676056338,0.625641025641026,0.43620178041543
oncogenic_pathway,LIHC,WNT,4,0.537414965986395,0.68421052631579,0.610812746151092,0.643000358037952,0.553778984975167,0.568345323741007,0.656565656565657,0.43620178041543
oncogenic_pathway,LIHC,WNT,5,0.537414965986395,0.621052631578947,0.579233798782671,0.612137486573577,0.519469972086683,0.52317880794702,0.634408602150538,0.43620178041543
oncogenic_pathway,LUAD,TP53,1,0.791970802919708,0.536723163841808,0.664346983380758,0.731184791125407,0.771199082038028,0.725752508361204,0.625,0.607538802660754
oncogenic_pathway,LUAD,TP53,2,0.781021897810219,0.548022598870056,0.664522248340138,0.71037980947668,0.753471208947631,0.727891156462585,0.617834394904459,0.607538802660754
oncogenic_pathway,LUAD,TP53,3,0.813868613138686,0.536723163841808,0.675295888490247,0.714338735617964,0.756087258186275,0.731147540983607,0.650684931506849,0.607538802660754
oncogenic_pathway,LUAD,TP53,4,0.799270072992701,0.548022598870056,0.673646335931379,0.722132871458617,0.754249272606274,0.732441471571906,0.638157894736842,0.607538802660754
oncogenic_pathway,LUAD,TP53,5,0.799270072992701,0.525423728813559,0.66234690090313,0.730586828322817,0.788326543941298,0.722772277227723,0.628378378378378,0.607538802660754
oncogenic_pathway,LUSC,NRF2,1,0.302752293577982,0.826347305389222,0.564549799483602,0.635032686919739,0.341449670043744,0.362637362637363,0.784090909090909,0.246049661399549
oncogenic_pathway,LUSC,NRF2,2,0.330275229357798,0.796407185628743,0.56334120749327,0.622452343020381,0.337554260672303,0.346153846153846,0.784660766961652,0.246049661399549
oncogenic_pathway,LUSC,NRF2,3,0.26605504587156,0.835329341317365,0.550692193594462,0.621820579025435,0.333203756054129,0.345238095238095,0.777158774373259,0.246049661399549
oncogenic_pathway,LUSC,NRF2,4,0.321100917431193,0.805389221556886,0.563245069494039,0.618194803054442,0.34159707707025,0.35,0.784256559766764,0.246049661399549
oncogenic_pathway,LUSC,NRF2,5,0.339449541284404,0.817365269461078,0.578407405372741,0.661731582706147,0.369937752730719,0.377551020408163,0.791304347826087,0.246049661399549
oncogenic_pathway,PCPG,Cell Cycle,1,0.434782608695652,0.893939393939394,0.664361001317523,0.739130434782609,0.390996967817621,0.416666666666667,0.900763358778626,0.148387096774194
oncogenic_pathway,PCPG,Cell Cycle,2,0.478260869565217,0.893939393939394,0.686100131752306,0.701581027667984,0.356967720085792,0.44,0.907692307692308,0.148387096774194
oncogenic_pathway,PCPG,Cell Cycle,3,0.304347826086957,0.924242424242424,0.61429512516469,0.701910408432148,0.34959038352323,0.411764705882353,0.884057971014493,0.148387096774194
oncogenic_pathway,PCPG,Cell Cycle,4,0.478260869565217,0.863636363636364,0.670948616600791,0.716073781291173,0.364264712234144,0.379310344827586,0.904761904761905,0.148387096774194
oncogenic_pathway,PCPG,Cell Cycle,5,0.304347826086957,0.916666666666667,0.610507246376812,0.706192358366271,0.343479636537694,0.388888888888889,0.883211678832117,0.148387096774194
oncogenic_pathway,PCPG,RTK RAS,1,0.423076923076923,0.783018867924528,0.603047895500726,0.662010159651669,0.432067250272424,0.488888888888889,0.734513274336283,0.329113924050633
oncogenic_pathway,PCPG,RTK RAS,2,0.480769230769231,0.820754716981132,0.650761973875181,0.689404934687954,0.46799207189945,0.568181818181818,0.763157894736842,0.329113924050633
oncogenic_pathway,PCPG,RTK RAS,3,0.538461538461538,0.764150943396226,0.651306240928883,0.726233671988389,0.53875746617382,0.528301886792453,0.771428571428571,0.329113924050633
oncogenic_pathway,PCPG,RTK RAS,4,0.519230769230769,0.745283018867925,0.632256894049347,0.667271407837446,0.475473212073116,0.5,0.759615384615385,0.329113924050633
oncogenic_pathway,PCPG,RTK RAS,5,0.557692307692308,0.764150943396226,0.660921625544267,0.746734397677794,0.602793305931665,0.537037037037037,0.778846153846154,0.329113924050633
oncogenic_pathway,SARC,RTK RAS,1,0.534883720930233,0.735294117647059,0.635088919288646,0.631070451436389,0.507358798271435,0.560975609756098,0.714285714285714,0.387387387387387
oncogenic_pathway,SARC,RTK RAS,2,0.465116279069768,0.764705882352941,0.614911080711354,0.652445280437757,0.529110494160856,0.555555555555556,0.693333333333333,0.387387387387387
oncogenic_pathway,SARC,RTK RAS,3,0.465116279069768,0.801470588235294,0.633293433652531,0.674760601915185,0.533339467775994,0.597014925373134,0.703225806451613,0.387387387387387
oncogenic_pathway,SARC,RTK RAS,4,0.337209302325581,0.779411764705882,0.558310533515732,0.612431600547196,0.47270357898793,0.491525423728814,0.650306748466258,0.387387387387387
oncogenic_pathway,SARC,RTK RAS,5,0.441860465116279,0.772058823529412,0.606959644322846,0.660396716826265,0.520090004734225,0.550724637681159,0.686274509803922,0.387387387387387
oncogenic_pathway,SARC,TP53,1,0.876712328767123,0.394736842105263,0.635724585436193,0.603010093727469,0.700841726377681,0.735632183908046,0.625,0.657657657657658
oncogenic_pathway,SARC,TP53,2,0.876712328767123,0.421052631578947,0.648882480173035,0.67006128334535,0.752169463194463,0.744186046511628,0.64,0.657657657657658
oncogenic_pathway,SARC,TP53,3,0.910958904109589,0.407894736842105,0.659426820475847,0.665915645277578,0.75215570058214,0.747191011235955,0.704545454545455,0.657657657657658
oncogenic_pathway,SARC,TP53,4,0.863013698630137,0.407894736842105,0.635454217736121,0.616798846431146,0.713308350459431,0.736842105263158,0.607843137254902,0.657657657657658
oncogenic_pathway,SARC,TP53,5,0.924657534246575,0.381578947368421,0.653118240807498,0.649963950973324,0.74035825013661,0.741758241758242,0.725,0.657657657657658
oncogenic_pathway,STAD,HIPPO,1,0.4,0.848249027237354,0.624124513618677,0.648415786548082,0.392895552239785,0.417910447761194,0.838461538461539,0.214067278287462
oncogenic_pathway,STAD,HIPPO,2,0.357142857142857,0.856031128404669,0.606586992773763,0.677709838799333,0.410345959451548,0.403225806451613,0.830188679245283,0.214067278287462
oncogenic_pathway,STAD,HIPPO,3,0.357142857142857,0.840466926070039,0.598804891606448,0.645747637576431,0.337005838630787,0.378787878787879,0.827586206896552,0.214067278287462
oncogenic_pathway,STAD,HIPPO,4,0.285714285714286,0.867704280155642,0.576709282934964,0.687937743190662,0.374624080557312,0.37037037037037,0.816849816849817,0.214067278287462
oncogenic_pathway,STAD,HIPPO,5,0.4,0.8715953307393,0.63579766536965,0.670872707059477,0.394920738172287,0.459016393442623,0.842105263157895,0.214067278287462
oncogenic_pathway,STAD,NOTCH,1,0.48,0.782178217821782,0.631089108910891,0.659920792079208,0.519883388950688,0.576923076923077,0.708520179372197,0.382262996941896
oncogenic_pathway,STAD,NOTCH,2,0.512,0.787128712871287,0.649564356435644,0.680356435643564,0.547263020989565,0.598130841121495,0.722727272727273,0.382262996941896
oncogenic_pathway,STAD,NOTCH,3,0.488,0.801980198019802,0.644990099009901,0.65750495049505,0.565858511037057,0.603960396039604,0.716814159292035,0.382262996941896
oncogenic_pathway,STAD,NOTCH,4,0.52,0.702970297029703,0.611485148514852,0.668554455445545,0.531598395111253,0.52,0.702970297029703,0.382262996941896
oncogenic_pathway,STAD,NOTCH,5,0.512,0.767326732673267,0.639663366336634,0.678019801980198,0.567873106923199,0.576576576576577,0.717592592592593,0.382262996941896
oncogenic_pathway,STAD,PI3K,1,0.43609022556391,0.731958762886598,0.584024494225254,0.610689093868692,0.491978830199189,0.527272727272727,0.654377880184332,0.406727828746177
oncogenic_pathway,STAD,PI3K,2,0.473684210526316,0.685567010309278,0.579625610417797,0.623323773350903,0.494638576398307,0.508064516129032,0.655172413793103,0.406727828746177
oncogenic_pathway,STAD,PI3K,3,0.451127819548872,0.706185567010309,0.578656693279591,0.59964343849314,0.501599900754582,0.512820512820513,0.652380952380952,0.406727828746177
oncogenic_pathway,STAD,PI3K,4,0.443609022556391,0.690721649484536,0.567165336020464,0.619293078055965,0.489388480860745,0.495798319327731,0.644230769230769,0.406727828746177
oncogenic_pathway,STAD,PI3K,5,0.345864661654135,0.664948453608247,0.505406557631191,0.568250523215255,0.461782471955654,0.414414414414414,0.597222222222222,0.406727828746177
oncogenic_pathway,STAD,RTK RAS,1,0.71875,0.474074074074074,0.596412037037037,0.673109567901235,0.746492662603721,0.660287081339713,0.542372881355932,0.587155963302752
oncogenic_pathway,STAD,RTK RAS,2,0.729166666666667,0.518518518518519,0.623842592592593,0.647685185185185,0.704698300086947,0.682926829268293,0.573770491803279,0.587155963302752
oncogenic_pathway,STAD,RTK RAS,3,0.755208333333333,0.533333333333333,0.644270833333333,0.689737654320988,0.741924199976659,0.697115384615385,0.605042016806723,0.587155963302752
oncogenic_pathway,STAD,RTK RAS,4,0.729166666666667,0.503703703703704,0.616435185185185,0.670679012345679,0.741926307857017,0.676328502415459,0.566666666666667,0.587155963302752
oncogenic_pathway,STAD,RTK RAS,5,0.75,0.474074074074074,0.612037037037037,0.666859567901235,0.72312011408608,0.669767441860465,0.571428571428571,0.587155963302752
oncogenic_pathway,STAD,TP53,1,0.679347826086957,0.517482517482518,0.598415171784737,0.632297050775312,0.654191359706437,0.644329896907217,0.556390977443609,0.562691131498471
oncogenic_pathway,STAD,TP53,2,0.690217391304348,0.573426573426573,0.631821982365461,0.688659166920037,0.711927992595298,0.675531914893617,0.589928057553957,0.562691131498471
oncogenic_pathway,STAD,TP53,3,0.701086956521739,0.55944055944056,0.630263757981149,0.680678017634539,0.726387807726928,0.671875,0.592592592592593,0.562691131498471
oncogenic_pathway,STAD,TP53,4,0.690217391304348,0.545454545454545,0.617835968379447,0.688431134083308,0.732503719254906,0.661458333333333,0.577777777777778,0.562691131498471
oncogenic_pathway,STAD,TP53,5,0.690217391304348,0.517482517482518,0.603849954393433,0.663157494679234,0.702142835105087,0.647959183673469,0.564885496183206,0.562691131498471
oncogenic_pathway,TGCT,RTK RAS,1,0.592592592592593,0.786516853932584,0.689554723262589,0.754473574698294,0.60128921135854,0.627450980392157,0.760869565217391,0.377622377622378
oncogenic_pathway,TGCT,RTK RAS,2,0.592592592592593,0.786516853932584,0.689554723262589,0.740948813982522,0.593787840604637,0.627450980392157,0.760869565217391,0.377622377622378
oncogenic_pathway,TGCT,RTK RAS,3,0.555555555555556,0.797752808988764,0.67665418227216,0.692051602163962,0.571861886579519,0.625,0.747368421052632,0.377622377622378
oncogenic_pathway,TGCT,RTK RAS,4,0.592592592592593,0.764044943820225,0.678318768206409,0.737203495630462,0.603794031164611,0.60377358490566,0.755555555555556,0.377622377622378
oncogenic_pathway,TGCT,RTK RAS,5,0.592592592592593,0.797752808988764,0.695172700790678,0.746774864752393,0.615607486672776,0.64,0.763440860215054,0.377622377622378
oncogenic_pathway,THCA,RTK RAS,1,0.930521091811414,0.546666666666667,0.738593879239041,0.791927212572374,0.936562049693185,0.916870415647922,0.594202898550725,0.843096234309624
oncogenic_pathway,THCA,RTK RAS,2,0.945409429280397,0.52,0.732704714640199,0.83712158808933,0.961281740044024,0.913669064748201,0.639344262295082,0.843096234309624
oncogenic_pathway,THCA,RTK RAS,3,0.918114143920596,0.493333333333333,0.705723738626964,0.798444995864351,0.947230113376203,0.906862745098039,0.528571428571429,0.843096234309624
oncogenic_pathway,THCA,RTK RAS,4,0.933002481389578,0.48,0.706501240694789,0.825210918114144,0.957344067130424,0.906024096385542,0.571428571428571,0.843096234309624
oncogenic_pathway,THCA,RTK RAS,5,0.935483870967742,0.546666666666667,0.741075268817204,0.802282878411911,0.938936527564029,0.917274939172749,0.611940298507463,0.843096234309624
oncogenic_pathway,THCA,WNT,1,0.435483870967742,0.927884615384615,0.681684243176179,0.718633684863524,0.344587962186705,0.473684210526316,0.916864608076009,0.129707112970711
oncogenic_pathway,THCA,WNT,2,0.532258064516129,0.932692307692308,0.732475186104218,0.739531637717122,0.39310431631291,0.540983606557377,0.930455635491607,0.129707112970711
oncogenic_pathway,THCA,WNT,3,0.451612903225806,0.935096153846154,0.69335452853598,0.776403535980149,0.423332680657321,0.509090909090909,0.919621749408983,0.129707112970711
oncogenic_pathway,THCA,WNT,4,0.467741935483871,0.913461538461539,0.690601736972705,0.726969602977667,0.416270311701369,0.446153846153846,0.920096852300242,0.129707112970711
oncogenic_pathway,THCA,WNT,5,0.451612903225806,0.930288461538461,0.690950682382134,0.742982320099256,0.38078413542704,0.491228070175439,0.919239904988124,0.129707112970711
oncogenic_pathway,UCEC,TP53,1,0.674311926605505,0.836,0.755155963302752,0.811339449541285,0.78406486100697,0.781914893617021,0.746428571428571,0.465811965811966
oncogenic_pathway,UCEC,TP53,2,0.68348623853211,0.82,0.751743119266055,0.798990825688073,0.760123446793858,0.768041237113402,0.748175182481752,0.465811965811966
oncogenic_pathway,UCEC,TP53,3,0.706422018348624,0.824,0.765211009174312,0.816091743119266,0.7991475543136,0.777777777777778,0.762962962962963,0.465811965811966
oncogenic_pathway,UCEC,TP53,4,0.674311926605505,0.844,0.759155963302752,0.817834862385321,0.799568444967041,0.790322580645161,0.74822695035461,0.465811965811966
oncogenic_pathway,UCEC,TP53,5,0.688073394495413,0.836,0.762036697247706,0.804825688073395,0.773813403225087,0.785340314136126,0.754512635379061,0.465811965811966
oncogenic_pathway,UCEC,WNT,1,0.665217391304348,0.613445378151261,0.639331384727804,0.679704055535258,0.645816701857594,0.624489795918367,0.654708520179372,0.491452991452991
oncogenic_pathway,UCEC,WNT,2,0.669565217391304,0.596638655462185,0.633101936426745,0.68032517354768,0.673910251379377,0.616,0.651376146788991,0.491452991452991
oncogenic_pathway,UCEC,WNT,3,0.626086956521739,0.600840336134454,0.613463646328096,0.655516989404458,0.640079250162473,0.602510460251046,0.624454148471616,0.491452991452991
oncogenic_pathway,UCEC,WNT,4,0.652173913043478,0.613445378151261,0.632809645597369,0.677822433321155,0.661300783765764,0.619834710743802,0.646017699115044,0.491452991452991
oncogenic_pathway,UCEC,WNT,5,0.643478260869565,0.579831932773109,0.611655096821337,0.660632078918524,0.643882866038869,0.596774193548387,0.627272727272727,0.491452991452991
