study,url,file,bytes,sha256
acc,https://media.githubusercontent.com/media/cBioPortal/datahub/master/public/acc_tcga_pan_can_atlas_2018/data_clinical_sample.txt,data/external/cbioportal/acc_clinical_sample.txt,21521,902079901f973f6b1ca598ea60dcfdf8e09dcf46761ff9137d1bfc7618439395
blca,https://media.githubusercontent.com/media/cBioPortal/datahub/master/public/blca_tcga_pan_can_atlas_2018/data_clinical_sample.txt,data/external/cbioportal/blca_clinical_sample.txt,94436,0addd03ac8ed17879a8809f7dd1cd663765da559bd35be9414a84f95307db5c3
brca,https://media.githubusercontent.com/media/cBioPortal/datahub/master/public/brca_tcga_pan_can_atlas_2018/data_clinical_sample.txt,data/external/cbioportal/brca_clinical_sample.txt,204137,e96e6e4895a6ddcdb31d508a9e8f5676ca78ce396d2f82cd111a286a17e75ca6
cesc,https://media.githubusercontent.com/media/cBioPortal/datahub/master/public/cesc_tcga_pan_can_atlas_2018/data_clinical_sample.txt,data/external/cbioportal/cesc_clinical_sample.txt,61778,1ad7360fee3539eced5cd758bb4a2c7d0790b1dea38a26295be5f0085bdef161
chol,https://media.githubusercontent.com/media/cBioPortal/datahub/master/public/chol_tcga_pan_can_atlas_2018/data_clinical_sample.txt,data/external/cbioportal/chol_clinical_sample.txt,9255,d9ef53317ee291ebc5ae757c7b9806cb945e6b6432cbd1c8c90db42e6aa3d1cf
coadread,https://media.githubusercontent.com/media/cBioPortal/datahub/master/public/coadread_tcga_pan_can_atlas_2018/data_clinical_sample.txt,data/external/cbioportal/coadread_clinical_sample.txt,105858,b9cbcc7cbc7471b44a3767aac48d4d0625001e3c07f8776c50f77364341f7817
dlbc,https://media.githubusercontent.com/media/cBioPortal/datahub/master/public/dlbc_tcga_pan_can_atlas_2018/data_clinical_sample.txt,data/external/cbioportal/dlbc_clinical_sample.txt,12633,bf4388fc2859f652535f11bc14621f4e6d46b53563a000177c17214f923c133d
esca,https://media.githubusercontent.com/media/cBioPortal/datahub/master/public/esca_tcga_pan_can_atlas_2018/data_clinical_sample.txt,data/external/cbioportal/esca_clinical_sample.txt,38990,0f868028bf50767bf742615bfb5bf25b17ef2bfe5a24647e4681a81315a4ce58
gbm,https://media.githubusercontent.com/media/cBioPortal/datahub/master/public/gbm_tcga_pan_can_atlas_2018/data_clinical_sample.txt,data/external/cbioportal/gbm_clinical_sample.txt,106982,d63bd951527a84616328ce3a71838f4d3815055e6db8bb7f0d1673932c780168
hnsc,https://media.githubusercontent.com/media/cBioPortal/datahub/master/public/hnsc_tcga_pan_can_atlas_2018/data_clinical_sample.txt,data/external/cbioportal/hnsc_clinical_sample.txt,118661,cb7beef2111e56636674f50af28d5653f416ea2ca5ccaa2704448c3e13864fcb
kich,https://media.githubusercontent.com/media/cBioPortal/datahub/master/public/kich_tcga_pan_can_atlas_2018/data_clinical_sample.txt,data/external/cbioportal/kich_clinical_sample.txt,15886,710f1e87d0cbed4f23f58fd623ecba66dfbb4e6b8fe57ddf95ffa96dfc87e8a3
kirc,https://media.githubusercontent.com/media/cBioPortal/datahub/master/public/kirc_tcga_pan_can_atlas_2018/data_clinical_sample.txt,data/external/cbioportal/kirc_clinical_sample.txt,102856,dc8353955113fb2927fc848539a88cdf631f0561e781df9c05b34605904d748c
kirp,https://media.githubusercontent.com/media/cBioPortal/datahub/master/public/kirp_tcga_pan_can_atlas_2018/data_clinical_sample.txt,data/external/cbioportal/kirp_clinical_sample.txt,62841,b75e74a4c719d052bdb71517f094431dfe1aef7a336aa823a881b8a3e8572aa7
lgg,https://media.githubusercontent.com/media/cBioPortal/datahub/master/public/lgg_tcga_pan_can_atlas_2018/data_clinical_sample.txt,data/external/cbioportal/lgg_clinical_sample.txt,79602,d12e1546ad7fcd2cc724028127bcb93aee419f0c12a8b005ddb162c28a298254
lihc,https://media.githubusercontent.com/media/cBioPortal/datahub/master/public/lihc_tcga_pan_can_atlas_2018/data_clinical_sample.txt,data/external/cbioportal/lihc_clinical_sample.txt,70707,a078658d00505906dee1edf7fcd21202f3ddeb6bfd4a2645ecc66591a6d905de
luad,https://media.githubusercontent.com/media/cBioPortal/datahub/master/public/luad_tcga_pan_can_atlas_2018/data_clinical_sample.txt,data/external/cbioportal/luad_clinical_sample.txt,111469,b443896a6aed8256f3aa1b5e2f41e700392c76461be10936d2c344988bc5d84e
lusc,https://media.githubusercontent.com/media/cBioPortal/datahub/master/public/lusc_tcga_pan_can_atlas_2018/data_clinical_sample.txt,data/external/cbioportal/lusc_clinical_sample.txt,103338,d30c4fe3655331d67411dda67cac8af08e8616070b213c998cf84c6453315aae
meso,https://media.githubusercontent.com/media/cBioPortal/datahub/master/public/meso_tcga_pan_can_atlas_2018/data_clinical_sample.txt,data/external/cbioportal/meso_clinical_sample.txt,20214,6166fe9a8ed03310d0e1efd11bd44797c7ea5eef6252653debd2002fb83eb1c1
ov,https://media.githubusercontent.com/media/cBioPortal/datahub/master/public/ov_tcga_pan_can_atlas_2018/data_clinical_sample.txt,data/external/cbioportal/ov_clinical_sample.txt,109610,f2196f64c8f32eb69eb927d5c383fd2f69ac2c4406a4954f715cff80febfcb0a
paad,https://media.githubusercontent.com/media/cBioPortal/datahub/master/public/paad_tcga_pan_can_atlas_2018/data_clinical_sample.txt,data/external/cbioportal/paad_clinical_sample.txt,38978,557fdead8f0376156048947aac32cbfc92f7770be9ffb1aa2f0883ff677a457c
pcpg,https://media.githubusercontent.com/media/cBioPortal/datahub/master/public/pcpg_tcga_pan_can_atlas_2018/data_clinical_sample.txt,data/external/cbioportal/pcpg_clinical_sample.txt,33879,9f8752b15f36c94452849f88d5f22651fff38ebdb398f7ab4f556fd9f96e1e0c
prad,https://media.githubusercontent.com/media/cBioPortal/datahub/master/public/prad_tcga_pan_can_atlas_2018/data_clinical_sample.txt,data/external/cbioportal/prad_clinical_sample.txt,99734,f98d060c2ee54c54f2519d062473b78a3accad8c53dc6d8a58d1180aaaeff993
sarc,https://media.githubusercontent.com/media/cBioPortal/datahub/master/public/sarc_tcga_pan_can_atlas_2018/data_clinical_sample.txt,data/external/cbioportal/sarc_clinical_sample.txt,52542,ef919038bd6bd6803fe84e67b4a966e60301e7fd421ed10e3ea767245cce6c44
skcm,https://media.githubusercontent.com/media/cBioPortal/datahub/master/public/skcm_tcga_pan_can_atlas_2018/data_clinical_sample.txt,data/external/cbioportal/skcm_clinical_sample.txt,82995,1da0e866ba04db38a3efc98da78bff1ffb6204558859c7546683f791995fc90d
stad,https://media.githubusercontent.com/media/cBioPortal/datahub/master/public/stad_tcga_pan_can_atlas_2018/data_clinical_sample.txt,data/external/cbioportal/stad_clinical_sample.txt,93194,e082f706bbbb5ff1104389b93cdc852f9dd31019b0bcf4afcbf7d7654cb2ace1
tgct,https://media.githubusercontent.com/media/cBioPortal/datahub/master/public/tgct_tcga_pan_can_atlas_2018/data_clinical_sample.txt,data/external/cbioportal/tgct_clinical_sample.txt,31359,a1f9831e0806ddf4672928037c215032b6ac6461ff34fd445c2e4c9ce387627a
thca,https://media.githubusercontent.com/media/cBioPortal/datahub/master/public/thca_tcga_pan_can_atlas_2018/data_clinical_sample.txt,data/external/cbioportal/thca_clinical_sample.txt,106275,10fd8a0f4a0272c479007ea1869383ccab474d0c011d64d6ae935b0884712727
thym,https://media.githubusercontent.com/media/cBioPortal/datahub/master/public/thym_tcga_pan_can_atlas_2018/data_clinical_sample.txt,data/external/cbioportal/thym_clinical_sample.txt,21821,924a652da15705672d4dba11f7fb9a040d39fd42d63cfcce6cdc4008d6c20a71
ucec,https://media.githubusercontent.com/media/cBioPortal/datahub/master/public/ucec_tcga_pan_can_atlas_2018/data_clinical_sample.txt,data/external/cbioportal/ucec_clinical_sample.txt,112480,205a1081c4d51441b4ee6d4302d9c42dac1320b9f51c87137090d41a6b00cf0d
ucs,https://media.githubusercontent.com/media/cBioPortal/datahub/master/public/ucs_tcga_pan_can_atlas_2018/data_clinical_sample.txt,data/external/cbioportal/ucs_clinical_sample.txt,15671,8ee834031c86d7ac0ea987cca8c55975b988354e59b05ee6f38e321354aa91c2
uvm,https://media.githubusercontent.com/media/cBioPortal/datahub/master/public/uvm_tcga_pan_can_atlas_2018/data_clinical_sample.txt,data/external/cbioportal/uvm_clinical_sample.txt,14145,bef30b57a0087c9f3180b053da095dfb400faba2fda0d5ca25661165f6001733
