family,tumor_type,endpoint,n,mean_pool_q2,median_pool_q2,delta_median_minus_mean,seed
aneuploidy,UCEC,Aneuploidy score,477,0.365782189774879,0.378728296762437,0.0129461069875582,20263783
aneuploidy,UCEC,Deleted arm count,477,0.305939537665035,0.3066574588365,0.000717921171464631,20263784
aneuploidy,COAD,Aneuploidy score,408,0.302055047119182,0.301835363841903,-0.000219683277279448,20261342
aneuploidy,BRCA,Aneuploidy score,998,0.236871433514368,0.229821904022899,-0.00704952949146942,20261126
aneuploidy,BRCA,Deleted arm count,998,0.218243854392943,0.218390424682335,0.000146570289391496,20261127
aneuploidy,COAD,Deleted arm count,408,0.216712777527587,0.216688126243207,-2.46512843802282e-05,20261343
aneuploidy,UVM,Deleted arm count,80,0.211681070218113,0.211681070218113,1.11022302462516e-16,20263985
aneuploidy,THYM,Aneuploidy score,103,0.211201479319608,0.0780672246366664,-0.133134254682942,20263675
aneuploidy,STAD,Aneuploidy score,360,0.204007788286404,0.204007788286404,-3.60822483003176e-16,20263357
fusion,UCEC,Fusion burden,153,0.394551637159546,0.399345279911912,0.00479364275236582,20263786
fusion,BRCA,Fusion burden,1051,0.246358885458657,0.246345175410621,-1.37100480361585e-05,20261129
fusion,LGG,Fusion burden,487,0.226155179957079,0.22610437580399,-5.08041530893344e-05,20262081
microsatellite_instability,COAD,MANTIS score,391,0.283696896620652,0.283741210180114,4.43135594615507e-05,20261346
microsatellite_instability,TGCT,MSIsensor score,148,0.228208848965114,0.226578523786849,-0.00163032517826539,20263469
microsatellite_instability,COAD,MSIsensor score,411,0.221758534646032,0.221603863979892,-0.000154670666139611,20261347
microsatellite_instability,STAD,MANTIS score,371,0.210769611191346,0.210769611191346,1.94289029309402e-16,20263361
rna_pathway_activity,TGCT,HALLMARK_GLYCOLYSIS,149,0.764436895741565,0.764897478545723,0.000460582804157506,20263431
rna_pathway_activity,TGCT,HALLMARK_NOTCH_SIGNALING,149,0.688551937635183,0.69357608489236,0.00502414725717659,20263447
rna_pathway_activity,TGCT,HALLMARK_HYPOXIA,149,0.647483250920616,0.650217459787894,0.0027342088672776,20263434
rna_pathway_activity,TGCT,HALLMARK_ESTROGEN_RESPONSE_LATE,149,0.647312419086885,0.636394430431667,-0.0109179886552183,20263428
rna_pathway_activity,TGCT,HALLMARK_ANGIOGENESIS,149,0.634345378974812,0.6340354272877,-0.000309951687111565,20263416
rna_pathway_activity,TGCT,HALLMARK_EPITHELIAL_MESENCHYMAL_TRANSITION,149,0.627720971583124,0.632757518798139,0.00503654721501445,20263426
rna_pathway_activity,TGCT,HALLMARK_ESTROGEN_RESPONSE_EARLY,149,0.627436009816767,0.623583970568432,-0.00385203924833455,20263427
rna_pathway_activity,TGCT,HALLMARK_APICAL_JUNCTION,149,0.617558619633536,0.615340374444804,-0.00221824518873215,20263417
rna_pathway_activity,TGCT,HALLMARK_CHOLESTEROL_HOMEOSTASIS,149,0.615130329183451,0.571637554846624,-0.0434927743368271,20263421
rna_pathway_activity,TGCT,HALLMARK_MYOGENESIS,149,0.612088759180508,0.614081508729756,0.00199274954924811,20263446
rna_pathway_activity,THCA,HALLMARK_ALLOGRAFT_REJECTION,503,0.59861693355916,0.598576822311339,-4.01112478214394e-05,20263521
rna_pathway_activity,THCA,HALLMARK_INTERFERON_GAMMA_RESPONSE,503,0.586141080903852,0.586021759009909,-0.000119321893943369,20263546
rna_pathway_activity,TGCT,HALLMARK_WNT_BETA_CATENIN_SIGNALING,149,0.581967531640069,0.582230658326318,0.000263126686248727,20263461
rna_pathway_activity,LUAD,HALLMARK_E2F_TARGETS,462,0.573743287687638,0.573623676216908,-0.000119611470729808,20262254
rna_pathway_activity,LUAD,HALLMARK_G2M_CHECKPOINT,462,0.565978642568748,0.565767423975642,-0.000211218593106133,20262259
rna_pathway_activity,TGCT,HALLMARK_PANCREAS_BETA_CELLS,149,0.561408585645471,0.555774388085253,-0.0056341975602181,20263450
rna_pathway_activity,LIHC,HALLMARK_BILE_ACID_METABOLISM,358,0.559395952332576,0.559395952332576,-2.22044604925031e-16,20262141
rna_pathway_activity,BRCA,HALLMARK_MTORC1_SIGNALING,1052,0.557526014853263,0.55739788166692,-0.000128133186343304,20261105
rna_pathway_activity,PAAD,HALLMARK_NOTCH_SIGNALING,176,0.556071388395804,0.554275325887186,-0.0017960625086183,20262700
rna_pathway_activity,SARC,HALLMARK_COMPLEMENT,252,0.553156043940458,0.553508224613562,0.00035218067310383,20263101
rna_pathway_activity,THCA,HALLMARK_APOPTOSIS,503,0.549262152328155,0.549157384458129,-0.000104767870026223,20263526
rna_pathway_activity,TGCT,HALLMARK_HEDGEHOG_SIGNALING,149,0.54193454514337,0.542453990500419,0.000519445357048842,20263432
rna_pathway_activity,BRCA,HALLMARK_E2F_TARGETS,1052,0.539801278445906,0.539706305986597,-9.49724593094503e-05,20261087
rna_pathway_activity,TGCT,HALLMARK_APICAL_SURFACE,149,0.539517820627103,0.536947124795947,-0.0025706958311561,20263418
rna_pathway_activity,THCA,HALLMARK_IL6_JAK_STAT3_SIGNALING,503,0.539121029776814,0.539063896302415,-5.71334743991736e-05,20263543
rna_pathway_activity,SARC,HALLMARK_IL6_JAK_STAT3_SIGNALING,252,0.527229514741177,0.528409110946905,0.00117959620572816,20263114
rna_pathway_activity,THCA,HALLMARK_INFLAMMATORY_RESPONSE,503,0.524860267240189,0.524839586931751,-2.0680308437937e-05,20263544
rna_pathway_activity,TGCT,HALLMARK_MTORC1_SIGNALING,149,0.524391307710752,0.522835296286936,-0.00155601142381645,20263443
rna_pathway_activity,TGCT,HALLMARK_TGF_BETA_SIGNALING,149,0.521200127379941,0.522904305173386,0.00170417779344534,20263456
rna_pathway_activity,SARC,HALLMARK_INFLAMMATORY_RESPONSE,252,0.51995328992439,0.520039842760523,8.65528361327916e-05,20263115
rna_pathway_activity,KIRP,HALLMARK_ADIPOGENESIS,272,0.506220227060312,0.506787099741764,0.000566872681452058,20261923
rna_pathway_activity,BRCA,HALLMARK_G2M_CHECKPOINT,1052,0.506137488267604,0.505829911668333,-0.000307576599271053,20261092
rna_pathway_activity,TGCT,HALLMARK_COAGULATION,149,0.503489421422285,0.503100777460924,-0.000388643961361179,20263422
rna_pathway_activity,THCA,HALLMARK_INTERFERON_ALPHA_RESPONSE,503,0.502677117874847,0.502536869977258,-0.000140247897589152,20263545
rna_pathway_activity,CESC,HALLMARK_P53_PATHWAY,267,0.497041897216197,0.496934173586753,-0.000107723629444167,20261219
rna_pathway_activity,TGCT,HALLMARK_KRAS_SIGNALING_DN,149,0.496242586426966,0.490829217512527,-0.0054133689144395,20263440
rna_pathway_activity,THCA,HALLMARK_IL2_STAT5_SIGNALING,503,0.495351097555309,0.495280444668308,-7.06528870015322e-05,20263542
rna_pathway_activity,LIHC,HALLMARK_XENOBIOTIC_METABOLISM,358,0.492327714317393,0.492327714317392,-6.66133814775094e-16,20262183
rna_pathway_activity,BRCA,HALLMARK_MYC_TARGETS_V1,1052,0.490077278030757,0.490254656585963,0.000177378555205665,20261106
rna_pathway_activity,KIRP,HALLMARK_G2M_CHECKPOINT,272,0.489820983104101,0.488828928393304,-0.000992054710797052,20261940
rna_pathway_activity,TGCT,HALLMARK_MYC_TARGETS_V2,149,0.485957389922977,0.489006006699939,0.00304861677696189,20263445
rna_pathway_activity,TGCT,HALLMARK_UV_RESPONSE_UP,149,0.481855314929014,0.479663909605756,-0.00219140532325779,20263460
rna_pathway_activity,THCA,HALLMARK_COMPLEMENT,503,0.480466718643985,0.480399129182376,-6.75894616089523e-05,20263530
rna_pathway_activity,LIHC,HALLMARK_ADIPOGENESIS,358,0.478784222946712,0.478784222946712,-4.9960036108132e-16,20262134
rna_pathway_activity,PAAD,HALLMARK_ESTROGEN_RESPONSE_EARLY,176,0.478118643603854,0.478132737594028,1.40939901738801e-05,20262680
rna_pathway_activity,TGCT,HALLMARK_UNFOLDED_PROTEIN_RESPONSE,149,0.476094551497551,0.459542293458903,-0.0165522580386485,20263458
rna_pathway_activity,PAAD,HALLMARK_ESTROGEN_RESPONSE_LATE,176,0.475972659922183,0.475921226533799,-5.14333883837037e-05,20262681
rna_pathway_activity,TGCT,HALLMARK_XENOBIOTIC_METABOLISM,149,0.474765337926693,0.45319982843369,-0.0215655094930028,20263462
rna_pathway_activity,PAAD,HALLMARK_APOPTOSIS,176,0.474665789973747,0.472874496541956,-0.00179129343179074,20262672
rna_pathway_activity,SARC,HALLMARK_INTERFERON_GAMMA_RESPONSE,252,0.473940027821032,0.472726044512093,-0.00121398330893857,20263117
rna_pathway_activity,KIRP,HALLMARK_E2F_TARGETS,272,0.47379129006437,0.473451003543457,-0.000340286520913058,20261935
rna_pathway_activity,BLCA,HALLMARK_ALLOGRAFT_REJECTION,382,0.4733829373282,0.473582174693437,0.000199237365237415,20260968
rna_pathway_activity,TGCT,HALLMARK_ALLOGRAFT_REJECTION,149,0.468501966407136,0.459922068280207,-0.008579898126929,20263414
rna_pathway_activity,TGCT,HALLMARK_UV_RESPONSE_DN,149,0.466979465863474,0.46618963379806,-0.000789832065413776,20263459
rna_pathway_activity,OV,HALLMARK_CHOLESTEROL_HOMEOSTASIS,69,0.466482882585672,0.466482882585672,-1.66533453693773e-16,20262566
rna_pathway_activity,TGCT,HALLMARK_P53_PATHWAY,149,0.464648692642557,0.452444662672747,-0.0122040299698101,20263449
rna_pathway_activity,THCA,HALLMARK_APICAL_JUNCTION,503,0.463873587042529,0.463838367803465,-3.52192390636885e-05,20263524
rna_pathway_activity,STAD,HALLMARK_G2M_CHECKPOINT,354,0.461477657595786,0.461477657595786,-5.55111512312578e-17,20263323
rna_pathway_activity,SARC,HALLMARK_IL2_STAT5_SIGNALING,252,0.459037766526934,0.4585180164311,-0.000519750095833771,20263113
rna_pathway_activity,THCA,HALLMARK_COAGULATION,503,0.458460353862332,0.458436944136561,-2.34097257710286e-05,20263529
rna_pathway_activity,BRCA,HALLMARK_ESTROGEN_RESPONSE_EARLY,1052,0.456941387753524,0.4570223956159,8.10078623757482e-05,20261089
rna_pathway_activity,BRCA,HALLMARK_MYC_TARGETS_V2,1052,0.455519476578573,0.455473450736307,-4.60258422655957e-05,20261107
rna_pathway_activity,KIRP,HALLMARK_FATTY_ACID_METABOLISM,272,0.453924063526297,0.454013891043165,8.982751686748e-05,20261939
rna_pathway_activity,LIHC,HALLMARK_FATTY_ACID_METABOLISM,358,0.453823415447181,0.453823415447181,-4.9960036108132e-16,20262150
rna_pathway_activity,STAD,HALLMARK_E2F_TARGETS,354,0.451181532608892,0.451181532608892,3.88578058618805e-16,20263318
rna_pathway_activity,TGCT,HALLMARK_MYC_TARGETS_V1,149,0.450717326044776,0.454672707219677,0.00395538117490113,20263444
rna_pathway_activity,THYM,HALLMARK_NOTCH_SIGNALING,117,0.450121883872264,0.447866511213709,-0.00225537265855552,20263658
rna_pathway_activity,LIHC,HALLMARK_G2M_CHECKPOINT,358,0.446289795190829,0.446289795190829,-3.33066907387547e-16,20262151
rna_pathway_activity,THCA,HALLMARK_KRAS_SIGNALING_UP,503,0.44613754864585,0.445980670215635,-0.000156878430215279,20263548
rna_pathway_activity,GBM,HALLMARK_COAGULATION,96,0.445972134451997,0.460220123021057,0.0142479885690598,20261510
rna_pathway_activity,SARC,HALLMARK_ALLOGRAFT_REJECTION,252,0.440401308977797,0.439123626480022,-0.00127768249777477,20263092
rna_pathway_activity,THCA,HALLMARK_TNFA_SIGNALING_VIA_NFKB,503,0.438972269993576,0.438833015406825,-0.000139254586751514,20263564
rna_pathway_activity,OV,HALLMARK_ESTROGEN_RESPONSE_LATE,69,0.436294367078687,0.436294367078687,1.66533453693773e-16,20262573
rna_pathway_activity,LIHC,HALLMARK_E2F_TARGETS,358,0.436056414559024,0.436056414559024,-3.33066907387547e-16,20262146
rna_pathway_activity,ACC,HALLMARK_INFLAMMATORY_RESPONSE,55,0.431898859327585,0.434373328102926,0.00247446877534085,20260883
rna_pathway_activity,TGCT,HALLMARK_COMPLEMENT,149,0.430974270493528,0.427450083859065,-0.00352418663446252,20263423
rna_pathway_activity,KIRC,HALLMARK_IL6_JAK_STAT3_SIGNALING,510,0.430815867814215,0.430820023964786,4.15615057069996e-06,20261839
rna_pathway_activity,PAAD,HALLMARK_INFLAMMATORY_RESPONSE,176,0.429858966195112,0.428099285934743,-0.0017596802603691,20262690
rna_pathway_activity,BLCA,HALLMARK_IL6_JAK_STAT3_SIGNALING,382,0.428819282136176,0.429155188623102,0.000335906486926107,20260990
rna_pathway_activity,STAD,HALLMARK_MTORC1_SIGNALING,354,0.427537524583674,0.427537524583674,-4.44089209850063e-16,20263336
rna_pathway_activity,TGCT,HALLMARK_OXIDATIVE_PHOSPHORYLATION,149,0.42719619449295,0.425378619393527,-0.00181757509942304,20263448
rna_pathway_activity,LUAD,HALLMARK_MTORC1_SIGNALING,462,0.425964532358423,0.425877223592344,-8.73087660794303e-05,20262272
rna_pathway_activity,ACC,HALLMARK_BILE_ACID_METABOLISM,55,0.423122377735434,0.420715956784757,-0.00240642095067739,20260866
rna_pathway_activity,UVM,HALLMARK_REACTIVE_OXYGEN_SPECIES_PATHWAY,80,0.422794531499858,0.422794531499858,-3.33066907387547e-16,20263974
rna_pathway_activity,BRCA,HALLMARK_ALLOGRAFT_REJECTION,1052,0.422278523709595,0.421613045585157,-0.00066547812443768,20261076
rna_pathway_activity,BLCA,HALLMARK_INFLAMMATORY_RESPONSE,382,0.422128928273605,0.421820113596693,-0.000308814676912184,20260991
rna_pathway_activity,HNSC,HALLMARK_SPERMATOGENESIS,442,0.420978458475509,0.420871526332967,-0.000106932142541816,20261650
rna_pathway_activity,TGCT,HALLMARK_INFLAMMATORY_RESPONSE,149,0.420894094634732,0.419581526223824,-0.00131256841090804,20263437
rna_pathway_activity,ACC,HALLMARK_G2M_CHECKPOINT,55,0.420450611782487,0.445451037887359,0.0250004261048724,20260876
rna_pathway_activity,THYM,HALLMARK_E2F_TARGETS,117,0.417839431560895,0.418272613809059,0.000433182248164132,20263636
rna_pathway_activity,THCA,HALLMARK_ESTROGEN_RESPONSE_LATE,503,0.417439200428004,0.417458648948695,1.94485206906903e-05,20263535
rna_pathway_activity,KIRC,HALLMARK_ALLOGRAFT_REJECTION,510,0.415526611361524,0.415517128138887,-9.48322263660817e-06,20261817
rna_pathway_activity,LGG,HALLMARK_ANGIOGENESIS,490,0.413036275950029,0.413095654712571,5.93787625422504e-05,20262030
rna_pathway_activity,BLCA,HALLMARK_INTERFERON_GAMMA_RESPONSE,382,0.411898401166374,0.411750846354935,-0.000147554811439132,20260993
rna_pathway_activity,GBM,HALLMARK_IL2_STAT5_SIGNALING,96,0.411061964100893,0.423114792918688,0.0120528288177951,20261523
rna_pathway_activity,GBM,HALLMARK_COMPLEMENT,96,0.408420078113917,0.428362374613882,0.0199422964999645,20261511
rna_pathway_activity,PAAD,HALLMARK_APICAL_JUNCTION,176,0.407708371019459,0.404670159466372,-0.00303821155308703,20262670
rna_pathway_activity,TGCT,REACTOME_GLUTATHIONE_SYNTHESIS_AND_RECYCLING,149,0.406982269797061,0.440201329749685,0.033219059952624,20263463
rna_pathway_activity,BLCA,HALLMARK_E2F_TARGETS,382,0.406724089738495,0.406905347244709,0.000181257506214172,20260979
rna_pathway_activity,BLCA,HALLMARK_COMPLEMENT,382,0.406554227654435,0.406436083311039,-0.000118144343395799,20260977
rna_pathway_activity,STAD,HALLMARK_MYOGENESIS,354,0.405281711489348,0.405281711489348,-3.33066907387547e-16,20263339
rna_pathway_activity,TGCT,HALLMARK_IL6_JAK_STAT3_SIGNALING,149,0.404404889641965,0.411660927208921,0.00725603756695575,20263436
rna_pathway_activity,TGCT,HALLMARK_PEROXISOME,149,0.40332294581,0.399797952910545,-0.00352499289945479,20263451
rna_pathway_activity,TGCT,HALLMARK_APOPTOSIS,149,0.402826245812712,0.394320289260078,-0.00850595655263364,20263419
rna_pathway_activity,SARC,HALLMARK_APOPTOSIS,252,0.402664513862636,0.402142582653603,-0.000521931209032878,20263097
rna_pathway_activity,KIRP,HALLMARK_XENOBIOTIC_METABOLISM,272,0.401913326315223,0.40189538171511,-1.79446001127848e-05,20261972
rna_pathway_activity,PAAD,HALLMARK_INTERFERON_GAMMA_RESPONSE,176,0.400457421959092,0.398698088395126,-0.00175933356396557,20262692
rna_pathway_activity,OV,HALLMARK_MTORC1_SIGNALING,69,0.400225629775964,0.400225629775964,4.44089209850063e-16,20262588
rna_pathway_activity,BRCA,HALLMARK_UNFOLDED_PROTEIN_RESPONSE,1052,0.399753958059557,0.399745584380479,-8.3736790775224e-06,20261120
rna_pathway_activity,THCA,HALLMARK_EPITHELIAL_MESENCHYMAL_TRANSITION,503,0.398741743589999,0.3985353504029,-0.000206393187099418,20263533
rna_pathway_activity,GBM,HALLMARK_INFLAMMATORY_RESPONSE,96,0.398453643024166,0.404423141020336,0.00596949799617003,20261525
rna_pathway_activity,TGCT,HALLMARK_TNFA_SIGNALING_VIA_NFKB,149,0.3983959921752,0.395858114558342,-0.0025378776168577,20263457
rna_pathway_activity,KICH,HALLMARK_E2F_TARGETS,65,0.39784050124033,0.39784050124033,-4.44089209850063e-16,20261721
rna_pathway_activity,LIHC,HALLMARK_ALLOGRAFT_REJECTION,358,0.397579908968165,0.397579908968165,3.33066907387547e-16,20262135
rna_pathway_activity,TGCT,HALLMARK_INTERFERON_GAMMA_RESPONSE,149,0.397332717630411,0.383583245583024,-0.0137494720473865,20263439
rna_pathway_activity,SARC,HALLMARK_EPITHELIAL_MESENCHYMAL_TRANSITION,252,0.396150588489941,0.392181936377202,-0.00396865211273922,20263104
rna_pathway_activity,LUSC,HALLMARK_E2F_TARGETS,475,0.395123723233277,0.395438046545882,0.000314323312604559,20262362
rna_pathway_activity,THCA,HALLMARK_P53_PATHWAY,503,0.390745482440123,0.390671508925938,-7.39735141855324e-05,20263556
rna_pathway_activity,ACC,HALLMARK_TNFA_SIGNALING_VIA_NFKB,55,0.390546381008773,0.402109776742345,0.0115633957335718,20260903
rna_pathway_activity,GBM,HALLMARK_APOPTOSIS,96,0.38887299775076,0.397867924325411,0.00899492657465095,20261507
rna_pathway_activity,THYM,HALLMARK_P53_PATHWAY,117,0.388389066980427,0.38844009313381,5.10261533826495e-05,20263660
rna_pathway_activity,PAAD,HALLMARK_P53_PATHWAY,176,0.388235862395819,0.38603054178193,-0.00220532061388912,20262702
rna_pathway_activity,ACC,HALLMARK_ADIPOGENESIS,55,0.384502832616004,0.310505577930809,-0.0739972546851954,20260859
rna_pathway_activity,PAAD,HALLMARK_TNFA_SIGNALING_VIA_NFKB,176,0.383372032183867,0.383287455099679,-8.45770841883531e-05,20262710
rna_pathway_activity,GBM,HALLMARK_XENOBIOTIC_METABOLISM,96,0.383045362314369,0.407497822502887,0.0244524601885176,20261550
rna_pathway_activity,LUAD,HALLMARK_INTERFERON_GAMMA_RESPONSE,462,0.382479314503022,0.382010796407046,-0.000468518095975978,20262268
rna_pathway_activity,TGCT,HALLMARK_E2F_TARGETS,149,0.382203909590275,0.385910609019948,0.00370669942967278,20263425
rna_pathway_activity,UVM,HALLMARK_IL6_JAK_STAT3_SIGNALING,80,0.382036929982342,0.382036929982342,3.88578058618805e-16,20263956
rna_pathway_activity,LUAD,HALLMARK_ALLOGRAFT_REJECTION,462,0.38099318470266,0.381202990376304,0.00020980567364387,20262243
rna_pathway_activity,THCA,HALLMARK_ADIPOGENESIS,503,0.380583308188976,0.380575579323134,-7.72886584154975e-06,20263520
rna_pathway_activity,KIRC,HALLMARK_INFLAMMATORY_RESPONSE,510,0.380319334183741,0.380311409134182,-7.92504955848816e-06,20261840
rna_pathway_activity,LGG,HALLMARK_COAGULATION,490,0.380084992673081,0.376108522546487,-0.00397647012659425,20262036
rna_pathway_activity,KIRC,HALLMARK_INTERFERON_GAMMA_RESPONSE,510,0.378601645738349,0.378586233260689,-1.5412477659793e-05,20261842
rna_pathway_activity,SARC,HALLMARK_MTORC1_SIGNALING,252,0.378575654694206,0.375546620748109,-0.00302903394609705,20263121
rna_pathway_activity,TGCT,HALLMARK_IL2_STAT5_SIGNALING,149,0.378533823193134,0.381484601577774,0.00295077838463975,20263435
rna_pathway_activity,OV,HALLMARK_ADIPOGENESIS,69,0.377242249930472,0.377242249930473,6.10622663543836e-16,20262558
rna_pathway_activity,PAAD,HALLMARK_APICAL_SURFACE,176,0.376496597074421,0.373993197391547,-0.00250339968287444,20262671
rna_pathway_activity,KIRC,HALLMARK_IL2_STAT5_SIGNALING,510,0.375957607603136,0.37596499756198,7.389958844084e-06,20261838
rna_pathway_activity,THCA,HALLMARK_OXIDATIVE_PHOSPHORYLATION,503,0.375807970597116,0.375750774281247,-5.71963158690902e-05,20263555
rna_pathway_activity,LGG,HALLMARK_ALLOGRAFT_REJECTION,490,0.375292925263694,0.377247931849545,0.00195500658585085,20262028
rna_pathway_activity,KIRP,HALLMARK_OXIDATIVE_PHOSPHORYLATION,272,0.37495846478639,0.375553586310359,0.000595121523968623,20261958
rna_pathway_activity,ACC,HALLMARK_ALLOGRAFT_REJECTION,55,0.373941036547767,0.405094043072276,0.0311530065245094,20260860
rna_pathway_activity,BLCA,HALLMARK_IL2_STAT5_SIGNALING,382,0.372286543670825,0.372282437431944,-4.1062388810853e-06,20260989
rna_pathway_activity,LUAD,HALLMARK_SPERMATOGENESIS,462,0.371732689784008,0.371482804368071,-0.000249885415937401,20262284
rna_pathway_activity,BLCA,HALLMARK_G2M_CHECKPOINT,382,0.371692093024025,0.372063575246417,0.00037148222239175,20260984
rna_pathway_activity,GBM,HALLMARK_IL6_JAK_STAT3_SIGNALING,96,0.371296321706209,0.37420972285153,0.00291340114532085,20261524
rna_pathway_activity,LIHC,HALLMARK_APICAL_JUNCTION,358,0.371218323331094,0.371218323331094,3.88578058618805e-16,20262138
rna_pathway_activity,BLCA,HALLMARK_EPITHELIAL_MESENCHYMAL_TRANSITION,382,0.370599029186299,0.370829001851557,0.000229972665258316,20260980
rna_pathway_activity,LIHC,HALLMARK_ANGIOGENESIS,358,0.368827757424777,0.368827757424777,3.33066907387547e-16,20262137
rna_pathway_activity,KIRP,HALLMARK_UNFOLDED_PROTEIN_RESPONSE,272,0.368048863678463,0.366985010777996,-0.00106385290046729,20261968
rna_pathway_activity,OV,HALLMARK_ESTROGEN_RESPONSE_EARLY,69,0.367898252015952,0.367898252015952,2.77555756156289e-16,20262572
rna_pathway_activity,LGG,HALLMARK_PI3K_AKT_MTOR_SIGNALING,490,0.36725001297725,0.364157571597261,-0.00309244137998899,20262066
rna_pathway_activity,LUAD,HALLMARK_IL6_JAK_STAT3_SIGNALING,462,0.366299011238101,0.365975717896187,-0.000323293341913999,20262265
rna_pathway_activity,LGG,HALLMARK_COMPLEMENT,490,0.366149129688412,0.378973364204082,0.0128242345156702,20262037
rna_pathway_activity,LGG,HALLMARK_EPITHELIAL_MESENCHYMAL_TRANSITION,490,0.365375261368732,0.364919926717727,-0.000455334651005113,20262040
rna_pathway_activity,ACC,HALLMARK_APOPTOSIS,55,0.365339693642776,0.376915455263663,0.0115757616208869,20260865
rna_pathway_activity,LUAD,HALLMARK_APOPTOSIS,462,0.365133716861269,0.364226545318861,-0.000907171542408325,20262248
rna_pathway_activity,KIRC,HALLMARK_ANGIOGENESIS,510,0.36468649876649,0.364657160043131,-2.93387233588072e-05,20261819
rna_pathway_activity,LUAD,HALLMARK_UNFOLDED_PROTEIN_RESPONSE,462,0.363448602312958,0.363234016506127,-0.000214585806830703,20262287
rna_pathway_activity,ACC,HALLMARK_IL6_JAK_STAT3_SIGNALING,55,0.363089954884821,0.370384046897074,0.00729409201225328,20260882
rna_pathway_activity,LUAD,HALLMARK_MYC_TARGETS_V2,462,0.362555723624701,0.362191502273699,-0.000364221351002225,20262274
rna_pathway_activity,GBM,HALLMARK_EPITHELIAL_MESENCHYMAL_TRANSITION,96,0.362508869973268,0.360629729345942,-0.00187914062732558,20261514
rna_pathway_activity,PAAD,HALLMARK_COMPLEMENT,176,0.362388167057298,0.358756812931947,-0.00363135412535093,20262676
rna_pathway_activity,TGCT,HALLMARK_ADIPOGENESIS,149,0.362015785183403,0.35549375372127,-0.00652203146213265,20263413
rna_pathway_activity,ACC,HALLMARK_CHOLESTEROL_HOMEOSTASIS,55,0.360713619750258,0.335353939082893,-0.0253596806673647,20260867
rna_pathway_activity,SARC,HALLMARK_COAGULATION,252,0.360690856822837,0.356554622351317,-0.00413623447152006,20263100
rna_pathway_activity,LGG,HALLMARK_GLYCOLYSIS,490,0.358598680691147,0.355670694132792,-0.00292798655835469,20262045
rna_pathway_activity,PAAD,HALLMARK_INTERFERON_ALPHA_RESPONSE,176,0.358148159912412,0.331693036665036,-0.0264551232473763,20262691
rna_pathway_activity,PAAD,HALLMARK_TGF_BETA_SIGNALING,176,0.357017475978954,0.355382479763951,-0.00163499621500324,20262709
rna_pathway_activity,KIRP,HALLMARK_REACTIVE_OXYGEN_SPECIES_PATHWAY,272,0.355808026613168,0.356464689060475,0.000656662447307443,20261964
rna_pathway_activity,STAD,HALLMARK_MYC_TARGETS_V2,354,0.355529846552751,0.355529846552751,2.22044604925031e-16,20263338
rna_pathway_activity,THYM,HALLMARK_ANGIOGENESIS,117,0.354000241053955,0.35527791365217,0.00127767259821454,20263627
rna_pathway_activity,BRCA,HALLMARK_GLYCOLYSIS,1052,0.353693278063571,0.353610534934749,-8.27431288223934e-05,20261093
rna_pathway_activity,PCPG,HALLMARK_NOTCH_SIGNALING,176,0.353596348774619,0.353596348774619,-4.44089209850063e-16,20262803
rna_pathway_activity,KIRP,HALLMARK_BILE_ACID_METABOLISM,272,0.353564058267136,0.353172533106534,-0.000391525160602146,20261930
rna_pathway_activity,LIHC,HALLMARK_PEROXISOME,358,0.352960989309486,0.352960989309486,1.66533453693773e-16,20262172
rna_pathway_activity,PAAD,HALLMARK_IL2_STAT5_SIGNALING,176,0.352813051975616,0.349749356871818,-0.00306369510379828,20262688
rna_pathway_activity,KIRC,HALLMARK_NOTCH_SIGNALING,510,0.351615933047758,0.351687618242379,7.16851946211405e-05,20261850
rna_pathway_activity,TGCT,HALLMARK_KRAS_SIGNALING_UP,149,0.351080533791821,0.345983007537728,-0.00509752625409266,20263441
rna_pathway_activity,KIRC,HALLMARK_EPITHELIAL_MESENCHYMAL_TRANSITION,510,0.350715023846364,0.350709759251889,-5.26459447480754e-06,20261829
rna_pathway_activity,LIHC,HALLMARK_APICAL_SURFACE,358,0.350084642845675,0.350084642845675,1.11022302462516e-16,20262139
rna_pathway_activity,KIRC,HALLMARK_HYPOXIA,510,0.349917163623618,0.349972813694512,5.56500708942531e-05,20261837
rna_pathway_activity,PAAD,HALLMARK_IL6_JAK_STAT3_SIGNALING,176,0.349864433644847,0.346607505611839,-0.0032569280330077,20262689
rna_pathway_activity,GBM,HALLMARK_ALLOGRAFT_REJECTION,96,0.349844503444213,0.354819345464402,0.00497484202018933,20261502
rna_pathway_activity,TGCT,HALLMARK_BILE_ACID_METABOLISM,149,0.349374213151381,0.345308210427243,-0.00406600272413776,20263420
rna_pathway_activity,LGG,HALLMARK_APOPTOSIS,490,0.349372081544064,0.343505004307153,-0.00586707723691132,20262033
rna_pathway_activity,LIHC,HALLMARK_REACTIVE_OXYGEN_SPECIES_PATHWAY,358,0.349094712269224,0.349094712269224,5.55111512312578e-17,20262175
rna_pathway_activity,KIRP,HALLMARK_PEROXISOME,272,0.348630188989882,0.348957601913708,0.000327412923826265,20261961
rna_pathway_activity,BRCA,HALLMARK_IL6_JAK_STAT3_SIGNALING,1052,0.348430840597999,0.348106159508741,-0.000324681089257983,20261098
rna_pathway_activity,LUAD,HALLMARK_MYC_TARGETS_V1,462,0.348147620066171,0.347768947556649,-0.000378672509521671,20262273
rna_pathway_activity,CESC,HALLMARK_INTERFERON_GAMMA_RESPONSE,267,0.347536568968716,0.348152550863007,0.000615981894291351,20261209
rna_pathway_activity,THYM,HALLMARK_MTORC1_SIGNALING,117,0.344976263904526,0.344672817809702,-0.000303446094823634,20263654
rna_pathway_activity,THCA,HALLMARK_FATTY_ACID_METABOLISM,503,0.343871681406332,0.3438460369202,-2.5644486132459e-05,20263536
rna_pathway_activity,LIHC,HALLMARK_MYC_TARGETS_V1,358,0.341755878667902,0.341755878667902,3.33066907387547e-16,20262165
rna_pathway_activity,PCPG,HALLMARK_HYPOXIA,176,0.341743555301615,0.341743555301615,-2.77555756156289e-16,20262790
rna_pathway_activity,THYM,HALLMARK_WNT_BETA_CATENIN_SIGNALING,117,0.341708997245996,0.343842854235206,0.00213385698921009,20263672
rna_pathway_activity,KIRC,HALLMARK_OXIDATIVE_PHOSPHORYLATION,510,0.340558311587762,0.340600132851254,4.18212634922255e-05,20261851
rna_pathway_activity,LIHC,HALLMARK_IL6_JAK_STAT3_SIGNALING,358,0.340381406937389,0.340381406937389,5.55111512312578e-17,20262157
rna_pathway_activity,BLCA,HALLMARK_ESTROGEN_RESPONSE_EARLY,382,0.340185556355801,0.34045920180611,0.000273645450309445,20260981
rna_pathway_activity,BRCA,HALLMARK_APICAL_JUNCTION,1052,0.340130292837458,0.340420057735192,0.000289764897734135,20261079
rna_pathway_activity,LUAD,HALLMARK_INFLAMMATORY_RESPONSE,462,0.338010345333176,0.338138782479927,0.000128437146750593,20262266
rna_pathway_activity,STAD,HALLMARK_MYC_TARGETS_V1,354,0.33713126901775,0.33713126901775,-3.88578058618805e-16,20263337
rna_pathway_activity,TGCT,HALLMARK_REACTIVE_OXYGEN_SPECIES_PATHWAY,149,0.336923045295911,0.302300626473995,-0.0346224188219162,20263454
rna_pathway_activity,SARC,GOBP_VITAMIN_B6_METABOLIC_PROCESS,252,0.336489490177635,0.337176136215898,0.00068664603826335,20263090
rna_pathway_activity,UVM,HALLMARK_GLYCOLYSIS,80,0.336139956366557,0.336139956366557,-4.44089209850063e-16,20263951
rna_pathway_activity,LUAD,HALLMARK_INTERFERON_ALPHA_RESPONSE,462,0.336068738060605,0.33567392976029,-0.000394808300314575,20262267
rna_pathway_activity,SARC,HALLMARK_E2F_TARGETS,252,0.334334090910193,0.329626681805476,-0.0047074091047174,20263103
rna_pathway_activity,SARC,HALLMARK_KRAS_SIGNALING_UP,252,0.333884582838603,0.33133988999399,-0.00254469284461289,20263119
rna_pathway_activity,PAAD,HALLMARK_ANDROGEN_RESPONSE,176,0.33331530555605,0.333870520182374,0.000555214626323963,20262668
rna_pathway_activity,KICH,HALLMARK_G2M_CHECKPOINT,65,0.332558482658131,0.332558482658131,2.77555756156289e-16,20261726
rna_pathway_activity,LUSC,HALLMARK_G2M_CHECKPOINT,475,0.332325800125273,0.332542715422711,0.000216915297437836,20262367
rna_pathway_activity,THYM,HALLMARK_MYC_TARGETS_V1,117,0.33130005465612,0.333578198071736,0.0022781434156155,20263655
rna_pathway_activity,THCA,HALLMARK_ESTROGEN_RESPONSE_EARLY,503,0.330843939421692,0.3308627188144,1.87793927077795e-05,20263534
rna_pathway_activity,SARC,HALLMARK_UNFOLDED_PROTEIN_RESPONSE,252,0.330441438002002,0.32985162032146,-0.000589817680542337,20263136
rna_pathway_activity,THYM,HALLMARK_G2M_CHECKPOINT,117,0.329044956157893,0.332565091726216,0.00352013556832331,20263641
rna_pathway_activity,ACC,HALLMARK_COAGULATION,55,0.32851106597379,0.345561592209935,0.0170505262361454,20260868
rna_pathway_activity,TGCT,HALLMARK_FATTY_ACID_METABOLISM,149,0.328389930380345,0.325453074332598,-0.00293685604774668,20263429
rna_pathway_activity,BLCA,HALLMARK_INTERFERON_ALPHA_RESPONSE,382,0.326900447958454,0.326783110871581,-0.00011733708687317,20260992
rna_pathway_activity,SARC,HALLMARK_MYC_TARGETS_V2,252,0.326654104480324,0.32669281757457,3.87130942459124e-05,20263123
rna_pathway_activity,CESC,HALLMARK_ALLOGRAFT_REJECTION,267,0.32484314741082,0.325154014523372,0.000310867112552016,20261184
rna_pathway_activity,BRCA,HALLMARK_IL2_STAT5_SIGNALING,1052,0.324335707493655,0.32345840034294,-0.000877307150715156,20261097
rna_pathway_activity,SARC,HALLMARK_G2M_CHECKPOINT,252,0.323764053804143,0.321513559937549,-0.00225049386659387,20263108
rna_pathway_activity,KIRP,HALLMARK_MTORC1_SIGNALING,272,0.323643829293206,0.319443802175411,-0.00420002711779488,20261953
rna_pathway_activity,BRCA,HALLMARK_EPITHELIAL_MESENCHYMAL_TRANSITION,1052,0.323492322188638,0.326137374044756,0.00264505185611841,20261088
rna_pathway_activity,TGCT,HALLMARK_G2M_CHECKPOINT,149,0.322156878024845,0.334386485658201,0.0122296076333558,20263430
rna_pathway_activity,LIHC,HALLMARK_EPITHELIAL_MESENCHYMAL_TRANSITION,358,0.320990825612333,0.320990825612333,-4.9960036108132e-16,20262147
rna_pathway_activity,PRAD,HALLMARK_G2M_CHECKPOINT,400,0.320301909826735,0.321306999554746,0.0010050897280105,20262893
rna_pathway_activity,PAAD,HALLMARK_EPITHELIAL_MESENCHYMAL_TRANSITION,176,0.320040099495371,0.319930887960921,-0.00010921153445026,20262679
rna_pathway_activity,UCEC,HALLMARK_MYC_TARGETS_V2,492,0.319328354811244,0.317493553453268,-0.00183480135797642,20263764
rna_pathway_activity,BLCA,HALLMARK_APICAL_JUNCTION,382,0.3186637313962,0.318496716413755,-0.000167014982445257,20260971
rna_pathway_activity,SARC,HALLMARK_MYC_TARGETS_V1,252,0.317910757548065,0.301839089206721,-0.0160716683413438,20263122
rna_pathway_activity,PRAD,HALLMARK_E2F_TARGETS,400,0.317554763480155,0.319028228647751,0.00147346516759617,20262888
rna_pathway_activity,THYM,HALLMARK_TGF_BETA_SIGNALING,117,0.317534292524906,0.317886356766737,0.000352064241830929,20263667
rna_pathway_activity,GBM,HALLMARK_ANGIOGENESIS,96,0.317324516957937,0.312273883378706,-0.0050506335792308,20261504
rna_pathway_activity,SARC,HALLMARK_TNFA_SIGNALING_VIA_NFKB,252,0.316577520547215,0.314781317619436,-0.00179620292777882,20263135
rna_pathway_activity,UCS,HALLMARK_ESTROGEN_RESPONSE_LATE,53,0.315434170110255,0.317627424123165,0.00219325401291037,20263846
rna_pathway_activity,MESO,HALLMARK_MTORC1_SIGNALING,75,0.314246612300439,0.315014834625632,0.000768222325192858,20262483
rna_pathway_activity,BRCA,HALLMARK_PI3K_AKT_MTOR_SIGNALING,1052,0.313728572190647,0.313498644159638,-0.000229928031009075,20261114
rna_pathway_activity,BRCA,HALLMARK_INFLAMMATORY_RESPONSE,1052,0.312232427678024,0.311217162778054,-0.00101526489997034,20261099
rna_pathway_activity,BLCA,HALLMARK_TNFA_SIGNALING_VIA_NFKB,382,0.311877442142659,0.31205629326871,0.000178851126051316,20261011
rna_pathway_activity,OV,HALLMARK_FATTY_ACID_METABOLISM,69,0.311258428621447,0.311258428621447,-5.55111512312578e-17,20262574
rna_pathway_activity,LGG,HALLMARK_E2F_TARGETS,490,0.31115079128775,0.307980074042153,-0.0031707172455972,20262039
rna_pathway_activity,BLCA,HALLMARK_APOPTOSIS,382,0.311137981582232,0.311248904317875,0.00011092273564256,20260973
rna_pathway_activity,STAD,HALLMARK_UV_RESPONSE_DN,354,0.310874557325987,0.310874557325987,1.11022302462516e-16,20263352
rna_pathway_activity,TGCT,HALLMARK_DNA_REPAIR,149,0.310172296496855,0.313330521791952,0.00315822529509663,20263424
rna_pathway_activity,ESCA,HALLMARK_P53_PATHWAY,155,0.309521051889525,0.309521051889525,3.88578058618805e-16,20261433
rna_pathway_activity,LIHC,HALLMARK_NOTCH_SIGNALING,358,0.308941897878691,0.308941897878691,-3.33066907387547e-16,20262168
rna_pathway_activity,SARC,HALLMARK_REACTIVE_OXYGEN_SPECIES_PATHWAY,252,0.308602239485974,0.309503758744717,0.000901519258743266,20263132
rna_pathway_activity,LIHC,HALLMARK_IL2_STAT5_SIGNALING,358,0.307852619756086,0.307852619756086,-4.44089209850063e-16,20262156
rna_pathway_activity,KIRC,HALLMARK_COMPLEMENT,510,0.307321170351121,0.307311758307384,-9.41204373666737e-06,20261826
rna_pathway_activity,BRCA,HALLMARK_INTERFERON_GAMMA_RESPONSE,1052,0.306875363668007,0.306181671611035,-0.000693692056971618,20261101
rna_pathway_activity,BRCA,GOBP_VITAMIN_B6_METABOLIC_PROCESS,1052,0.306756043101693,0.306910538714567,0.000154495612874395,20261074
rna_pathway_activity,BRCA,HALLMARK_COMPLEMENT,1052,0.306246095437676,0.305390175490923,-0.000855919946752604,20261085
rna_pathway_activity,PCPG,HALLMARK_WNT_BETA_CATENIN_SIGNALING,176,0.305784584641344,0.305784584641344,-3.88578058618805e-16,20262817
rna_pathway_activity,THYM,HALLMARK_OXIDATIVE_PHOSPHORYLATION,117,0.305620048346552,0.305452987350863,-0.000167060995688861,20263659
rna_pathway_activity,BRCA,HALLMARK_MYOGENESIS,1052,0.305590940986147,0.305766379423387,0.00017543843724005,20261108
rna_pathway_activity,PAAD,HALLMARK_MITOTIC_SPINDLE,176,0.304992759101432,0.305797967881523,0.000805208780090938,20262695
rna_pathway_activity,SARC,HALLMARK_INTERFERON_ALPHA_RESPONSE,252,0.304422015528395,0.305595841828912,0.00117382630051721,20263116
rna_pathway_activity,MESO,HALLMARK_EPITHELIAL_MESENCHYMAL_TRANSITION,75,0.304408272781986,0.304374276461662,-3.39963203241922e-05,20262466
rna_pathway_activity,THYM,HALLMARK_MYC_TARGETS_V2,117,0.304120056918142,0.303200411911171,-0.000919645006971448,20263656
rna_pathway_activity,SARC,HALLMARK_ANGIOGENESIS,252,0.303459875726734,0.299127299115327,-0.00433257661140712,20263094
rna_pathway_activity,ACC,HALLMARK_EPITHELIAL_MESENCHYMAL_TRANSITION,55,0.303312359896143,0.315646556130653,0.0123341962345103,20260872
rna_pathway_activity,LUAD,HALLMARK_IL2_STAT5_SIGNALING,462,0.302841803398481,0.302390246918724,-0.000451556479757032,20262264
rna_pathway_activity,LIHC,HALLMARK_INFLAMMATORY_RESPONSE,358,0.302732759999977,0.302732759999977,3.88578058618805e-16,20262158
rna_pathway_activity,OV,HALLMARK_UV_RESPONSE_UP,69,0.302281738343691,0.302281738343691,-2.22044604925031e-16,20262605
rna_pathway_activity,THCA,HALLMARK_E2F_TARGETS,503,0.30196898065843,0.302098418936753,0.000129438278323402,20263532
rna_pathway_activity,LUAD,HALLMARK_APICAL_JUNCTION,462,0.301780127520824,0.301382509959368,-0.000397617561456343,20262246
rna_pathway_activity,BLCA,HALLMARK_UNFOLDED_PROTEIN_RESPONSE,382,0.30173875424491,0.302022065653962,0.000283311409052078,20261012
rna_pathway_activity,PAAD,HALLMARK_HYPOXIA,176,0.301669639310734,0.300681664740329,-0.000987974570405226,20262687
rna_pathway_activity,LUSC,HALLMARK_MYC_TARGETS_V1,475,0.300893050320708,0.300403662535615,-0.000489387785093443,20262381
rna_pathway_activity,UCEC,HALLMARK_MYC_TARGETS_V1,492,0.299713191461497,0.299143234216159,-0.000569957245338371,20263763
rna_pathway_activity,LGG,HALLMARK_IL6_JAK_STAT3_SIGNALING,490,0.299535160467196,0.294988625972565,-0.00454653449463066,20262050
rna_pathway_activity,CESC,HALLMARK_IL6_JAK_STAT3_SIGNALING,267,0.299506584215518,0.299162871712552,-0.000343712502966387,20261206
rna_pathway_activity,THCA,HALLMARK_HYPOXIA,503,0.299308933181916,0.299292508653365,-1.64245285508846e-05,20263541
rna_pathway_activity,UCEC,HALLMARK_E2F_TARGETS,492,0.29884373297534,0.299079417843933,0.000235684868592878,20263744
rna_pathway_activity,LUAD,HALLMARK_KRAS_SIGNALING_UP,462,0.2981746952516,0.297930498565463,-0.000244196686136955,20262270
rna_pathway_activity,OV,HALLMARK_INFLAMMATORY_RESPONSE,69,0.297594192140834,0.297594192140834,-5.55111512312578e-17,20262582
rna_pathway_activity,BRCA,HALLMARK_KRAS_SIGNALING_UP,1052,0.297156949060548,0.297192049417016,3.5100356468365e-05,20261103
rna_pathway_activity,LUAD,HALLMARK_COMPLEMENT,462,0.296645716547849,0.296128035698652,-0.000517680849196678,20262252
rna_pathway_activity,KIRC,HALLMARK_INTERFERON_ALPHA_RESPONSE,510,0.296248505177567,0.281608472615783,-0.0146400325617843,20261841
rna_pathway_activity,LUAD,HALLMARK_P53_PATHWAY,462,0.295966696155504,0.295578153861892,-0.000388542293612348,20262278
rna_pathway_activity,PCPG,HALLMARK_ANGIOGENESIS,176,0.295690515938802,0.295690515938803,5.55111512312578e-16,20262772
rna_pathway_activity,TGCT,GOBP_VITAMIN_B6_METABOLIC_PROCESS,149,0.2953157794639,0.301188748294041,0.00587296883014143,20263412
rna_pathway_activity,BLCA,HALLMARK_MYC_TARGETS_V1,382,0.295162592936165,0.295998388805156,0.000835795868991185,20260998
rna_pathway_activity,LIHC,HALLMARK_MYOGENESIS,358,0.295008779585745,0.295008779585745,1.11022302462516e-16,20262167
rna_pathway_activity,CESC,HALLMARK_TNFA_SIGNALING_VIA_NFKB,267,0.29495386379236,0.294806587449544,-0.000147276342815528,20261227
rna_pathway_activity,BRCA,HALLMARK_APICAL_SURFACE,1052,0.294842506663795,0.294570915488378,-0.000271591175416586,20261080
rna_pathway_activity,CESC,HALLMARK_INTERFERON_ALPHA_RESPONSE,267,0.294008246725396,0.294027442586154,1.91958607581033e-05,20261208
rna_pathway_activity,BRCA,HALLMARK_TNFA_SIGNALING_VIA_NFKB,1052,0.293627682123408,0.293628906360405,1.22423699738805e-06,20261119
rna_pathway_activity,KIRC,HALLMARK_E2F_TARGETS,510,0.292036560230823,0.292017165685992,-1.93945448311861e-05,20261828
rna_pathway_activity,LGG,GOBP_VITAMIN_B6_METABOLIC_PROCESS,490,0.291850221057169,0.287107814174235,-0.00474240688293376,20262026
rna_pathway_activity,LGG,HALLMARK_G2M_CHECKPOINT,490,0.290430708751864,0.286714575313718,-0.00371613343814575,20262044
rna_pathway_activity,KIRC,HALLMARK_APOPTOSIS,510,0.290240673558396,0.290249480605942,8.80704754624428e-06,20261822
rna_pathway_activity,BLCA,HALLMARK_KRAS_SIGNALING_UP,382,0.289145893987591,0.28990323745309,0.000757343465499105,20260995
rna_pathway_activity,THYM,REACTOME_GLUTATHIONE_SYNTHESIS_AND_RECYCLING,117,0.288526940790519,0.288801315806525,0.000274375016005579,20263674
rna_pathway_activity,TGCT,HALLMARK_HEME_METABOLISM,149,0.2879662561393,0.306429600267469,0.0184633441281688,20263433
rna_pathway_activity,THCA,HALLMARK_ANGIOGENESIS,503,0.287874922430466,0.287666424717742,-0.000208497712724465,20263523
rna_pathway_activity,PAAD,HALLMARK_UV_RESPONSE_DN,176,0.287644490879798,0.289891685440014,0.00224719456021588,20262712
rna_pathway_activity,THYM,HALLMARK_ESTROGEN_RESPONSE_EARLY,117,0.286274253850531,0.286447428529465,0.000173174678934129,20263638
rna_pathway_activity,UCEC,HALLMARK_G2M_CHECKPOINT,492,0.284447504750529,0.28431727056299,-0.000130234187538714,20263749
rna_pathway_activity,LIHC,HALLMARK_MYC_TARGETS_V2,358,0.283827065394045,0.283827065394045,-4.44089209850063e-16,20262166
rna_pathway_activity,LIHC,HALLMARK_COAGULATION,358,0.283657665623776,0.283657665623776,1.66533453693773e-16,20262143
rna_pathway_activity,KIRC,HALLMARK_KRAS_SIGNALING_UP,510,0.283551598287482,0.28353470763933,-1.68906481518016e-05,20261844
rna_pathway_activity,HNSC,HALLMARK_INTERFERON_ALPHA_RESPONSE,442,0.283011492232277,0.282702061488447,-0.000309430743829553,20261633
rna_pathway_activity,ACC,HALLMARK_FATTY_ACID_METABOLISM,55,0.281259098993518,0.217881008470114,-0.0633780905234037,20260875
rna_pathway_activity,BLCA,HALLMARK_MTORC1_SIGNALING,382,0.281175757341391,0.282477703506974,0.00130194616558255,20260997
rna_pathway_activity,BRCA,HALLMARK_ESTROGEN_RESPONSE_LATE,1052,0.280787006668127,0.280990566812092,0.000203560143964887,20261090
rna_pathway_activity,UCEC,HALLMARK_ALLOGRAFT_REJECTION,492,0.280642214189744,0.280989744763654,0.00034753057391046,20263733
rna_pathway_activity,LIHC,HALLMARK_P53_PATHWAY,358,0.280352783829303,0.280352783829303,-1.66533453693773e-16,20262170
rna_pathway_activity,LIHC,HALLMARK_PI3K_AKT_MTOR_SIGNALING,358,0.280058814132793,0.280058814132793,-3.33066907387547e-16,20262173
rna_pathway_activity,LIHC,HALLMARK_DNA_REPAIR,358,0.27998239196044,0.27998239196044,-1.66533453693773e-16,20262145
rna_pathway_activity,HNSC,HALLMARK_INTERFERON_GAMMA_RESPONSE,442,0.279664005991543,0.279276527390774,-0.000387478600769098,20261634
rna_pathway_activity,KIRP,GOBP_VITAMIN_B6_METABOLIC_PROCESS,272,0.279626374905486,0.279399497748859,-0.000226877156626781,20261922
rna_pathway_activity,UCS,HALLMARK_P53_PATHWAY,53,0.279495926003822,0.251580839380985,-0.0279150866228373,20263867
rna_pathway_activity,PAAD,HALLMARK_G2M_CHECKPOINT,176,0.278019124134735,0.271925413802927,-0.00609371033180756,20262683
rna_pathway_activity,PAAD,HALLMARK_CHOLESTEROL_HOMEOSTASIS,176,0.277790267834392,0.276368239539236,-0.00142202829515603,20262674
rna_pathway_activity,LGG,HALLMARK_NOTCH_SIGNALING,490,0.277287024010229,0.279130248461993,0.00184322445176355,20262061
rna_pathway_activity,PAAD,HALLMARK_KRAS_SIGNALING_UP,176,0.277171637985686,0.273540415250408,-0.00363122273527849,20262694
rna_pathway_activity,THYM,HALLMARK_MYOGENESIS,117,0.276940167688192,0.27770732730325,0.000767159615057966,20263657
rna_pathway_activity,CESC,HALLMARK_INFLAMMATORY_RESPONSE,267,0.276862876023981,0.276760050318572,-0.000102825705408705,20261207
rna_pathway_activity,TGCT,HALLMARK_PI3K_AKT_MTOR_SIGNALING,149,0.276423847236508,0.27927159073058,0.00284774349407219,20263452
rna_pathway_activity,THCA,HALLMARK_NOTCH_SIGNALING,503,0.275829835386101,0.275992772827532,0.000162937441431421,20263554
rna_pathway_activity,LGG,HALLMARK_INTERFERON_GAMMA_RESPONSE,490,0.275822438766063,0.274993203142962,-0.000829235623101276,20262053
rna_pathway_activity,LUSC,HALLMARK_P53_PATHWAY,475,0.27559968873057,0.275699511739935,9.98230093647856e-05,20262386
rna_pathway_activity,LIHC,HALLMARK_MITOTIC_SPINDLE,358,0.27559648178219,0.27559648178219,0,20262163
rna_pathway_activity,BRCA,HALLMARK_APOPTOSIS,1052,0.2753182140459,0.277031105108875,0.00171289106297506,20261081
rna_pathway_activity,PCPG,HALLMARK_IL2_STAT5_SIGNALING,176,0.274445394207092,0.274445394207092,-2.22044604925031e-16,20262791
rna_pathway_activity,OV,HALLMARK_COAGULATION,69,0.274068928981259,0.274068928981259,4.44089209850063e-16,20262567
rna_pathway_activity,THCA,HALLMARK_PANCREAS_BETA_CELLS,503,0.27395577578177,0.273979499522091,2.37237403207802e-05,20263557
rna_pathway_activity,THYM,HALLMARK_UV_RESPONSE_UP,117,0.272809796429225,0.270918488985188,-0.00189130744403698,20263671
rna_pathway_activity,LGG,HALLMARK_XENOBIOTIC_METABOLISM,490,0.272732925716951,0.263381889171892,-0.00935103654505892,20262076
rna_pathway_activity,LUSC,HALLMARK_SPERMATOGENESIS,475,0.272403502015283,0.27242207503399,1.85730187067246e-05,20262392
rna_pathway_activity,BLCA,HALLMARK_ESTROGEN_RESPONSE_LATE,382,0.271188478745194,0.271362508307722,0.000174029562528155,20260982
rna_pathway_activity,KIRC,HALLMARK_TNFA_SIGNALING_VIA_NFKB,510,0.271036373256202,0.271030744606883,-5.62864931885621e-06,20261860
rna_pathway_activity,LUAD,HALLMARK_PI3K_AKT_MTOR_SIGNALING,462,0.271031841734184,0.270549357009536,-0.00048248472464768,20262281
rna_pathway_activity,UCS,HALLMARK_MYOGENESIS,53,0.270413045752666,0.10897605202275,-0.161436993729917,20263864
rna_pathway_activity,GBM,HALLMARK_TNFA_SIGNALING_VIA_NFKB,96,0.269994820835171,0.276415348134822,0.00642052729965104,20261545
rna_pathway_activity,ACC,HALLMARK_IL2_STAT5_SIGNALING,55,0.269987886138329,0.285192063528679,0.0152041773903496,20260881
rna_pathway_activity,THYM,HALLMARK_CHOLESTEROL_HOMEOSTASIS,117,0.269648349946719,0.268861090666345,-0.000787259280373764,20263632
rna_pathway_activity,LGG,HALLMARK_BILE_ACID_METABOLISM,490,0.269062676412576,0.263963697415213,-0.00509897899736256,20262034
rna_pathway_activity,MESO,HALLMARK_IL6_JAK_STAT3_SIGNALING,75,0.268796625339009,0.269065006299652,0.000268380960643244,20262476
rna_pathway_activity,TGCT,HALLMARK_INTERFERON_ALPHA_RESPONSE,149,0.267637858708389,0.236003612729653,-0.0316342459787363,20263438
rna_pathway_activity,HNSC,HALLMARK_E2F_TARGETS,442,0.26724363340126,0.267273209797166,2.95763959059503e-05,20261620
rna_pathway_activity,THYM,HALLMARK_HEDGEHOG_SIGNALING,117,0.26666671436717,0.264652529961091,-0.00201418440607931,20263643
rna_pathway_activity,STAD,HALLMARK_UNFOLDED_PROTEIN_RESPONSE,354,0.266355658219209,0.266355658219208,-6.10622663543836e-16,20263351
rna_pathway_activity,OV,HALLMARK_ANDROGEN_RESPONSE,69,0.265497673204521,0.265497673204521,-1.11022302462516e-16,20262560
rna_pathway_activity,THYM,HALLMARK_ESTROGEN_RESPONSE_LATE,117,0.265431125528161,0.295041595275342,0.029610469747181,20263639
rna_pathway_activity,LIHC,GOBP_VITAMIN_B6_METABOLIC_PROCESS,358,0.265112586770912,0.265112586770912,-3.33066907387547e-16,20262133
rna_pathway_activity,BRCA,HALLMARK_COAGULATION,1052,0.264533423717037,0.264462809194494,-7.06145225430332e-05,20261084
rna_pathway_activity,BRCA,HALLMARK_NOTCH_SIGNALING,1052,0.264187309543399,0.263578564112552,-0.000608745430846769,20261109
rna_pathway_activity,LGG,HALLMARK_MTORC1_SIGNALING,490,0.263882984487193,0.259447164964693,-0.00443581952249955,20262057
rna_pathway_activity,OV,HALLMARK_HYPOXIA,69,0.263595821604311,0.263595821604311,-2.77555756156289e-16,20262579
rna_pathway_activity,THYM,HALLMARK_TNFA_SIGNALING_VIA_NFKB,117,0.263025231192948,0.263279074256572,0.000253843063624137,20263668
rna_pathway_activity,THYM,HALLMARK_KRAS_SIGNALING_DN,117,0.262196467254906,0.246320375287473,-0.0158760919674333,20263651
rna_pathway_activity,THYM,HALLMARK_EPITHELIAL_MESENCHYMAL_TRANSITION,117,0.261760963065318,0.26345510824278,0.00169414517746186,20263637
rna_pathway_activity,LUSC,HALLMARK_ALLOGRAFT_REJECTION,475,0.261485610050272,0.261211429530213,-0.000274180520059397,20262351
rna_pathway_activity,BRCA,HALLMARK_UV_RESPONSE_UP,1052,0.260586039611741,0.260369331742915,-0.000216707868825772,20261122
rna_pathway_activity,ACC,HALLMARK_MYC_TARGETS_V2,55,0.260414312652413,0.306114792844302,0.0457004801918886,20260891
rna_pathway_activity,STAD,HALLMARK_EPITHELIAL_MESENCHYMAL_TRANSITION,354,0.259237215685312,0.259237215685312,1.11022302462516e-16,20263319
rna_pathway_activity,KIRC,HALLMARK_APICAL_JUNCTION,510,0.259162766240009,0.259148852642834,-1.39135971747306e-05,20261820
rna_pathway_activity,GBM,HALLMARK_KRAS_SIGNALING_UP,96,0.258770938671141,0.261916923064783,0.00314598439364233,20261529
rna_pathway_activity,STAD,HALLMARK_DNA_REPAIR,354,0.258036166270448,0.258036166270448,3.33066907387547e-16,20263317
rna_pathway_activity,THCA,HALLMARK_G2M_CHECKPOINT,503,0.257846253395276,0.25790660683755,6.03534422738417e-05,20263537
rna_pathway_activity,LGG,HALLMARK_MYC_TARGETS_V2,490,0.257675678384134,0.255831642804997,-0.00184403557913665,20262059
rna_pathway_activity,KIRP,HALLMARK_INTERFERON_GAMMA_RESPONSE,272,0.257527670827143,0.256142569308014,-0.00138510151912952,20261949
rna_pathway_activity,LGG,REACTOME_GLUTATHIONE_SYNTHESIS_AND_RECYCLING,490,0.257457666790393,0.234393041075554,-0.0230646257148385,20262077
rna_pathway_activity,LUSC,HALLMARK_IL6_JAK_STAT3_SIGNALING,475,0.25706226975803,0.256810152181324,-0.000252117576706123,20262373
rna_pathway_activity,THYM,HALLMARK_REACTIVE_OXYGEN_SPECIES_PATHWAY,117,0.25686286298035,0.253212715727473,-0.00365014725287749,20263665
rna_pathway_activity,TGCT,HALLMARK_SPERMATOGENESIS,149,0.256111324917928,0.260799370941662,0.00468804602373418,20263455
rna_pathway_activity,LIHC,HALLMARK_MTORC1_SIGNALING,358,0.256067164547509,0.256067164547509,2.22044604925031e-16,20262164
rna_pathway_activity,BLCA,HALLMARK_UV_RESPONSE_UP,382,0.256050717559255,0.256223688767495,0.000172971208240225,20261014
rna_pathway_activity,KIRC,HALLMARK_COAGULATION,510,0.255388509365455,0.255377494730661,-1.10146347942486e-05,20261825
rna_pathway_activity,PCPG,HALLMARK_IL6_JAK_STAT3_SIGNALING,176,0.254208316367796,0.254208316367796,3.88578058618805e-16,20262792
rna_pathway_activity,PAAD,HALLMARK_ANGIOGENESIS,176,0.254030050075936,0.251827575658629,-0.00220247441730675,20262669
rna_pathway_activity,LIHC,HALLMARK_UV_RESPONSE_UP,358,0.253985371284849,0.253985371284849,0,20262181
rna_pathway_activity,KIRP,REACTOME_GLUTATHIONE_SYNTHESIS_AND_RECYCLING,272,0.253841036957362,0.255063124739053,0.00122208778169125,20261973
rna_pathway_activity,KIRP,HALLMARK_IL6_JAK_STAT3_SIGNALING,272,0.253813424940195,0.254581445187705,0.00076802024750966,20261946
rna_pathway_activity,BRCA,HALLMARK_BILE_ACID_METABOLISM,1052,0.252569681236006,0.252570823625399,1.14238939319389e-06,20261082
rna_pathway_activity,LGG,HALLMARK_INFLAMMATORY_RESPONSE,490,0.25150118479936,0.244580497302256,-0.00692068749710428,20262051
rna_pathway_activity,CESC,HALLMARK_APOPTOSIS,267,0.251113519058059,0.250839759902531,-0.000273759155528408,20261189
rna_pathway_activity,COAD,HALLMARK_INTERFERON_GAMMA_RESPONSE,424,0.251065828376775,0.251015310268546,-5.05181082294803e-05,20261317
rna_pathway_activity,KIRP,HALLMARK_COAGULATION,272,0.250783841345544,0.250154724500433,-0.000629116845110689,20261932
rna_pathway_activity,STAD,HALLMARK_GLYCOLYSIS,354,0.250289231363837,0.250289231363837,-3.88578058618805e-16,20263324
rna_pathway_activity,THYM,HALLMARK_PANCREAS_BETA_CELLS,117,0.24867315928931,0.247905995934215,-0.000767163355094525,20263661
rna_pathway_activity,LIHC,HALLMARK_APOPTOSIS,358,0.247876093495512,0.247876093495512,3.05311331771918e-16,20262140
rna_pathway_activity,BRCA,HALLMARK_ANGIOGENESIS,1052,0.24787122188827,0.247017261799591,-0.00085396008867894,20261078
rna_pathway_activity,OV,HALLMARK_IL2_STAT5_SIGNALING,69,0.247865837321947,0.247865837321947,-4.44089209850063e-16,20262580
rna_pathway_activity,LGG,HALLMARK_IL2_STAT5_SIGNALING,490,0.247635067009717,0.240848164157376,-0.00678690285234102,20262049
rna_pathway_activity,PAAD,HALLMARK_MYC_TARGETS_V1,176,0.247451746207351,0.253249520365143,0.00579777415779159,20262697
rna_pathway_activity,ACC,HALLMARK_E2F_TARGETS,55,0.246970527419622,0.342221047228358,0.0952505198087364,20260871
rna_pathway_activity,LUAD,HALLMARK_TNFA_SIGNALING_VIA_NFKB,462,0.246455548659031,0.246779017249524,0.00032346859049312,20262286
rna_pathway_activity,GBM,HALLMARK_PEROXISOME,96,0.246072542545241,0.255625490966603,0.00955294842136181,20261539
rna_pathway_activity,LUAD,HALLMARK_GLYCOLYSIS,462,0.245478959185047,0.245619005971714,0.000140046786666598,20262260
rna_pathway_activity,KIRP,HALLMARK_INFLAMMATORY_RESPONSE,272,0.245380005393945,0.24559897695536,0.000218971561415038,20261947
rna_pathway_activity,GBM,HALLMARK_INTERFERON_GAMMA_RESPONSE,96,0.24451770782241,0.247163535201311,0.0026458273789014,20261527
rna_pathway_activity,BLCA,HALLMARK_ANGIOGENESIS,382,0.243937823851122,0.243767847034896,-0.000169976816226491,20260970
rna_pathway_activity,BRCA,HALLMARK_P53_PATHWAY,1052,0.242937005151658,0.242935570162799,-1.43498885890603e-06,20261111
rna_pathway_activity,BRCA,HALLMARK_HYPOXIA,1052,0.24229159023975,0.242274136797083,-1.74534426667927e-05,20261096
rna_pathway_activity,UVM,HALLMARK_TNFA_SIGNALING_VIA_NFKB,80,0.241490218792421,0.241490218792421,-3.88578058618805e-16,20263977
rna_pathway_activity,BLCA,HALLMARK_P53_PATHWAY,382,0.241021112363584,0.24176792024986,0.000746807886276263,20261003
rna_pathway_activity,UVM,GOBP_VITAMIN_B6_METABOLIC_PROCESS,80,0.240893443941286,0.240893443941286,-2.77555756156289e-17,20263932
rna_pathway_activity,LGG,HALLMARK_KRAS_SIGNALING_UP,490,0.240838887143428,0.233736201696132,-0.00710268544729603,20262055
rna_pathway_activity,PCPG,HALLMARK_COAGULATION,176,0.240603111272756,0.240603111272756,-4.16333634234434e-16,20262778
rna_pathway_activity,STAD,HALLMARK_ALLOGRAFT_REJECTION,354,0.240223640433883,0.240223640433883,4.44089209850063e-16,20263307
rna_pathway_activity,LIHC,HALLMARK_COMPLEMENT,358,0.239772836647637,0.239772836647637,-1.66533453693773e-16,20262144
rna_pathway_activity,THYM,HALLMARK_UV_RESPONSE_DN,117,0.239416545527734,0.23896315716301,-0.000453388364724028,20263670
rna_pathway_activity,ACC,HALLMARK_OXIDATIVE_PHOSPHORYLATION,55,0.239391188652917,0.239667360622895,0.000276171969978173,20260894
rna_pathway_activity,LGG,HALLMARK_ESTROGEN_RESPONSE_LATE,490,0.23889974447054,0.237079352037765,-0.00182039243277501,20262042
rna_pathway_activity,KIRP,HALLMARK_MYC_TARGETS_V2,272,0.237906908795709,0.237148855140603,-0.000758053655106089,20261955
rna_pathway_activity,SARC,HALLMARK_P53_PATHWAY,252,0.237766732142109,0.237101195676571,-0.000665536465537714,20263127
rna_pathway_activity,KIRP,HALLMARK_COMPLEMENT,272,0.237655261021106,0.239486622271899,0.00183136125079331,20261933
rna_pathway_activity,UVM,HALLMARK_UV_RESPONSE_UP,80,0.237468816701497,0.237468816701497,-2.22044604925031e-16,20263980
rna_pathway_activity,HNSC,HALLMARK_MYOGENESIS,442,0.237447056528135,0.237427513734108,-1.95427940271331e-05,20261641
rna_pathway_activity,UVM,HALLMARK_XENOBIOTIC_METABOLISM,80,0.237440049037205,0.237440049037205,2.77555756156289e-16,20263982
rna_pathway_activity,KIRC,HALLMARK_GLYCOLYSIS,510,0.237233986401865,0.237328309866406,9.43234645408575e-05,20261834
rna_pathway_activity,OV,HALLMARK_TNFA_SIGNALING_VIA_NFKB,69,0.237082163152103,0.237082163152103,5.55111512312578e-17,20262602
rna_pathway_activity,KIRP,HALLMARK_HEME_METABOLISM,272,0.236782876351279,0.236342857660537,-0.000440018690741811,20261943
rna_pathway_activity,BRCA,HALLMARK_UV_RESPONSE_DN,1052,0.235920589636451,0.235815350453941,-0.000105239182509903,20261121
rna_pathway_activity,LIHC,HALLMARK_TGF_BETA_SIGNALING,358,0.235824389224355,0.235824389224355,-3.33066907387547e-16,20262177
rna_pathway_activity,LUAD,HALLMARK_NOTCH_SIGNALING,462,0.235208283676246,0.235061336173534,-0.000146947502711908,20262276
rna_pathway_activity,LGG,HALLMARK_REACTIVE_OXYGEN_SPECIES_PATHWAY,490,0.234430504297924,0.234086593750973,-0.000343910546951265,20262068
rna_pathway_activity,BRCA,HALLMARK_WNT_BETA_CATENIN_SIGNALING,1052,0.234089816059577,0.234204104309502,0.000114288249925459,20261123
rna_pathway_activity,UCS,HALLMARK_KRAS_SIGNALING_UP,53,0.233606497843384,0.207018675402483,-0.0265878224409009,20263859
rna_pathway_activity,THYM,HALLMARK_INTERFERON_GAMMA_RESPONSE,117,0.233399852024561,0.231719700926023,-0.00168015109853789,20263650
rna_pathway_activity,LUSC,HALLMARK_TNFA_SIGNALING_VIA_NFKB,475,0.233328480867033,0.233008942179341,-0.000319538687692023,20262394
rna_pathway_activity,COAD,HALLMARK_ALLOGRAFT_REJECTION,424,0.232790026994409,0.232935074542523,0.000145047548114258,20261292
rna_pathway_activity,PAAD,HALLMARK_COAGULATION,176,0.231466703397256,0.229236410693418,-0.00223029270383784,20262675
rna_pathway_activity,HNSC,HALLMARK_ALLOGRAFT_REJECTION,442,0.230916940395346,0.231274665008981,0.000357724613635424,20261609
rna_pathway_activity,LIHC,HALLMARK_SPERMATOGENESIS,358,0.230593090303007,0.230593090303007,-3.33066907387547e-16,20262176
rna_pathway_activity,LUSC,HALLMARK_ANGIOGENESIS,475,0.230546496921891,0.229421893088384,-0.00112460383350654,20262353
rna_pathway_activity,ACC,HALLMARK_PI3K_AKT_MTOR_SIGNALING,55,0.230387803150591,0.247967533939054,0.0175797307884633,20260898
rna_pathway_activity,THCA,HALLMARK_KRAS_SIGNALING_DN,503,0.230213400696754,0.23019472315084,-1.86775459138921e-05,20263547
rna_pathway_activity,STAD,HALLMARK_INTERFERON_GAMMA_RESPONSE,354,0.228610992382126,0.228610992382126,-3.33066907387547e-16,20263332
rna_pathway_activity,HNSC,HALLMARK_GLYCOLYSIS,442,0.228572938143663,0.228601277961643,2.83398179800887e-05,20261626
rna_pathway_activity,BRCA,HALLMARK_KRAS_SIGNALING_DN,1052,0.228506897436041,0.228869983023381,0.000363085587340467,20261102
rna_pathway_activity,BLCA,HALLMARK_APICAL_SURFACE,382,0.228160334950583,0.227656250954623,-0.000504083995959498,20260972
rna_pathway_activity,LGG,HALLMARK_TNFA_SIGNALING_VIA_NFKB,490,0.227743361487158,0.226433488718134,-0.00130987276902361,20262071
rna_pathway_activity,THYM,HALLMARK_APICAL_JUNCTION,117,0.227323339704199,0.229281603630827,0.00195826392662807,20263628
rna_pathway_activity,LUSC,HALLMARK_COAGULATION,475,0.227266897736048,0.227234814544503,-3.20831915448794e-05,20262359
rna_pathway_activity,LIHC,HALLMARK_INTERFERON_GAMMA_RESPONSE,358,0.227068289627931,0.227068289627931,3.60822483003176e-16,20262160
rna_pathway_activity,MESO,HALLMARK_IL2_STAT5_SIGNALING,75,0.22644189104258,0.227766857344589,0.00132496630200923,20262475
rna_pathway_activity,BLCA,HALLMARK_COAGULATION,382,0.226297251937365,0.226813382650719,0.000516130713353602,20260976
rna_pathway_activity,BLCA,HALLMARK_MYOGENESIS,382,0.226075900344982,0.230685587292889,0.004609686947907,20261000
rna_pathway_activity,THYM,HALLMARK_COAGULATION,117,0.225892101717921,0.225850237609128,-4.18641087934213e-05,20263633
rna_pathway_activity,OV,HALLMARK_ALLOGRAFT_REJECTION,69,0.225778109270312,0.225778109270312,-5.55111512312578e-17,20262559
rna_pathway_activity,LIHC,HALLMARK_HEDGEHOG_SIGNALING,358,0.225677534964919,0.225677534964919,-1.66533453693773e-16,20262153
rna_pathway_activity,STAD,HALLMARK_APICAL_JUNCTION,354,0.225198668558233,0.225198668558233,4.44089209850063e-16,20263310
rna_pathway_activity,HNSC,HALLMARK_DNA_REPAIR,442,0.225030414793252,0.224663103220595,-0.000367311572656653,20261619
rna_pathway_activity,THCA,HALLMARK_MTORC1_SIGNALING,503,0.224981390588627,0.225074389328206,9.29987395787701e-05,20263550
rna_pathway_activity,LGG,HALLMARK_HYPOXIA,490,0.22439851310904,0.218899008355206,-0.00549950475383418,20262048
rna_pathway_activity,LGG,HALLMARK_PEROXISOME,490,0.224201879364638,0.220511478998036,-0.00369040036660198,20262065
rna_pathway_activity,LIHC,HALLMARK_ESTROGEN_RESPONSE_EARLY,358,0.224200811544016,0.224200811544016,-3.88578058618805e-16,20262148
rna_pathway_activity,THCA,GOBP_VITAMIN_B6_METABOLIC_PROCESS,503,0.223834138324843,0.223885136377775,5.0998052932405e-05,20263519
rna_pathway_activity,ACC,HALLMARK_PEROXISOME,55,0.223294117802175,0.222532743178192,-0.000761374623982847,20260897
rna_pathway_activity,ESCA,HALLMARK_PANCREAS_BETA_CELLS,155,0.223013497304762,0.223013497304762,1.66533453693773e-16,20261434
rna_pathway_activity,SARC,HALLMARK_WNT_BETA_CATENIN_SIGNALING,252,0.222809250613252,0.223717357168512,0.000908106555259608,20263139
rna_pathway_activity,UCEC,HALLMARK_ESTROGEN_RESPONSE_EARLY,492,0.222339843807441,0.222017622947776,-0.000322220859664851,20263746
rna_pathway_activity,BRCA,HALLMARK_SPERMATOGENESIS,1052,0.222147694819299,0.222523318571393,0.000375623752094406,20261117
rna_pathway_activity,CESC,HALLMARK_COMPLEMENT,267,0.222089594284691,0.221897610453718,-0.000191983830973519,20261193
rna_pathway_activity,LIHC,HALLMARK_KRAS_SIGNALING_UP,358,0.220988943711535,0.220988943711535,-1.11022302462516e-16,20262162
rna_pathway_activity,CESC,HALLMARK_PI3K_AKT_MTOR_SIGNALING,267,0.220957004391333,0.221130198437632,0.000173194046299258,20261222
rna_pathway_activity,LGG,HALLMARK_TGF_BETA_SIGNALING,490,0.220470899167804,0.209260455862666,-0.0112104433051377,20262070
rna_pathway_activity,KIRP,HALLMARK_UV_RESPONSE_UP,272,0.220051259485074,0.219641647650604,-0.000409611834469664,20261970
rna_pathway_activity,KIRC,HALLMARK_G2M_CHECKPOINT,510,0.220049850732481,0.220030834650971,-1.90160815099483e-05,20261833
rna_pathway_activity,COAD,HALLMARK_MYOGENESIS,424,0.21978778888848,0.219849302652358,6.15137638783625e-05,20261324
rna_pathway_activity,SARC,HALLMARK_NOTCH_SIGNALING,252,0.219439257211713,0.218852668452831,-0.000586588758882206,20263125
rna_pathway_activity,PRAD,HALLMARK_ALLOGRAFT_REJECTION,400,0.219351996265297,0.219288633831236,-6.33624340610206e-05,20262877
rna_pathway_activity,PRAD,HALLMARK_KRAS_SIGNALING_UP,400,0.218919439797938,0.21959317688868,0.00067373709074231,20262904
rna_pathway_activity,LIHC,HALLMARK_ESTROGEN_RESPONSE_LATE,358,0.218729196450851,0.218729196450851,4.16333634234434e-16,20262149
rna_pathway_activity,LUSC,HALLMARK_DNA_REPAIR,475,0.218293781912589,0.218172496289869,-0.000121285622720207,20262361
rna_pathway_activity,LUSC,HALLMARK_MYC_TARGETS_V2,475,0.218233344447212,0.218196030511679,-3.73139355325514e-05,20262382
rna_pathway_activity,PRAD,HALLMARK_COMPLEMENT,400,0.21736711020007,0.218033454582888,0.000666344382817707,20262886
rna_pathway_activity,UVM,HALLMARK_INTERFERON_GAMMA_RESPONSE,80,0.216830214670609,0.216830214670609,-8.32667268468867e-17,20263959
rna_pathway_activity,OV,HALLMARK_IL6_JAK_STAT3_SIGNALING,69,0.216772566247635,0.216772566247635,-2.4980018054066e-16,20262581
rna_pathway_activity,OV,HALLMARK_P53_PATHWAY,69,0.215989258304501,0.215989258304501,0,20262594
rna_pathway_activity,LIHC,HALLMARK_OXIDATIVE_PHOSPHORYLATION,358,0.21560453971091,0.21560453971091,-1.38777878078145e-16,20262169
rna_pathway_activity,KIRP,HALLMARK_ALLOGRAFT_REJECTION,272,0.21515534477154,0.212186222287021,-0.002969122484519,20261924
rna_pathway_activity,STAD,HALLMARK_KRAS_SIGNALING_DN,354,0.215044298453498,0.215044298453498,-4.16333634234434e-16,20263333
rna_pathway_activity,LUSC,HALLMARK_APICAL_JUNCTION,475,0.215015881943767,0.228990900241335,0.0139750182975675,20262354
rna_pathway_activity,THYM,HALLMARK_GLYCOLYSIS,117,0.2150062431522,0.215189508164573,0.000183265012372841,20263642
rna_pathway_activity,COAD,HALLMARK_INTERFERON_ALPHA_RESPONSE,424,0.214637673210698,0.214497494649348,-0.000140178561350235,20261316
rna_pathway_activity,PRAD,HALLMARK_UV_RESPONSE_DN,400,0.214194117081771,0.214801483463963,0.000607366382192442,20262922
rna_pathway_activity,LGG,HALLMARK_UNFOLDED_PROTEIN_RESPONSE,490,0.214058340084772,0.211016646610795,-0.00304169347397723,20262072
rna_pathway_activity,THYM,HALLMARK_XENOBIOTIC_METABOLISM,117,0.213957756218451,0.222151242453521,0.00819348623507046,20263673
rna_pathway_activity,BRCA,HALLMARK_CHOLESTEROL_HOMEOSTASIS,1052,0.213747593176635,0.213723487253091,-2.41059235437935e-05,20261083
rna_pathway_activity,THYM,HALLMARK_APICAL_SURFACE,117,0.2136937594554,0.212810751808022,-0.000883007647378448,20263629
rna_pathway_activity,UCEC,HALLMARK_DNA_REPAIR,492,0.213612881853648,0.214461617281333,0.00084873542768496,20263743
rna_pathway_activity,ACC,HALLMARK_MYC_TARGETS_V1,55,0.213599767107665,0.21016364507734,-0.00343612203032526,20260890
rna_pathway_activity,UCEC,HALLMARK_IL6_JAK_STAT3_SIGNALING,492,0.213546671576036,0.213518716298514,-2.79552775225012e-05,20263755
rna_pathway_activity,UCEC,HALLMARK_XENOBIOTIC_METABOLISM,492,0.213378219028283,0.214072469641919,0.000694250613636066,20263781
rna_pathway_activity,LGG,HALLMARK_P53_PATHWAY,490,0.212549889814983,0.208123411907615,-0.00442647790736769,20262063
rna_pathway_activity,UCEC,HALLMARK_MTORC1_SIGNALING,492,0.212236220735005,0.209232618980734,-0.00300360175427114,20263762
rna_pathway_activity,PRAD,HALLMARK_IL2_STAT5_SIGNALING,400,0.212115500749779,0.212170531811382,5.50310616030114e-05,20262898
rna_pathway_activity,THCA,HALLMARK_APICAL_SURFACE,503,0.211587937161774,0.211574824684306,-1.31124774675473e-05,20263525
rna_pathway_activity,PRAD,HALLMARK_INTERFERON_GAMMA_RESPONSE,400,0.211072728120375,0.210785902165419,-0.000286825954956077,20262902
rna_pathway_activity,UCS,HALLMARK_ESTROGEN_RESPONSE_EARLY,53,0.210833282604044,0.257192898409521,0.0463596158054768,20263845
rna_pathway_activity,BLCA,HALLMARK_UV_RESPONSE_DN,382,0.210813828863272,0.211890486219094,0.00107665735582202,20261013
rna_pathway_activity,KICH,HALLMARK_CHOLESTEROL_HOMEOSTASIS,65,0.210743775366543,0.210743775366543,-1.38777878078145e-16,20261717
rna_pathway_activity,STAD,HALLMARK_KRAS_SIGNALING_UP,354,0.210515287532253,0.210515287532254,8.04911692853239e-16,20263334
rna_pathway_activity,PCPG,HALLMARK_MYOGENESIS,176,0.210343852361822,0.210343852361822,1.94289029309402e-16,20262802
rna_pathway_activity,LUSC,HALLMARK_MTORC1_SIGNALING,475,0.209708254320861,0.209178042178102,-0.00053021214275889,20262380
rna_pathway_activity,UCS,HALLMARK_APICAL_SURFACE,53,0.209124152283007,0.19878041216,-0.0103437401230069,20263836
rna_pathway_activity,CESC,HALLMARK_PANCREAS_BETA_CELLS,267,0.208844863642907,0.209005925936139,0.000161062293231651,20261220
rna_pathway_activity,KICH,HALLMARK_SPERMATOGENESIS,65,0.208802382870767,0.208802382870767,-3.05311331771918e-16,20261751
rna_pathway_activity,UVM,HALLMARK_COMPLEMENT,80,0.208659621094908,0.208659621094908,-3.33066907387547e-16,20263943
rna_pathway_activity,THYM,HALLMARK_ADIPOGENESIS,117,0.208352397957994,0.207838071008326,-0.000514326949667604,20263624
rna_pathway_activity,PRAD,HALLMARK_INFLAMMATORY_RESPONSE,400,0.208203608768047,0.208789307591987,0.000585698823940106,20262900
rna_pathway_activity,KICH,HALLMARK_MITOTIC_SPINDLE,65,0.20782883415211,0.20782883415211,-4.9960036108132e-16,20261738
rna_pathway_activity,LIHC,HALLMARK_HYPOXIA,358,0.207824292720398,0.207824292720398,-1.94289029309402e-16,20262155
rna_pathway_activity,KIRP,HALLMARK_MYC_TARGETS_V1,272,0.207689297189168,0.20700997387389,-0.000679323315278479,20261954
rna_pathway_activity,PRAD,HALLMARK_APOPTOSIS,400,0.20747905984612,0.20874764868286,0.00126858883673966,20262882
rna_pathway_activity,BLCA,HALLMARK_MYC_TARGETS_V2,382,0.207105815459379,0.207762959916632,0.0006571444572534,20260999
rna_pathway_activity,KIRP,HALLMARK_IL2_STAT5_SIGNALING,272,0.2069228209695,0.206239033028846,-0.000683787940653824,20261945
rna_pathway_activity,LIHC,HALLMARK_UNFOLDED_PROTEIN_RESPONSE,358,0.206903457525192,0.206903457525192,0,20262179
rna_pathway_activity,THCA,HALLMARK_TGF_BETA_SIGNALING,503,0.206536024609887,0.206478993261116,-5.7031348771136e-05,20263563
rna_pathway_activity,STAD,HALLMARK_CHOLESTEROL_HOMEOSTASIS,354,0.206470798352906,0.206470798352906,3.88578058618805e-16,20263314
rna_pathway_activity,COAD,HALLMARK_IL6_JAK_STAT3_SIGNALING,424,0.206441357934004,0.206709002327702,0.000267644393698058,20261314
rna_pathway_activity,HNSC,HALLMARK_G2M_CHECKPOINT,442,0.205543504274188,0.205711490220126,0.00016798594593781,20261625
rna_pathway_activity,KIRC,HALLMARK_P53_PATHWAY,510,0.205481529128771,0.205495193456526,1.36643277554582e-05,20261852
rna_pathway_activity,BRCA,HALLMARK_REACTIVE_OXYGEN_SPECIES_PATHWAY,1052,0.205436717961213,0.205409573267588,-2.71446936248587e-05,20261116
rna_pathway_activity,KIRP,HALLMARK_GLYCOLYSIS,272,0.205336733509018,0.204288233264723,-0.00104850024429509,20261941
rna_pathway_activity,UCEC,HALLMARK_WNT_BETA_CATENIN_SIGNALING,492,0.205126134645613,0.204759006467166,-0.000367128178447501,20263780
rna_pathway_activity,PAAD,HALLMARK_ALLOGRAFT_REJECTION,176,0.204517088264319,0.201277155440848,-0.0032399328234711,20262667
rna_pathway_activity,STAD,HALLMARK_HEDGEHOG_SIGNALING,354,0.203343071266337,0.203343071266337,-1.11022302462516e-16,20263325
rna_pathway_activity,LGG,HALLMARK_INTERFERON_ALPHA_RESPONSE,490,0.203275642588013,0.202034489620223,-0.00124115296779026,20262052
rna_pathway_activity,MESO,HALLMARK_INTERFERON_GAMMA_RESPONSE,75,0.202663509843475,0.202421111022544,-0.000242398820931439,20262479
rna_pathway_activity,THYM,HALLMARK_PEROXISOME,117,0.202394628418773,0.122114128309213,-0.0802805001095596,20263662
rna_pathway_activity,LGG,HALLMARK_FATTY_ACID_METABOLISM,490,0.202121925657708,0.202269892513021,0.00014796685531307,20262043
rna_pathway_activity,KIRC,HALLMARK_WNT_BETA_CATENIN_SIGNALING,510,0.201921974474908,0.201959353745856,3.73792709481569e-05,20261864
rna_pathway_activity,KIRP,HALLMARK_PI3K_AKT_MTOR_SIGNALING,272,0.201593066263535,0.201929002647941,0.000335936384406127,20261962
rna_pathway_activity,PCPG,HALLMARK_APOPTOSIS,176,0.2006816111477,0.2006816111477,-3.33066907387547e-16,20262775
rna_pathway_activity,MESO,HALLMARK_APOPTOSIS,75,0.200419641743788,0.201103216837886,0.000683575094098443,20262459
rna_pathway_activity,THYM,HALLMARK_INTERFERON_ALPHA_RESPONSE,117,0.200325393142572,0.200211069542594,-0.000114323599977623,20263649
thorsson,TGCT,TGF-beta Response,148,0.655857457564988,0.657059113787342,0.00120165622235358,20263371
thorsson,THYM,Th17 Cells,117,0.628045104787006,0.632508913740532,0.00446380895352583,20263600
thorsson,THCA,Lymphocyte Infiltration Signature Score,498,0.577183100686101,0.577165873477542,-1.7227208559456e-05,20263476
thorsson,BRCA,Wound Healing,1039,0.53191120679896,0.531903192633821,-8.01416513873665e-06,20261029
thorsson,THCA,TGF-beta Response,498,0.522909161579472,0.524513994080112,0.00160483250064003,20263478
thorsson,LUAD,Proliferation,410,0.519247498947397,0.518883809130965,-0.000363689816431978,20262195
thorsson,SARC,Macrophage Regulation,218,0.516265650275853,0.514341737221933,-0.00192391305392048,20263046
thorsson,THCA,Th1 Cells,498,0.512123018953294,0.512136113176287,1.30942229926712e-05,20263494
thorsson,BRCA,Proliferation,1039,0.511998326181956,0.511959940812164,-3.83853697915049e-05,20261028
thorsson,TGCT,Macrophages M2,148,0.510794336076039,0.514661121081174,0.00386678500513482,20263397
thorsson,THCA,Macrophage Regulation,498,0.507502895856823,0.507474758145919,-2.81377109040415e-05,20263475
thorsson,SARC,Leukocyte Fraction,250,0.507174750704831,0.508344066792915,0.00116931608808446,20263041
thorsson,TGCT,Macrophage Regulation,148,0.499173507594683,0.497021094270356,-0.00215241332432686,20263368
thorsson,STAD,Proliferation,334,0.494404044748163,0.494404044748163,1.11022302462516e-16,20263260
thorsson,SARC,Lymphocyte Infiltration Signature Score,218,0.485209527571896,0.453419623547931,-0.0317899040239646,20263047
thorsson,KIRP,Proliferation,261,0.484828933825147,0.483889383993783,-0.000939549831364128,20261876
thorsson,THCA,TCR Shannon,458,0.474088226147087,0.474036440202659,-5.17859444276736e-05,20263490
thorsson,UCEC,Number of Segments,484,0.473455443706623,0.474891863407549,0.00143641970092606,20263695
thorsson,THYM,Lymphocyte Infiltration Signature Score,117,0.467477191448021,0.469464686989572,0.00198749554155098,20263582
thorsson,THYM,TCR Shannon,117,0.45922152392304,0.46015635922384,0.000934835300799464,20263595
thorsson,LGG,TGF-beta Response,488,0.451945213456155,0.448763641841022,-0.00318157161513333,20261988
thorsson,BRCA,Lymphocyte Infiltration Signature Score,1039,0.448388908931905,0.447987768474176,-0.000401140457729321,20261031
thorsson,LIHC,Leukocyte Fraction,363,0.447589938994916,0.447589938994916,-4.9960036108132e-16,20262084
thorsson,LIHC,Proliferation,352,0.444433441453798,0.444433441453798,-3.88578058618805e-16,20262087
thorsson,UCEC,TIL Regional Fraction,446,0.440219500114139,0.437831555584687,-0.00238794452945201,20263684
thorsson,BLCA,TIL Regional Fraction,297,0.438971900152946,0.439130411355868,0.000158511202921596,20260919
thorsson,SKCM,Lymphocyte Infiltration Signature Score,291,0.437757926769298,0.423226122160108,-0.0145318046091896,20263155
thorsson,BLCA,Macrophage Regulation,373,0.433395905629214,0.433638736781932,0.000242831152718337,20260922
thorsson,GBM,Macrophage Regulation,96,0.432297776918941,0.464939785323538,0.032642008404597,20261459
thorsson,UCEC,Homologous Recombination Defects,477,0.426305242953609,0.428817142295831,0.00251189934222235,20263698
thorsson,TGCT,Stromal Fraction,148,0.424146013249991,0.438030308856744,0.0138842956067525,20263364
thorsson,THYM,Proliferation,117,0.423045488366793,0.426991560708572,0.00394607234177935,20263579
thorsson,TGCT,Wound Healing,148,0.419983534633713,0.427552485357583,0.0075689507238696,20263367
thorsson,TGCT,Lymphocyte Infiltration Signature Score,148,0.419433002384434,0.429771031598246,0.0103380292138118,20263369
thorsson,TGCT,Leukocyte Fraction,132,0.418950372387118,0.413933713646708,-0.00501665874040963,20263363
thorsson,BRCA,Leukocyte Fraction,1026,0.418028763227698,0.417730966069676,-0.000297797158021584,20261024
thorsson,PRAD,TIL Regional Fraction,332,0.413921112607982,0.411963002995588,-0.00195810961239445,20262829
thorsson,TGCT,B Cells Naive,148,0.411807622124823,0.400647170589187,-0.0111604515356356,20263391
thorsson,SKCM,TCR Shannon,276,0.409086160358476,0.396717773531687,-0.012368386826789,20263169
thorsson,COAD,TIL Regional Fraction,414,0.40688540577513,0.406586719892161,-0.000298685882968996,20261243
thorsson,LUSC,TIL Regional Fraction,384,0.404454034173093,0.400000392151453,-0.00445364202164011,20262302
thorsson,BRCA,TIL Regional Fraction,942,0.400940057380051,0.400814227121246,-0.000125830258805304,20261027
thorsson,THYM,TGF-beta Response,117,0.398408772817781,0.400869048597596,0.00246027577981545,20263584
thorsson,LUAD,TIL Regional Fraction,460,0.398299091745714,0.398783536854302,0.000484445108588472,20262194
thorsson,THCA,Leukocyte Fraction,501,0.397879431549265,0.397962908061177,8.34765119115399e-05,20263470
thorsson,STAD,Number of Segments,371,0.393738770932727,0.393738770932728,8.88178419700125e-16,20263269
thorsson,STAD,TIL Regional Fraction,335,0.390652492389733,0.390652492389734,1.22124532708767e-15,20263259
thorsson,LIHC,Macrophage Regulation,352,0.38999992544,0.38999992544,1.66533453693773e-16,20262089
thorsson,LGG,Macrophage Regulation,488,0.38924412262003,0.386714767680679,-0.00252935493935075,20261985
thorsson,BLCA,Leukocyte Fraction,386,0.385982448262221,0.386555349502962,0.000572901240740886,20260916
thorsson,LUAD,Th2 Cells,410,0.382359821934322,0.382016563509584,-0.000343258424737758,20262217
thorsson,CESC,TIL Regional Fraction,229,0.376103688514796,0.37567172253398,-0.000431965980816129,20261135
thorsson,LUAD,Wound Healing,410,0.375079198621868,0.374725032897948,-0.000354165723919553,20262196
thorsson,LUAD,Leukocyte Fraction,460,0.369727708461316,0.369929829125355,0.000202120664039351,20262191
thorsson,TGCT,Proliferation,148,0.368808777856797,0.383607876123005,0.0147990982662082,20263366
thorsson,KIRP,Th2 Cells,261,0.367169205067125,0.366034258492759,-0.00113494657436641,20261898
thorsson,LIHC,TGF-beta Response,352,0.366494299309116,0.366494299309116,-4.9960036108132e-16,20262092
thorsson,UCEC,Fraction Altered,484,0.365323952909823,0.366705001300016,0.00138104839019293,20263696
thorsson,LIHC,Wound Healing,352,0.364681761376078,0.364681761376078,1.11022302462516e-16,20262088
thorsson,BLCA,Wound Healing,373,0.362469566888634,0.362808869420751,0.000339302532116947,20260921
thorsson,SARC,Wound Healing,218,0.359898721453232,0.359099903513161,-0.000798817940070973,20263045
thorsson,SARC,TGF-beta Response,218,0.356947487739335,0.360488290537105,0.00354080279777042,20263049
thorsson,GBM,Leukocyte Fraction,245,0.356369816292928,0.354653635714214,-0.00171618057871376,20261454
thorsson,GBM,TGF-beta Response,96,0.352485113547485,0.349249396264488,-0.00323571728299676,20261462
thorsson,SKCM,Macrophage Regulation,291,0.35233370201174,0.352153276007715,-0.000180426004025513,20263154
thorsson,KIRC,TGF-beta Response,492,0.35197903443329,0.351995647732955,1.66132996653467e-05,20261774
thorsson,BLCA,Th1 Cells,373,0.351525273380516,0.351745789649382,0.000220516268865767,20260941
thorsson,BLCA,Lymphocyte Infiltration Signature Score,373,0.351405513934677,0.353128855952215,0.00172334201753788,20260923
thorsson,STAD,Wound Healing,334,0.345669543497821,0.34566954349782,-5.55111512312578e-16,20263261
thorsson,UVM,Dendritic Cells Activated,80,0.344678315999581,0.344678315999581,-4.44089209850063e-16,20263912
thorsson,BLCA,Stromal Fraction,376,0.344266253279524,0.346162290878694,0.0018960375991699,20260917
thorsson,THCA,IFN-gamma Response,498,0.342052950751362,0.342028096653536,-2.48540978257106e-05,20263477
thorsson,LIHC,Lymphocyte Infiltration Signature Score,352,0.341665660408897,0.341665660408897,-3.33066907387547e-16,20262090
thorsson,SARC,Number of Segments,246,0.34106218727258,0.315872746147172,-0.0251894411254084,20263054
thorsson,PRAD,Proliferation,325,0.339830897419402,0.342545176001798,0.00271427858239626,20262830
thorsson,BRCA,Number of Segments,1025,0.3391003549896,0.339170505291549,7.01503019491234e-05,20261038
thorsson,THYM,SNV Neoantigens,113,0.338805979155518,0.340275921960104,0.00146994280458601,20263585
thorsson,BRCA,Homologous Recombination Defects,998,0.338766422932038,0.338522223913234,-0.000244199018804181,20261041
thorsson,KIRC,Lymphocyte Infiltration Signature Score,492,0.338635045646318,0.338601857398214,-3.31882481036661e-05,20261772
thorsson,THCA,Proliferation,498,0.338319206484491,0.33840486141833,8.56549338393853e-05,20263473
thorsson,BRCA,Macrophage Regulation,1039,0.337964649681365,0.337634722304371,-0.000329927376993944,20261030
thorsson,KIRP,Leukocyte Fraction,268,0.337672376493862,0.337206395163687,-0.000465981330174781,20261873
thorsson,UCEC,Lymphocyte Infiltration Signature Score,489,0.336884095646632,0.337281494123717,0.000397398477084532,20263688
thorsson,SKCM,TCR Richness,291,0.333527944075402,0.333515037757675,-1.29063177269906e-05,20263170
thorsson,KIRP,Stromal Fraction,254,0.333273386163625,0.33277061774521,-0.000502768418415234,20261874
thorsson,UCEC,Aneuploidy Score,477,0.327874183808516,0.330125669866023,0.00225148605750697,20263697
thorsson,STAD,Fraction Altered,371,0.326017459941945,0.326017459941945,3.33066907387547e-16,20263270
thorsson,BLCA,TGF-beta Response,373,0.324128262370886,0.324221788041848,9.35256709617693e-05,20260925
thorsson,KIRC,Leukocyte Fraction,493,0.323051739882384,0.322960250869002,-9.14890133821844e-05,20261766
thorsson,SARC,Homologous Recombination Defects,238,0.321790269211111,0.318546130646776,-0.00324413856433459,20263057
thorsson,GBM,Stromal Fraction,229,0.321695863684957,0.327771666973724,0.00607580328876684,20261455
thorsson,LUSC,Proliferation,462,0.32108860461723,0.321374995936062,0.000286391318832346,20262303
thorsson,LUAD,Macrophage Regulation,410,0.320720437651566,0.32052288557733,-0.000197552074235774,20262197
thorsson,KIRP,Homologous Recombination Defects,264,0.31893950893903,0.318687882162736,-0.000251626776293756,20261889
thorsson,SKCM,Leukocyte Fraction,292,0.31856484257145,0.3193198506063,0.000755008034850402,20263148
thorsson,SARC,TCR Shannon,188,0.318081933111952,0.304768954355702,-0.0133129787562503,20263061
thorsson,MESO,Lymphocyte Infiltration Signature Score,72,0.317639228282838,0.319874978110271,0.00223574982743263,20262413
thorsson,SARC,Th1 Cells,218,0.31674396310541,0.312730287991402,-0.00401367511400796,20263065
thorsson,LGG,Wound Healing,488,0.316711909374265,0.313216868924102,-0.00349504045016341,20261984
thorsson,THCA,BCR Shannon,239,0.31555367613713,0.315535262917194,-1.84132199360643e-05,20263488
thorsson,BRCA,TGF-beta Response,1039,0.315475140750959,0.314939471872446,-0.000535668878512807,20261033
thorsson,THYM,Th2 Cells,117,0.31509078346624,0.318824653431828,0.00373386996558756,20263599
thorsson,BLCA,Proliferation,373,0.31281697929126,0.31308397968988,0.000267000398620432,20260920
thorsson,LUAD,Lymphocyte Infiltration Signature Score,410,0.311351524063312,0.310855785592072,-0.000495738471240292,20262198
thorsson,KIRP,Macrophages M1,261,0.311176155373817,0.312966843100985,0.00179068772716778,20261906
thorsson,THYM,TCR Richness,117,0.310488035930071,0.312445936453211,0.00195790052313982,20263596
thorsson,KICH,Fraction Altered,65,0.310262922047252,0.310262922047252,1.66533453693773e-16,20261678
thorsson,KIRC,Proliferation,492,0.307731596722332,0.307716192381714,-1.54043406179194e-05,20261769
thorsson,UCEC,Leukocyte Fraction,492,0.306277171398955,0.306116473325403,-0.000160698073552401,20263681
thorsson,KICH,Proliferation,65,0.30510013279525,0.30510013279525,1.66533453693773e-16,20261668
thorsson,BRCA,Stromal Fraction,980,0.304591485759436,0.304250783776269,-0.000340701983166658,20261025
thorsson,KIRC,Macrophage Regulation,492,0.30429058471142,0.304255010173045,-3.5574538375216e-05,20261771
thorsson,THCA,TCR Richness,498,0.302821400857806,0.302817521414507,-3.87944329888201e-06,20263491
thorsson,CESC,Macrophage Regulation,263,0.301146755877596,0.30135248867082,0.000205732793223667,20261138
thorsson,PCPG,TGF-beta Response,175,0.300389863588224,0.300389863588224,-2.77555756156289e-16,20262731
thorsson,LGG,Leukocyte Fraction,488,0.297563955973552,0.295043471300389,-0.00252048467316302,20261980
thorsson,HNSC,Leukocyte Fraction,446,0.297437877006147,0.297337281198204,-0.000100595807943193,20261558
thorsson,SKCM,Th1 Cells,291,0.297352959237085,0.297466447811429,0.0001134885743444,20263173
thorsson,BRCA,Fraction Altered,1025,0.297105619895353,0.297165418547359,5.97986520063376e-05,20261039
thorsson,UCEC,Proliferation,489,0.296951211970436,0.284255742490745,-0.0126954694796914,20263685
thorsson,COAD,Lymphocyte Infiltration Signature Score,417,0.296540325990867,0.296765545809473,0.000225219818605793,20261247
thorsson,LGG,Proliferation,488,0.294005773442411,0.293140608391137,-0.000865165051273598,20261983
thorsson,KIRP,Lymphocyte Infiltration Signature Score,261,0.293248134946809,0.29320664040443,-4.14945423793389e-05,20261879
thorsson,SKCM,Stromal Fraction,287,0.29257652752213,0.292619573023178,4.30455010476671e-05,20263149
thorsson,PCPG,Macrophage Regulation,175,0.289199959225992,0.289199959225993,4.9960036108132e-16,20262728
thorsson,SARC,Stromal Fraction,238,0.28915362730206,0.286318312016872,-0.00283531528518782,20263042
thorsson,STAD,Silent Mutation Rate,372,0.288590395987806,0.288590395987806,1.11022302462516e-16,20263267
thorsson,LUSC,Lymphocyte Infiltration Signature Score,462,0.284176222274837,0.284068200782585,-0.000108021492251809,20262306
thorsson,TGCT,TCR Richness,148,0.282255586179453,0.281913482419718,-0.000342103759734647,20263384
thorsson,UCEC,Wound Healing,489,0.278755645296925,0.278612348633893,-0.000143296663032255,20263686
thorsson,SARC,Proliferation,218,0.27854043202547,0.279931369674115,0.00139093764864501,20263044
thorsson,HNSC,Lymphocyte Infiltration Signature Score,437,0.278539231347596,0.279097892551616,0.000558661204020317,20261564
thorsson,LUAD,Homologous Recombination Defects,449,0.276174457125329,0.27544915913369,-0.000725297991639173,20262208
thorsson,LGG,Lymphocyte Infiltration Signature Score,488,0.276019460358884,0.276117840263562,9.83799046782585e-05,20261986
thorsson,BRCA,TCR Shannon,999,0.27528335010424,0.272015899302002,-0.00326745080223823,20261045
thorsson,COAD,Nonsilent Mutation Rate,345,0.274905591897468,0.274810505467952,-9.50864295162779e-05,20261253
thorsson,PCPG,Stromal Fraction,157,0.27391989206086,0.27391989206086,4.44089209850063e-16,20262724
thorsson,STAD,Lymphocyte Infiltration Signature Score,334,0.273876950362797,0.273876950362797,2.22044604925031e-16,20263263
thorsson,KIRP,Macrophages M2,261,0.270036963758673,0.269891006244455,-0.000145957514218142,20261907
thorsson,LUAD,Number of Segments,459,0.26977337756568,0.269927651235454,0.000154273669773941,20262205
thorsson,STAD,Nonsilent Mutation Rate,372,0.26926971550125,0.269269715501248,-2.22044604925031e-15,20263268
thorsson,THCA,Macrophages M1,498,0.269014027130677,0.268982713570101,-3.13135605760628e-05,20263503
thorsson,SKCM,TIL Regional Fraction,251,0.268701120603193,0.268324767417893,-0.00037635318529966,20263151
thorsson,HNSC,IFN-gamma Response,437,0.267276594957964,0.26720382981998,-7.27651379845429e-05,20261565
thorsson,THYM,Homologous Recombination Defects,104,0.266573849750431,0.267066500001866,0.000492650251434801,20263592
thorsson,BLCA,Th2 Cells,373,0.266551593954814,0.266504300625093,-4.72933297205325e-05,20260942
thorsson,CESC,Lymphocyte Infiltration Signature Score,263,0.263736069983646,0.26371223600329,-2.38339803557142e-05,20261139
thorsson,PCPG,Leukocyte Fraction,175,0.263184371254075,0.263184371254075,-2.22044604925031e-16,20262723
thorsson,THYM,Wound Healing,117,0.262826050574948,0.332972546042847,0.070146495467899,20263580
thorsson,KIRC,Th1 Cells,492,0.26147469341895,0.261464159156264,-1.05342626862681e-05,20261790
thorsson,KIRC,TCR Shannon,480,0.259465868323621,0.259407951467368,-5.79168562533927e-05,20261786
thorsson,KIRC,CTA Score,490,0.259449056794554,0.259452102184095,3.04538954065681e-06,20261789
thorsson,STAD,Macrophage Regulation,334,0.259079155624038,0.259079155624038,5.55111512312578e-17,20263262
thorsson,COAD,Silent Mutation Rate,345,0.25902289763587,0.258871538477694,-0.000151359158176156,20261252
thorsson,THYM,T Cells Regulatory Tregs,117,0.258646407480623,0.254054480876686,-0.00459192660393709,20263622
thorsson,STAD,Homologous Recombination Defects,363,0.256070934095915,0.256070934095915,3.88578058618805e-16,20263272
thorsson,THYM,T Cells CD4 Naive,117,0.256030255140426,0.253027221534427,-0.00300303360599863,20263618
thorsson,THYM,Nonsilent Mutation Rate,120,0.253726215202291,0.253479488832068,-0.000246726370222938,20263588
thorsson,LIHC,Stromal Fraction,348,0.253717112369646,0.253717112369646,3.33066907387547e-16,20262085
thorsson,LUSC,Stromal Fraction,446,0.253232197806392,0.252989336685035,-0.000242861121357241,20262300
thorsson,THYM,T Cells Follicular Helper,117,0.252138466025365,0.224516441149785,-0.0276220248755805,20263620
thorsson,UVM,Th1 Cells,80,0.251640798760059,0.251640798760059,1.66533453693773e-16,20263907
thorsson,KIRC,Wound Healing,492,0.245218985863799,0.245224533367231,5.54750343204069e-06,20261770
thorsson,PRAD,Homologous Recombination Defects,382,0.245128941889341,0.246035657623656,0.000906715734314861,20262843
thorsson,LUAD,SNV Neoantigens,450,0.244175830250038,0.243768989718599,-0.000406840531439162,20262201
thorsson,THYM,Stromal Fraction,104,0.242116102432495,0.244431127838766,0.0023150254062714,20263577
thorsson,COAD,SNV Neoantigens,350,0.241110524583362,0.241115602215198,5.07763183635324e-06,20261250
thorsson,GBM,Th2 Cells,96,0.240941427401161,0.208753347540222,-0.0321880798609391,20261476
thorsson,LUAD,TCR Shannon,408,0.240465655882682,0.23972927241851,-0.000736383464171625,20262212
thorsson,STAD,Aneuploidy Score,360,0.239016407444683,0.239016407444683,2.22044604925031e-16,20263271
thorsson,KIRP,Macrophage Regulation,261,0.238464413038742,0.2377058633449,-0.000758549693841926,20261878
thorsson,UVM,Th2 Cells,80,0.238349924517004,0.238349924517004,-2.4980018054066e-16,20263908
thorsson,LIHC,Th2 Cells,352,0.237499444060284,0.237499444060284,0,20262109
thorsson,LIHC,Th17 Cells,352,0.23694039454569,0.23694039454569,1.66533453693773e-16,20262110
thorsson,TGCT,TCR Shannon,144,0.236876408159724,0.241160460248872,0.00428405208914806,20263383
thorsson,THYM,T Cells CD4 Memory Resting,117,0.236589592047225,0.236358798679156,-0.000230793368068999,20263617
thorsson,MESO,Leukocyte Fraction,75,0.234281858434909,0.236489749370201,0.00220789093529228,20262407
thorsson,THYM,Mast Cells Resting,117,0.234124622350173,0.232601966809979,-0.00152265554019376,20263610
thorsson,SARC,Th2 Cells,218,0.233621246201047,0.230928833097197,-0.00269241310385041,20263066
thorsson,COAD,Indel Neoantigens,322,0.233495594348834,0.233288570651767,-0.000207023697067099,20261251
thorsson,BLCA,IFN-gamma Response,373,0.232677364970389,0.232149029252949,-0.000528335717439765,20260924
thorsson,BLCA,Homologous Recombination Defects,377,0.232130864894917,0.214926030478754,-0.0172048344161632,20260933
thorsson,LUAD,Fraction Altered,459,0.229380318770935,0.228624335756297,-0.000755983014637529,20262206
thorsson,LUAD,Nonsilent Mutation Rate,460,0.228979893865043,0.228087940533043,-0.000891953332000511,20262204
thorsson,STAD,T Cells CD4 Memory Activated,334,0.228835087722862,0.228835087722862,-4.71844785465692e-16,20263298
thorsson,ACC,Number of Segments,54,0.228065277786338,0.301403836753716,0.0733385589673778,20260828
thorsson,THCA,Plasma Cells,498,0.227155876211028,0.227086037413404,-6.98387976236226e-05,20263511
thorsson,LUSC,Leukocyte Fraction,464,0.227059484105741,0.227034918359549,-2.45657461918625e-05,20262299
thorsson,TGCT,Th17 Cells,148,0.226723210471071,0.229410846436248,0.00268763596517665,20263389
thorsson,COAD,Macrophage Regulation,417,0.225670301262412,0.225909770250885,0.000239468988472769,20261246
thorsson,LUSC,TGF-beta Response,462,0.225563051732084,0.225107000011557,-0.000456051720526846,20262308
thorsson,OV,Stromal Fraction,65,0.224633047120531,0.224633047120531,3.33066907387547e-16,20262511
thorsson,LUAD,TGF-beta Response,410,0.223653779524088,0.22412403472337,0.000470255199281622,20262200
thorsson,UCEC,Macrophage Regulation,489,0.220520012775628,0.220934748661831,0.000414735886203277,20263687
thorsson,KICH,Wound Healing,65,0.218728325150431,0.218728325150431,-2.77555756156289e-16,20261669
thorsson,COAD,Aneuploidy Score,408,0.217315962177752,0.217091411978223,-0.000224550199529439,20261256
thorsson,CESC,Leukocyte Fraction,268,0.216580181207726,0.216372415892459,-0.000207765315267311,20261132
thorsson,LIHC,Homologous Recombination Defects,350,0.216402009225197,0.216402009225197,-8.32667268468867e-17,20262100
thorsson,HNSC,T Cells CD8,437,0.216061441490288,0.215729551324919,-0.000331890165368887,20261603
thorsson,GBM,Lymphocyte Infiltration Signature Score,96,0.215778310853846,0.220966176483634,0.00518786562978771,20261460
thorsson,LUSC,Th1 Cells,462,0.214621792825703,0.21431275776161,-0.000309035064093383,20262324
thorsson,BRCA,Aneuploidy Score,998,0.213799728605965,0.21376034186568,-3.93867402853909e-05,20261040
thorsson,LUSC,Th2 Cells,462,0.213769087626327,0.214303849682382,0.000534762056055488,20262325
thorsson,LUSC,T Cells CD8,462,0.212274671906643,0.212543329564097,0.000268657657454041,20262345
thorsson,LIHC,TCR Shannon,299,0.210575987492745,0.210575987492745,3.05311331771918e-16,20262104
thorsson,LUAD,Stromal Fraction,442,0.210201505877023,0.209735541123529,-0.000465964753494447,20262192
thorsson,LUSC,Wound Healing,462,0.209501018487495,0.209322112353353,-0.000178906134141704,20262304
thorsson,BRCA,BCR Shannon,757,0.208999265099118,0.208485710140374,-0.000513554958743584,20261043
thorsson,STAD,Mast Cells Resting,334,0.207717431895814,0.207717431895814,-1.66533453693773e-16,20263292
thorsson,COAD,Leukocyte Fraction,419,0.207599477369484,0.207770465761734,0.000170988392250299,20261240
thorsson,CESC,IFN-gamma Response,263,0.20688635089444,0.206916278046923,2.99271524828171e-05,20261140
thorsson,KIRC,IFN-gamma Response,492,0.206872376219186,0.206880438331668,8.06211248247091e-06,20261773
thorsson,THYM,Aneuploidy Score,103,0.206870332593218,0.20875746933036,0.00188713673714244,20263591
thorsson,MESO,Macrophage Regulation,72,0.206282995694638,0.206072217617687,-0.00021077807695144,20262412
thorsson,THCA,BCR Richness,239,0.205602074786567,0.205518303746239,-8.37710403275294e-05,20263489
thorsson,HNSC,Number of Segments,440,0.204235997901286,0.204270905207395,3.49073061089999e-05,20261571
thorsson,PRAD,Macrophage Regulation,325,0.202506779958752,0.202484026956193,-2.27530025584954e-05,20262832
thorsson,KIRC,Stromal Fraction,316,0.201695430840412,0.201661835381182,-3.35954592304566e-05,20261767
thorsson,UCEC,Nonsilent Mutation Rate,488,0.201234264043567,0.201046264681643,-0.000187999361923902,20263694
thorsson,HNSC,Stromal Fraction,419,0.200841785606602,0.200864988816668,2.32032100655755e-05,20261559
thorsson,LUAD,Silent Mutation Rate,460,0.200748353404554,0.200469312604202,-0.000279040800351904,20262203
