outcome_type,family,tumor_type,endpoint,size_stratum,imbalance_stratum,n,foundation_model,ridge_q2,ridge_balanced_accuracy,ridge_auc,ridge_pr_auc,ridge_lambda_median,numerical_failures
binary,aneuploidy,ACC,Genome doubling,small,low,54,TITAN,,0.545185185185185,0.525925925925926,0.540957163640812,43.2019500252924,0
binary,aneuploidy,ACC,Genome doubling,small,low,54,GigaSSL,,0.673333333333333,0.617777777777778,0.59155140496916,4.68865190950319,0
binary,aneuploidy,ACC,Genome doubling,small,low,54,ProvGigaPath,,0.597777777777778,0.70962962962963,0.730963364528101,2.69547975238413,0
binary,aneuploidy,COAD,Genome doubling,medium,low,408,TITAN,,0.674517906336088,0.770974204858502,0.669706103522238,1.6503878388408,0
binary,aneuploidy,COAD,Genome doubling,medium,low,408,GigaSSL,,0.681129476584022,0.757600801402454,0.681150372719837,1.4702111966046,0
binary,aneuploidy,COAD,Genome doubling,medium,low,408,ProvGigaPath,,0.691873278236915,0.766967192587027,0.708747629861922,1.44328868171762,0
binary,aneuploidy,GBM,Genome doubling,medium,moderate,362,TITAN,,0.612284334023465,0.672015182884748,0.223234378476067,33.2136434891688,0
binary,aneuploidy,GBM,Genome doubling,medium,moderate,362,GigaSSL,,0.55048309178744,0.615320910973085,0.191078344361289,4.75634980150295,0
binary,aneuploidy,GBM,Genome doubling,medium,moderate,362,ProvGigaPath,,0.581642512077295,0.612767425810904,0.163657942738285,3.51573379159672,0
binary,aneuploidy,KIRC,Genome doubling,large,moderate,464,TITAN,,0.650733961580283,0.690648785791954,0.32660235677735,2.10438882630065,0
binary,aneuploidy,KIRC,Genome doubling,large,moderate,464,GigaSSL,,0.634227377068986,0.673734444847167,0.291570484436653,1.20067332458265,0
binary,aneuploidy,KIRC,Genome doubling,large,moderate,464,ProvGigaPath,,0.648181708348435,0.66950585961097,0.310057128484782,0.960642277922715,0
binary,aneuploidy,PAAD,Genome doubling,small,moderate,163,TITAN,,0.60640243902439,0.672764227642276,0.384001289771272,2.92739496063517,0
binary,aneuploidy,PAAD,Genome doubling,small,moderate,163,GigaSSL,,0.585467479674797,0.64369918699187,0.363572184046225,1.47849827390682,0
binary,aneuploidy,PAAD,Genome doubling,small,moderate,163,ProvGigaPath,,0.546138211382114,0.572154471544716,0.293699822888813,1.40010779206768,0
binary,aneuploidy,PRAD,Genome doubling,medium,high,382,TITAN,,0.684964726631393,0.71439594356261,0.174831082185327,10.0532206197224,0
binary,aneuploidy,PRAD,Genome doubling,medium,high,382,GigaSSL,,0.640652557319224,0.67228835978836,0.206055998531642,2.00311139778482,0
binary,aneuploidy,PRAD,Genome doubling,medium,high,382,ProvGigaPath,,0.635361552028219,0.672508818342152,0.14798673390298,0.718754877025276,0
binary,driver_mutation,BLCA,EP300,medium,moderate,384,TITAN,,0.510942760942761,0.520314253647587,0.174343575201306,2.34746321219114,0
binary,driver_mutation,BLCA,EP300,medium,moderate,384,GigaSSL,,0.521548821548822,0.50611672278339,0.150084228226987,17.6797913598216,0
binary,driver_mutation,BLCA,EP300,medium,moderate,384,ProvGigaPath,,0.49949494949495,0.464029180695847,0.131973899774996,1.05565291257326,0
binary,driver_mutation,BLCA,FBXW7,medium,high,384,TITAN,,0.500847457627119,0.524952919020716,0.103317121465479,0.510833014510534,0
binary,driver_mutation,BLCA,FBXW7,medium,high,384,GigaSSL,,0.525423728813559,0.615348399246704,0.119602752664663,0.584213800626715,0
binary,driver_mutation,BLCA,FBXW7,medium,high,384,ProvGigaPath,,0.484745762711864,0.577777777777778,0.120141858024424,0.601915882266183,0
binary,driver_mutation,CESC,EP300,small,moderate,252,TITAN,,0.686500754147813,0.720663650075415,0.220431475740676,1.54872368538392,0
binary,driver_mutation,CESC,EP300,small,moderate,252,GigaSSL,,0.626018099547511,0.629110105580694,0.171635279675109,33.5938968823936,0
binary,driver_mutation,CESC,EP300,small,moderate,252,ProvGigaPath,,0.597435897435897,0.58974358974359,0.147407717259412,19.6214222609098,0
binary,driver_mutation,COAD,TP53,medium,low,382,TITAN,,0.767713105309013,0.860655968072848,0.797831004407759,5.07582485304116,0
binary,driver_mutation,COAD,TP53,medium,low,382,GigaSSL,,0.717588038559906,0.801579494674124,0.696514552854741,2.45898905962303,0
binary,driver_mutation,COAD,TP53,medium,low,382,ProvGigaPath,,0.741589612433602,0.827520305781175,0.737077989471387,2.66905383275266,0
binary,driver_mutation,LIHC,APOB,small,high,350,TITAN,,0.474641779788839,0.481240573152338,0.10794485167749,1.69568028552893,0
binary,driver_mutation,LIHC,APOB,small,high,350,GigaSSL,,0.522435897435897,0.542232277526395,0.108460303753615,16.8702773462424,0
binary,driver_mutation,LIHC,APOB,small,high,350,ProvGigaPath,,0.465497737556561,0.501602564102564,0.107769205272325,13.9504274349727,0
binary,driver_mutation,LUAD,ARID1A,large,high,463,TITAN,,0.480319634703196,0.454703196347032,0.0539388899752317,11.5420925144723,0
binary,driver_mutation,LUAD,ARID1A,large,high,463,GigaSSL,,0.503150684931507,0.485205479452055,0.0578393619720844,0.413909665981382,0
binary,driver_mutation,LUAD,ARID1A,large,high,463,ProvGigaPath,,0.454429223744292,0.429315068493151,0.0474055825677685,35.6024710793009,0
binary,driver_mutation,PAAD,KRAS,small,low,175,TITAN,,0.548801870251315,0.567942723553478,0.691227334561795,115.626096203525,0
binary,driver_mutation,PAAD,KRAS,small,low,175,GigaSSL,,0.595046756282876,0.619082407948568,0.770443766700408,12.9089268471044,0
binary,driver_mutation,PAAD,KRAS,small,low,175,ProvGigaPath,,0.564874342489772,0.615429573348919,0.743981203458443,1.83573976606585,0
binary,driver_mutation,UCEC,ARID1A,large,low,487,TITAN,,0.672071658245292,0.742673403766651,0.575653129245988,1.65201777479579,0
binary,driver_mutation,UCEC,ARID1A,large,low,487,GigaSSL,,0.596692696371153,0.644281120808452,0.494942400376196,1.06888950450725,0
binary,driver_mutation,UCEC,ARID1A,large,low,487,ProvGigaPath,,0.617262287551677,0.672815801561782,0.543289276445252,1.0407810119527,0
binary,driver_mutation,UCEC,BCOR,large,moderate,487,TITAN,,0.617307692307692,0.643063186813187,0.248539553364031,0.767963302977111,0
binary,driver_mutation,UCEC,BCOR,large,moderate,487,GigaSSL,,0.496188186813187,0.488083791208791,0.163282024245485,1.25935221739003,0
binary,driver_mutation,UCEC,BCOR,large,moderate,487,ProvGigaPath,,0.568440934065934,0.60518543956044,0.206603703095833,0.574470218176055,0
binary,fusion,BLCA,Any called fusion,medium,moderate,381,TITAN,,0.640176971326165,0.674880525686977,0.843411439243586,4.11503883284062,0
binary,fusion,BLCA,Any called fusion,medium,moderate,381,GigaSSL,,0.598118279569893,0.636275388291517,0.839357323362281,1.93413527504336,0
binary,fusion,BLCA,Any called fusion,medium,moderate,381,ProvGigaPath,,0.592237903225807,0.644713261648746,0.831767331292683,5.68181391648689,0
binary,fusion,DLBC,Any called fusion,small,low,44,TITAN,,0.545454545454545,0.481404958677686,0.51199190916865,3.33023129815603,0
binary,fusion,DLBC,Any called fusion,small,low,44,GigaSSL,,0.704545454545455,0.636363636363636,0.633991197963698,5.72425915229911,0
binary,fusion,DLBC,Any called fusion,small,low,44,ProvGigaPath,,0.590909090909091,0.634297520661157,0.673916570995586,53.6342187662878,0
binary,fusion,HNSC,Any called fusion,medium,low,435,TITAN,,0.540581586416372,0.547440621421102,0.731736324293576,78.4270384545781,0
binary,fusion,HNSC,Any called fusion,medium,low,435,GigaSSL,,0.539473684210526,0.519643479559827,0.694831340063682,65.2712788101592,0
binary,fusion,HNSC,Any called fusion,medium,low,435,ProvGigaPath,,0.52195887068665,0.506896380022905,0.684733569758999,6.03553664287435,0
binary,fusion,KIRC,Any called fusion,large,low,507,TITAN,,0.539941466709191,0.554978143819297,0.357744570632931,75.9013382756736,0
binary,fusion,KIRC,Any called fusion,large,low,507,GigaSSL,,0.508855036301897,0.525598934393937,0.343983395526401,62.1276518967307,0
binary,fusion,KIRC,Any called fusion,large,low,507,ProvGigaPath,,0.484222276419714,0.484231656754779,0.297982405723823,1.05425582735539,0
binary,fusion,LUSC,Any called fusion,large,moderate,475,TITAN,,0.55120232172471,0.583886124930901,0.883419122827954,27.8887463477808,0
binary,fusion,LUSC,Any called fusion,large,moderate,475,GigaSSL,,0.470874792703151,0.454221945826424,0.825718208292232,5.04815236225967,0
binary,fusion,LUSC,Any called fusion,large,moderate,475,ProvGigaPath,,0.532441956882255,0.562430901050304,0.87168576502484,0.614988283154225,0
binary,fusion,THCA,Fusion pair: CCDC6--RET,large,high,502,TITAN,,0.796822033898305,0.843220338983051,0.248785522469875,1.61642914646801,0
binary,fusion,THCA,Fusion pair: CCDC6--RET,large,high,502,GigaSSL,,0.716737288135593,0.682838983050847,0.0707676011654908,0.428358844173951,0
binary,fusion,THCA,Fusion pair: CCDC6--RET,large,high,502,ProvGigaPath,,0.588983050847458,0.670338983050848,0.0940120988203016,0.329994680040201,0
binary,fusion,THYM,Any called fusion,small,moderate,117,TITAN,,0.549071618037135,0.581786030061892,0.306144323283231,2.09817769471403,0
binary,fusion,THYM,Any called fusion,small,moderate,117,GigaSSL,,0.566091954022989,0.602564102564103,0.323815305658727,1.65423352435936,0
binary,fusion,THYM,Any called fusion,small,moderate,117,ProvGigaPath,,0.60079575596817,0.586206896551724,0.298137623853822,1.91102234308369,0
binary,microsatellite_instability,COAD,MSI-H (MANTIS >0.4),medium,moderate,391,TITAN,,0.763644613456636,0.852080722527117,0.643893323245983,1.62630209949484,0
binary,microsatellite_instability,COAD,MSI-H (MANTIS >0.4),medium,moderate,391,GigaSSL,,0.746791409187157,0.823430275269003,0.618363922940106,1.55302301398939,0
binary,microsatellite_instability,COAD,MSI-H (MANTIS >0.4),medium,moderate,391,ProvGigaPath,,0.759409705717125,0.821528888120652,0.637386975788889,1.30975382619795,0
binary,microsatellite_instability,UCEC,MSI-H (MANTIS >0.4),large,low,487,TITAN,,0.700146184582399,0.762186921352695,0.592245885551746,1.98044352086168,0
binary,microsatellite_instability,UCEC,MSI-H (MANTIS >0.4),large,low,487,GigaSSL,,0.598450443426567,0.6047948543027,0.391380564262649,0.883456612531116,0
binary,microsatellite_instability,UCEC,MSI-H (MANTIS >0.4),large,low,487,ProvGigaPath,,0.604444011304941,0.640113049410389,0.422193124276957,0.831762491311235,0
binary,microsatellite_instability_sensitivity,COAD,MSI-H strict (MANTIS >0.6),medium,moderate,374,TITAN,,0.841285488958991,0.922825597115818,0.724330969921034,1.56443382899566,0
binary,microsatellite_instability_sensitivity,COAD,MSI-H strict (MANTIS >0.6),medium,moderate,374,GigaSSL,,0.770392068499324,0.861593059936909,0.641004303631526,1.49838427837993,0
binary,microsatellite_instability_sensitivity,COAD,MSI-H strict (MANTIS >0.6),medium,moderate,374,ProvGigaPath,,0.856551374493015,0.903334835511492,0.733442493512437,1.24391231955815,0
binary,oncogenic_pathway,KIRP,PI3K,small,high,255,TITAN,,0.514041514041514,0.529304029304029,0.0907931104266199,24.8882355201284,0
binary,oncogenic_pathway,KIRP,PI3K,small,high,255,GigaSSL,,0.563186813186813,0.58994708994709,0.10063617043782,7.55631342903858,0
binary,oncogenic_pathway,KIRP,PI3K,small,high,255,ProvGigaPath,,0.495726495726496,0.435286935286935,0.074168035789717,18.0551458173244,0
binary,oncogenic_pathway,LIHC,TP53,small,low,337,TITAN,,0.640441683919945,0.69246990261483,0.564602010210701,4.24458015480585,0
binary,oncogenic_pathway,LIHC,TP53,small,low,337,GigaSSL,,0.59144237405107,0.65125373821026,0.50532010740899,1.44043351006969,0
binary,oncogenic_pathway,LIHC,TP53,small,low,337,ProvGigaPath,,0.62336093857833,0.658231730695499,0.49879216288798,1.96953966483306,0
binary,oncogenic_pathway,LUAD,NRF2,medium,moderate,451,TITAN,,0.601374570446735,0.638193421698576,0.229231945597406,10.420501194375,0
binary,oncogenic_pathway,LUAD,NRF2,medium,moderate,451,GigaSSL,,0.598858615611193,0.642570774014073,0.222102967208882,0.831510014361167,0
binary,oncogenic_pathway,LUAD,NRF2,medium,moderate,451,ProvGigaPath,,0.625450008181967,0.681230567828506,0.244564767668884,0.777803939740236,0
binary,oncogenic_pathway,LUSC,PI3K,medium,low,443,TITAN,,0.571437118583224,0.604140241713534,0.74422371946594,74.2141463735625,0
binary,oncogenic_pathway,LUSC,PI3K,medium,low,443,GigaSSL,,0.545446930716764,0.581356946272586,0.748134385930426,0.842296595749948,0
binary,oncogenic_pathway,LUSC,PI3K,medium,low,443,ProvGigaPath,,0.511403613736987,0.54462127557736,0.715709002527431,1.04705774794027,0
binary,oncogenic_pathway,PRAD,MYC,medium,high,389,TITAN,,0.608317945274467,0.664344468692295,0.19505015337704,73.3624503114629,0
binary,oncogenic_pathway,PRAD,MYC,medium,high,389,GigaSSL,,0.587502098371664,0.617424878294444,0.183220884518216,0.763072948433247,0
binary,oncogenic_pathway,PRAD,MYC,medium,high,389,ProvGigaPath,,0.535000839348666,0.51812993117341,0.116890771269005,0.943657803550699,0
binary,oncogenic_pathway,STAD,MYC,small,moderate,327,TITAN,,0.523928422804827,0.54695519489527,0.192937950423469,8.69275973039374,0
binary,oncogenic_pathway,STAD,MYC,small,moderate,327,GigaSSL,,0.489492301290054,0.523442918574005,0.176693179078236,21.1682037402477,0
binary,oncogenic_pathway,STAD,MYC,small,moderate,327,ProvGigaPath,,0.516541822721598,0.499167707032876,0.167014904763873,6.65809628243563,0
binary,oncogenic_pathway,UCEC,HIPPO,large,low,468,TITAN,,0.595228403437359,0.64932157394844,0.412611502676324,1.78506768786901,0
binary,oncogenic_pathway,UCEC,HIPPO,large,low,468,GigaSSL,,0.571460877431027,0.601017639077341,0.388978095734965,10.0711041486929,0
binary,oncogenic_pathway,UCEC,HIPPO,large,low,468,ProvGigaPath,,0.61026684758028,0.669425599276346,0.465943563621667,0.963290992033473,0
binary,oncogenic_pathway,UCEC,MYC,large,moderate,468,TITAN,,0.564637826961771,0.551911468812877,0.283339035844213,75.6032801712115,0
binary,oncogenic_pathway,UCEC,MYC,large,moderate,468,GigaSSL,,0.509657947686117,0.517303822937626,0.261252839806749,1.53360543102684,0
binary,oncogenic_pathway,UCEC,MYC,large,moderate,468,ProvGigaPath,,0.524911971830986,0.540819919517103,0.282644721574588,0.824714379044894,0
binary,oncogenic_pathway,UCEC,PI3K,large,high,468,TITAN,,0.566550754661142,0.605726546315478,0.954838745456026,28.0804550082277,0
binary,oncogenic_pathway,UCEC,PI3K,large,high,468,GigaSSL,,0.5030334418467,0.4969665581533,0.928638902815843,17.0847075761272,0
binary,oncogenic_pathway,UCEC,PI3K,large,high,468,ProvGigaPath,,0.451501923646049,0.435335898194732,0.923006502310597,5.18934768710457,0
continuous,aneuploidy,KICH,Aneuploidy score,small,not applicable,65,TITAN,-0.0137859867117485,,,,2755.87203082486,0
continuous,aneuploidy,KICH,Aneuploidy score,small,not applicable,65,GigaSSL,-0.0224532654417315,,,,1132.78695070884,0
continuous,aneuploidy,KICH,Aneuploidy score,small,not applicable,65,ProvGigaPath,0.053107846194744,,,,157.717124555565,0
continuous,aneuploidy,KIRP,Amplified arm count,medium,not applicable,264,TITAN,0.162781849753312,,,,55.5014463227318,0
continuous,aneuploidy,KIRP,Amplified arm count,medium,not applicable,264,GigaSSL,0.195569757627636,,,,16.1283860635414,0
continuous,aneuploidy,KIRP,Amplified arm count,medium,not applicable,264,ProvGigaPath,0.26673561239892,,,,14.2830536357795,0
continuous,aneuploidy,PRAD,Deleted arm count,large,not applicable,382,TITAN,0.176837375521339,,,,43.5261007901314,0
continuous,aneuploidy,PRAD,Deleted arm count,large,not applicable,382,GigaSSL,0.126834569645711,,,,19.812089931724,0
continuous,aneuploidy,PRAD,Deleted arm count,large,not applicable,382,ProvGigaPath,0.113107399506346,,,,16.5630700630332,0
continuous,fusion,KIRP,Fusion burden,medium,not applicable,265,TITAN,0.0398717023169541,,,,19.317266636305,0
continuous,fusion,KIRP,Fusion burden,medium,not applicable,265,GigaSSL,0.0142818307811438,,,,9.64049247632269,0
continuous,fusion,KIRP,Fusion burden,medium,not applicable,265,ProvGigaPath,0.0279507761007396,,,,17.0372820338137,0
continuous,fusion,LGG,Fusion burden,large,not applicable,487,TITAN,0.21171764462469,,,,22.6175950599433,0
continuous,fusion,LGG,Fusion burden,large,not applicable,487,GigaSSL,0.125302997781815,,,,5.57834409434487,0
continuous,fusion,LGG,Fusion burden,large,not applicable,487,ProvGigaPath,0.139538314061407,,,,4.59520874435709,0
continuous,fusion,SKCM,Fusion burden,small,not applicable,97,TITAN,0.0260690230510198,,,,11.9126645524725,0
continuous,fusion,SKCM,Fusion burden,small,not applicable,97,GigaSSL,-0.0205468745224058,,,,250.848121221029,0
continuous,fusion,SKCM,Fusion burden,small,not applicable,97,ProvGigaPath,-0.104715754557147,,,,113.712973988719,0
continuous,microsatellite_instability,PAAD,MSIsensor score,medium,not applicable,181,TITAN,-0.0531575790031382,,,,291.846917468651,0
continuous,microsatellite_instability,PAAD,MSIsensor score,medium,not applicable,181,GigaSSL,-0.0420925423347263,,,,276.039975467955,0
continuous,microsatellite_instability,PAAD,MSIsensor score,medium,not applicable,181,ProvGigaPath,-0.038018356466587,,,,316.032578274012,0
continuous,microsatellite_instability,SKCM,MSIsensor score,small,not applicable,74,TITAN,0.0657050632358069,,,,19.2362015863143,0
continuous,microsatellite_instability,SKCM,MSIsensor score,small,not applicable,74,GigaSSL,0.0646876600923229,,,,12.3776164803292,0
continuous,microsatellite_instability,SKCM,MSIsensor score,small,not applicable,74,ProvGigaPath,0.0913596757727855,,,,5.04661132570446,0
continuous,rna_pathway_activity,ACC,HALLMARK_APICAL_SURFACE,small,not applicable,55,TITAN,-0.081253259378768,,,,14.4720916261764,0
continuous,rna_pathway_activity,ACC,HALLMARK_APICAL_SURFACE,small,not applicable,55,GigaSSL,0.0100821058746026,,,,16.349061199867,0
continuous,rna_pathway_activity,ACC,HALLMARK_APICAL_SURFACE,small,not applicable,55,ProvGigaPath,0.0755400678583573,,,,2.19291063797366,0
continuous,rna_pathway_activity,CESC,HALLMARK_GLYCOLYSIS,medium,not applicable,267,TITAN,0.127051058391107,,,,2.38039017002074,0
continuous,rna_pathway_activity,CESC,HALLMARK_GLYCOLYSIS,medium,not applicable,267,GigaSSL,0.0427548494800196,,,,2.50494245650559,0
continuous,rna_pathway_activity,CESC,HALLMARK_GLYCOLYSIS,medium,not applicable,267,ProvGigaPath,0.0537279410636723,,,,2.06906072050424,0
continuous,rna_pathway_activity,UCEC,HALLMARK_CHOLESTEROL_HOMEOSTASIS,large,not applicable,492,TITAN,0.0619845488175639,,,,4.40412181495002,0
continuous,rna_pathway_activity,UCEC,HALLMARK_CHOLESTEROL_HOMEOSTASIS,large,not applicable,492,GigaSSL,0.0466389188385811,,,,3.3180834086307,0
continuous,rna_pathway_activity,UCEC,HALLMARK_CHOLESTEROL_HOMEOSTASIS,large,not applicable,492,ProvGigaPath,0.060083348428385,,,,2.34885180245648,0
continuous,thorsson,LUSC,Th2 Cells,large,not applicable,462,TITAN,0.236922655815089,,,,3876.19081089398,0
continuous,thorsson,LUSC,Th2 Cells,large,not applicable,462,GigaSSL,0.114651799954882,,,,2504.95360338258,0
continuous,thorsson,LUSC,Th2 Cells,large,not applicable,462,ProvGigaPath,0.132721276463601,,,,2457.3224102255,0
continuous,thorsson,PAAD,Number of Segments,medium,not applicable,181,TITAN,0.0214586158178427,,,,9.74602022852498,0
continuous,thorsson,PAAD,Number of Segments,medium,not applicable,181,GigaSSL,0.0259781482235441,,,,11.019655868743,0
continuous,thorsson,PAAD,Number of Segments,medium,not applicable,181,ProvGigaPath,0.0307354793097099,,,,12.1266027811122,0
continuous,thorsson,READ,TCR Richness,small,not applicable,78,TITAN,-0.0884988529225847,,,,1387.57131560007,0
continuous,thorsson,READ,TCR Richness,small,not applicable,78,GigaSSL,-0.0573061135679058,,,,3259.68975579679,0
continuous,thorsson,READ,TCR Richness,small,not applicable,78,ProvGigaPath,-0.0117988993613976,,,,3593.01464365115,0
