stability_repeat,consensus_class,N,outcome_type,threshold,selected_tasks,proportion,mean_tasks,min_tasks,max_tasks,mean_proportion
1,all three,655,continuous,0.1,978,0.669734151329243,653,638,659,0.667689161554192
2,all three,638,continuous,0.1,978,0.652351738241309,653,638,659,0.667689161554192
3,all three,659,continuous,0.1,978,0.673824130879346,653,638,659,0.667689161554192
4,all three,654,continuous,0.1,978,0.668711656441718,653,638,659,0.667689161554192
5,all three,659,continuous,0.1,978,0.673824130879346,653,638,659,0.667689161554192
2,exactly two,152,continuous,0.1,978,0.155419222903886,144.6,141,152,0.147852760736196
4,exactly two,141,continuous,0.1,978,0.144171779141104,144.6,141,152,0.147852760736196
5,exactly two,142,continuous,0.1,978,0.14519427402863,144.6,141,152,0.147852760736196
1,representation specific,141,continuous,0.1,978,0.144171779141104,148.8,139,158,0.152147239263804
2,representation specific,158,continuous,0.1,978,0.161554192229039,148.8,139,158,0.152147239263804
3,representation specific,139,continuous,0.1,978,0.142126789366053,148.8,139,158,0.152147239263804
1,exactly two,142,continuous,0.1,978,0.14519427402863,144.6,141,152,0.147852760736196
3,exactly two,146,continuous,0.1,978,0.149284253578732,144.6,141,152,0.147852760736196
1,none,40,continuous,0.1,978,0.0408997955010225,31.6,25,40,0.0323108384458078
5,representation specific,152,continuous,0.1,978,0.155419222903886,148.8,139,158,0.152147239263804
3,none,34,continuous,0.1,978,0.0347648261758691,31.6,25,40,0.0323108384458078
4,representation specific,154,continuous,0.1,978,0.157464212678937,148.8,139,158,0.152147239263804
4,none,29,continuous,0.1,978,0.0296523517382413,31.6,25,40,0.0323108384458078
2,none,30,continuous,0.1,978,0.0306748466257669,31.6,25,40,0.0323108384458078
5,none,25,continuous,0.1,978,0.0255623721881391,31.6,25,40,0.0323108384458078
1,all three,630,continuous,0.11,978,0.644171779141104,622.8,608,631,0.63680981595092
2,all three,608,continuous,0.11,978,0.621676891615542,622.8,608,631,0.63680981595092
3,all three,631,continuous,0.11,978,0.64519427402863,622.8,608,631,0.63680981595092
4,all three,614,continuous,0.11,978,0.627811860940695,622.8,608,631,0.63680981595092
5,all three,631,continuous,0.11,978,0.64519427402863,622.8,608,631,0.63680981595092
2,exactly two,155,continuous,0.11,978,0.158486707566462,151.6,144,155,0.155010224948875
4,exactly two,155,continuous,0.11,978,0.158486707566462,151.6,144,155,0.155010224948875
5,exactly two,144,continuous,0.11,978,0.147239263803681,151.6,144,155,0.155010224948875
1,representation specific,153,continuous,0.11,978,0.156441717791411,166.4,153,180,0.170143149284254
2,representation specific,180,continuous,0.11,978,0.184049079754601,166.4,153,180,0.170143149284254
3,representation specific,153,continuous,0.11,978,0.156441717791411,166.4,153,180,0.170143149284254
1,exactly two,151,continuous,0.11,978,0.15439672801636,151.6,144,155,0.155010224948875
3,exactly two,153,continuous,0.11,978,0.156441717791411,151.6,144,155,0.155010224948875
4,representation specific,174,continuous,0.11,978,0.177914110429448,166.4,153,180,0.170143149284254
1,none,44,continuous,0.11,978,0.0449897750511247,37.2,31,44,0.0380368098159509
5,representation specific,172,continuous,0.11,978,0.175869120654397,166.4,153,180,0.170143149284254
3,none,41,continuous,0.11,978,0.0419222903885481,37.2,31,44,0.0380368098159509
4,none,35,continuous,0.11,978,0.0357873210633947,37.2,31,44,0.0380368098159509
2,none,35,continuous,0.11,978,0.0357873210633947,37.2,31,44,0.0380368098159509
5,none,31,continuous,0.11,978,0.0316973415132924,37.2,31,44,0.0380368098159509
1,all three,585,continuous,0.12,978,0.598159509202454,583.4,577,587,0.596523517382413
2,all three,577,continuous,0.12,978,0.58997955010225,583.4,577,587,0.596523517382413
3,all three,587,continuous,0.12,978,0.600204498977505,583.4,577,587,0.596523517382413
4,all three,583,continuous,0.12,978,0.596114519427403,583.4,577,587,0.596523517382413
5,all three,585,continuous,0.12,978,0.598159509202454,583.4,577,587,0.596523517382413
2,exactly two,159,continuous,0.12,978,0.162576687116564,162.6,154,167,0.166257668711656
3,exactly two,167,continuous,0.12,978,0.170756646216769,162.6,154,167,0.166257668711656
4,exactly two,154,continuous,0.12,978,0.157464212678937,162.6,154,167,0.166257668711656
5,exactly two,166,continuous,0.12,978,0.169734151329243,162.6,154,167,0.166257668711656
1,representation specific,175,continuous,0.12,978,0.178936605316973,186.2,173,199,0.19038854805726
2,representation specific,199,continuous,0.12,978,0.203476482617587,186.2,173,199,0.19038854805726
3,representation specific,173,continuous,0.12,978,0.176891615541922,186.2,173,199,0.19038854805726
4,representation specific,196,continuous,0.12,978,0.20040899795501,186.2,173,199,0.19038854805726
5,representation specific,188,continuous,0.12,978,0.192229038854806,186.2,173,199,0.19038854805726
1,exactly two,167,continuous,0.12,978,0.170756646216769,162.6,154,167,0.166257668711656
1,none,51,continuous,0.12,978,0.0521472392638037,45.8,39,51,0.0468302658486708
2,none,43,continuous,0.12,978,0.0439672801635992,45.8,39,51,0.0468302658486708
3,none,51,continuous,0.12,978,0.0521472392638037,45.8,39,51,0.0468302658486708
4,none,45,continuous,0.12,978,0.0460122699386503,45.8,39,51,0.0468302658486708
5,none,39,continuous,0.12,978,0.0398773006134969,45.8,39,51,0.0468302658486708
1,all three,555,continuous,0.13,978,0.567484662576687,550.6,543,556,0.562985685071575
2,all three,546,continuous,0.13,978,0.558282208588957,550.6,543,556,0.562985685071575
3,all three,553,continuous,0.13,978,0.565439672801636,550.6,543,556,0.562985685071575
4,all three,556,continuous,0.13,978,0.568507157464213,550.6,543,556,0.562985685071575
5,all three,543,continuous,0.13,978,0.55521472392638,550.6,543,556,0.562985685071575
2,exactly two,161,continuous,0.13,978,0.164621676891616,163.8,150,172,0.167484662576687
3,exactly two,170,continuous,0.13,978,0.173824130879346,163.8,150,172,0.167484662576687
4,representation specific,223,continuous,0.13,978,0.2280163599182,210,195,223,0.214723926380368
5,exactly two,172,continuous,0.13,978,0.175869120654397,163.8,150,172,0.167484662576687
1,representation specific,195,continuous,0.13,978,0.199386503067485,210,195,223,0.214723926380368
2,representation specific,219,continuous,0.13,978,0.223926380368098,210,195,223,0.214723926380368
3,representation specific,199,continuous,0.13,978,0.203476482617587,210,195,223,0.214723926380368
4,none,49,continuous,0.13,978,0.0501022494887526,53.6,49,62,0.0548057259713701
5,representation specific,214,continuous,0.13,978,0.21881390593047,210,195,223,0.214723926380368
1,none,62,continuous,0.13,978,0.0633946830265849,53.6,49,62,0.0548057259713701
2,none,52,continuous,0.13,978,0.0531697341513292,53.6,49,62,0.0548057259713701
3,none,56,continuous,0.13,978,0.0572597137014315,53.6,49,62,0.0548057259713701
1,exactly two,166,continuous,0.13,978,0.169734151329243,163.8,150,172,0.167484662576687
4,exactly two,150,continuous,0.13,978,0.153374233128834,163.8,150,172,0.167484662576687
5,none,49,continuous,0.13,978,0.0501022494887526,53.6,49,62,0.0548057259713701
1,all three,517,continuous,0.14,978,0.528629856850716,512.2,501,521,0.523721881390593
2,all three,504,continuous,0.14,978,0.515337423312884,512.2,501,521,0.523721881390593
3,all three,521,continuous,0.14,978,0.532719836400818,512.2,501,521,0.523721881390593
4,all three,518,continuous,0.14,978,0.529652351738241,512.2,501,521,0.523721881390593
5,all three,501,continuous,0.14,978,0.512269938650307,512.2,501,521,0.523721881390593
1,exactly two,175,continuous,0.14,978,0.178936605316973,169,159,180,0.17280163599182
2,representation specific,247,continuous,0.14,978,0.252556237218814,228,210,247,0.233128834355828
3,representation specific,225,continuous,0.14,978,0.230061349693252,228,210,247,0.233128834355828
4,representation specific,233,continuous,0.14,978,0.238241308793456,228,210,247,0.233128834355828
5,exactly two,180,continuous,0.14,978,0.184049079754601,169,159,180,0.17280163599182
1,representation specific,210,continuous,0.14,978,0.214723926380368,228,210,247,0.233128834355828
4,none,68,continuous,0.14,978,0.0695296523517382,68.8,62,76,0.0703476482617587
5,representation specific,225,continuous,0.14,978,0.230061349693252,228,210,247,0.233128834355828
1,none,76,continuous,0.14,978,0.0777096114519427,68.8,62,76,0.0703476482617587
2,none,62,continuous,0.14,978,0.0633946830265849,68.8,62,76,0.0703476482617587
3,none,66,continuous,0.14,978,0.0674846625766871,68.8,62,76,0.0703476482617587
2,exactly two,165,continuous,0.14,978,0.168711656441718,169,159,180,0.17280163599182
3,exactly two,166,continuous,0.14,978,0.169734151329243,169,159,180,0.17280163599182
4,exactly two,159,continuous,0.14,978,0.162576687116564,169,159,180,0.17280163599182
5,none,72,continuous,0.14,978,0.0736196319018405,68.8,62,76,0.0703476482617587
1,all three,473,continuous,0.15,978,0.483640081799591,472.8,462,478,0.483435582822086
2,all three,474,continuous,0.15,978,0.484662576687117,472.8,462,478,0.483435582822086
3,all three,478,continuous,0.15,978,0.488752556237219,472.8,462,478,0.483435582822086
4,all three,477,continuous,0.15,978,0.487730061349693,472.8,462,478,0.483435582822086
5,all three,462,continuous,0.15,978,0.47239263803681,472.8,462,478,0.483435582822086
1,exactly two,177,continuous,0.15,978,0.180981595092025,168.2,150,187,0.1719836400818
2,representation specific,268,continuous,0.15,978,0.274028629856851,248.4,235,268,0.25398773006135
3,representation specific,248,continuous,0.15,978,0.253578732106339,248.4,235,268,0.25398773006135
4,representation specific,255,continuous,0.15,978,0.260736196319018,248.4,235,268,0.25398773006135
5,representation specific,236,continuous,0.15,978,0.241308793456033,248.4,235,268,0.25398773006135
1,representation specific,235,continuous,0.15,978,0.240286298568507,248.4,235,268,0.25398773006135
4,none,90,continuous,0.15,978,0.0920245398773006,88.6,81,93,0.0905930470347648
2,none,86,continuous,0.15,978,0.0879345603271984,88.6,81,93,0.0905930470347648
1,none,93,continuous,0.15,978,0.0950920245398773,88.6,81,93,0.0905930470347648
3,none,81,continuous,0.15,978,0.0828220858895705,88.6,81,93,0.0905930470347648
5,none,93,continuous,0.15,978,0.0950920245398773,88.6,81,93,0.0905930470347648
2,exactly two,150,continuous,0.15,978,0.153374233128834,168.2,150,187,0.1719836400818
3,exactly two,171,continuous,0.15,978,0.174846625766871,168.2,150,187,0.1719836400818
4,exactly two,156,continuous,0.15,978,0.159509202453988,168.2,150,187,0.1719836400818
5,exactly two,187,continuous,0.15,978,0.19120654396728,168.2,150,187,0.1719836400818
1,all three,445,continuous,0.16,978,0.455010224948875,438.2,425,445,0.448057259713701
2,all three,443,continuous,0.16,978,0.452965235173824,438.2,425,445,0.448057259713701
3,all three,437,continuous,0.16,978,0.446830265848671,438.2,425,445,0.448057259713701
4,all three,441,continuous,0.16,978,0.450920245398773,438.2,425,445,0.448057259713701
5,all three,425,continuous,0.16,978,0.434560327198364,438.2,425,445,0.448057259713701
1,representation specific,248,continuous,0.16,978,0.253578732106339,256.4,247,264,0.262167689161554
2,representation specific,263,continuous,0.16,978,0.268916155419223,256.4,247,264,0.262167689161554
3,representation specific,247,continuous,0.16,978,0.252556237218814,256.4,247,264,0.262167689161554
4,representation specific,264,continuous,0.16,978,0.269938650306748,256.4,247,264,0.262167689161554
5,representation specific,260,continuous,0.16,978,0.265848670756646,256.4,247,264,0.262167689161554
3,none,118,continuous,0.16,978,0.120654396728016,119.6,114,125,0.122290388548057
4,none,114,continuous,0.16,978,0.116564417177914,119.6,114,125,0.122290388548057
5,none,125,continuous,0.16,978,0.127811860940695,119.6,114,125,0.122290388548057
2,none,122,continuous,0.16,978,0.124744376278119,119.6,114,125,0.122290388548057
1,none,119,continuous,0.16,978,0.121676891615542,119.6,114,125,0.122290388548057
1,exactly two,166,continuous,0.16,978,0.169734151329243,163.8,150,176,0.167484662576687
2,exactly two,150,continuous,0.16,978,0.153374233128834,163.8,150,176,0.167484662576687
3,exactly two,176,continuous,0.16,978,0.179959100204499,163.8,150,176,0.167484662576687
4,exactly two,159,continuous,0.16,978,0.162576687116564,163.8,150,176,0.167484662576687
5,exactly two,168,continuous,0.16,978,0.171779141104294,163.8,150,176,0.167484662576687
1,all three,392,continuous,0.17,978,0.40081799591002,399,392,409,0.407975460122699
2,all three,399,continuous,0.17,978,0.407975460122699,399,392,409,0.407975460122699
3,all three,394,continuous,0.17,978,0.402862985685072,399,392,409,0.407975460122699
4,all three,409,continuous,0.17,978,0.418200408997955,399,392,409,0.407975460122699
5,all three,401,continuous,0.17,978,0.410020449897751,399,392,409,0.407975460122699
1,exactly two,177,continuous,0.17,978,0.180981595092025,164.4,154,177,0.168098159509202
2,exactly two,159,continuous,0.17,978,0.162576687116564,164.4,154,177,0.168098159509202
4,exactly two,157,continuous,0.17,978,0.160531697341513,164.4,154,177,0.168098159509202
1,representation specific,263,continuous,0.17,978,0.268916155419223,263.8,256,268,0.269734151329243
2,representation specific,267,continuous,0.17,978,0.273006134969325,263.8,256,268,0.269734151329243
3,representation specific,256,continuous,0.17,978,0.261758691206544,263.8,256,268,0.269734151329243
4,representation specific,268,continuous,0.17,978,0.274028629856851,263.8,256,268,0.269734151329243
5,representation specific,265,continuous,0.17,978,0.270961145194274,263.8,256,268,0.269734151329243
3,none,153,continuous,0.17,978,0.156441717791411,150.8,144,158,0.154192229038855
4,none,144,continuous,0.17,978,0.147239263803681,150.8,144,158,0.154192229038855
5,none,158,continuous,0.17,978,0.161554192229039,150.8,144,158,0.154192229038855
2,none,153,continuous,0.17,978,0.156441717791411,150.8,144,158,0.154192229038855
1,none,146,continuous,0.17,978,0.149284253578732,150.8,144,158,0.154192229038855
3,exactly two,175,continuous,0.17,978,0.178936605316973,164.4,154,177,0.168098159509202
5,exactly two,154,continuous,0.17,978,0.157464212678937,164.4,154,177,0.168098159509202
1,all three,363,continuous,0.18,978,0.371165644171779,362.4,360,368,0.370552147239264
2,all three,360,continuous,0.18,978,0.368098159509202,362.4,360,368,0.370552147239264
3,all three,360,continuous,0.18,978,0.368098159509202,362.4,360,368,0.370552147239264
4,all three,368,continuous,0.18,978,0.376278118609407,362.4,360,368,0.370552147239264
5,all three,361,continuous,0.18,978,0.369120654396728,362.4,360,368,0.370552147239264
1,exactly two,157,continuous,0.18,978,0.160531697341513,160,157,165,0.16359918200409
2,exactly two,165,continuous,0.18,978,0.168711656441718,160,157,165,0.16359918200409
3,exactly two,160,continuous,0.18,978,0.16359918200409,160,157,165,0.16359918200409
4,exactly two,158,continuous,0.18,978,0.161554192229039,160,157,165,0.16359918200409
1,representation specific,271,continuous,0.18,978,0.277096114519427,265.2,255,272,0.271165644171779
2,representation specific,255,continuous,0.18,978,0.260736196319018,265.2,255,272,0.271165644171779
3,representation specific,272,continuous,0.18,978,0.278118609406953,265.2,255,272,0.271165644171779
4,representation specific,270,continuous,0.18,978,0.276073619631902,265.2,255,272,0.271165644171779
5,representation specific,258,continuous,0.18,978,0.263803680981595,265.2,255,272,0.271165644171779
2,none,198,continuous,0.18,978,0.202453987730061,190.4,182,199,0.194683026584867
3,none,186,continuous,0.18,978,0.190184049079755,190.4,182,199,0.194683026584867
4,none,182,continuous,0.18,978,0.186094069529652,190.4,182,199,0.194683026584867
5,none,199,continuous,0.18,978,0.203476482617587,190.4,182,199,0.194683026584867
1,none,187,continuous,0.18,978,0.19120654396728,190.4,182,199,0.194683026584867
5,exactly two,160,continuous,0.18,978,0.16359918200409,160,157,165,0.16359918200409
1,all three,331,continuous,0.19,978,0.338445807770961,329.6,326,333,0.337014314928425
2,all three,333,continuous,0.19,978,0.340490797546012,329.6,326,333,0.337014314928425
3,all three,329,continuous,0.19,978,0.33640081799591,329.6,326,333,0.337014314928425
4,all three,329,continuous,0.19,978,0.33640081799591,329.6,326,333,0.337014314928425
5,all three,326,continuous,0.19,978,0.333333333333333,329.6,326,333,0.337014314928425
1,exactly two,151,continuous,0.19,978,0.15439672801636,151.6,144,160,0.155010224948875
2,representation specific,256,continuous,0.19,978,0.261758691206544,264.6,256,269,0.270552147239264
3,exactly two,153,continuous,0.19,978,0.156441717791411,151.6,144,160,0.155010224948875
4,exactly two,160,continuous,0.19,978,0.16359918200409,151.6,144,160,0.155010224948875
1,representation specific,266,continuous,0.19,978,0.2719836400818,264.6,256,269,0.270552147239264
3,representation specific,267,continuous,0.19,978,0.273006134969325,264.6,256,269,0.270552147239264
4,representation specific,269,continuous,0.19,978,0.275051124744376,264.6,256,269,0.270552147239264
5,representation specific,265,continuous,0.19,978,0.270961145194274,264.6,256,269,0.270552147239264
1,none,230,continuous,0.19,978,0.235173824130879,232.2,220,245,0.237423312883436
2,none,245,continuous,0.19,978,0.250511247443763,232.2,220,245,0.237423312883436
3,none,229,continuous,0.19,978,0.234151329243354,232.2,220,245,0.237423312883436
4,none,220,continuous,0.19,978,0.224948875255624,232.2,220,245,0.237423312883436
5,none,237,continuous,0.19,978,0.242331288343558,232.2,220,245,0.237423312883436
5,exactly two,150,continuous,0.19,978,0.153374233128834,151.6,144,160,0.155010224948875
2,exactly two,144,continuous,0.19,978,0.147239263803681,151.6,144,160,0.155010224948875
1,all three,303,continuous,0.2,978,0.309815950920245,300,292,306,0.306748466257669
2,all three,306,continuous,0.2,978,0.312883435582822,300,292,306,0.306748466257669
3,all three,292,continuous,0.2,978,0.298568507157464,300,292,306,0.306748466257669
4,all three,299,continuous,0.2,978,0.305725971370143,300,292,306,0.306748466257669
5,all three,300,continuous,0.2,978,0.306748466257669,300,292,306,0.306748466257669
1,representation specific,250,continuous,0.2,978,0.255623721881391,258,250,267,0.263803680981595
2,representation specific,257,continuous,0.2,978,0.26278118609407,258,250,267,0.263803680981595
3,representation specific,256,continuous,0.2,978,0.261758691206544,258,250,267,0.263803680981595
4,exactly two,150,continuous,0.2,978,0.153374233128834,144.8,135,155,0.148057259713701
5,exactly two,138,continuous,0.2,978,0.141104294478528,144.8,135,155,0.148057259713701
3,none,275,continuous,0.2,978,0.28118609406953,275.2,262,280,0.281390593047035
4,representation specific,267,continuous,0.2,978,0.273006134969325,258,250,267,0.263803680981595
5,representation specific,260,continuous,0.2,978,0.265848670756646,258,250,267,0.263803680981595
1,none,279,continuous,0.2,978,0.285276073619632,275.2,262,280,0.281390593047035
2,none,280,continuous,0.2,978,0.286298568507157,275.2,262,280,0.281390593047035
4,none,262,continuous,0.2,978,0.267893660531697,275.2,262,280,0.281390593047035
5,none,280,continuous,0.2,978,0.286298568507157,275.2,262,280,0.281390593047035
1,exactly two,146,continuous,0.2,978,0.149284253578732,144.8,135,155,0.148057259713701
2,exactly two,135,continuous,0.2,978,0.138036809815951,144.8,135,155,0.148057259713701
3,exactly two,155,continuous,0.2,978,0.158486707566462,144.8,135,155,0.148057259713701
1,all three,272,continuous,0.21,978,0.278118609406953,270.2,264,276,0.276278118609407
2,all three,276,continuous,0.21,978,0.282208588957055,270.2,264,276,0.276278118609407
3,all three,268,continuous,0.21,978,0.274028629856851,270.2,264,276,0.276278118609407
4,all three,271,continuous,0.21,978,0.277096114519427,270.2,264,276,0.276278118609407
5,all three,264,continuous,0.21,978,0.269938650306748,270.2,264,276,0.276278118609407
1,none,321,continuous,0.21,978,0.328220858895706,319.6,316,323,0.32678936605317
2,representation specific,247,continuous,0.21,978,0.252556237218814,248,240,256,0.253578732106339
3,representation specific,251,continuous,0.21,978,0.256646216768916,248,240,256,0.253578732106339
4,none,316,continuous,0.21,978,0.323108384458078,319.6,316,323,0.32678936605317
5,representation specific,256,continuous,0.21,978,0.261758691206544,248,240,256,0.253578732106339
1,representation specific,240,continuous,0.21,978,0.245398773006135,248,240,256,0.253578732106339
3,none,318,continuous,0.21,978,0.325153374233129,319.6,316,323,0.32678936605317
4,representation specific,246,continuous,0.21,978,0.251533742331288,248,240,256,0.253578732106339
2,none,323,continuous,0.21,978,0.330265848670757,319.6,316,323,0.32678936605317
5,none,320,continuous,0.21,978,0.32719836400818,319.6,316,323,0.32678936605317
1,exactly two,145,continuous,0.21,978,0.148261758691207,140.2,132,145,0.143353783231084
4,exactly two,145,continuous,0.21,978,0.148261758691207,140.2,132,145,0.143353783231084
3,exactly two,141,continuous,0.21,978,0.144171779141104,140.2,132,145,0.143353783231084
5,exactly two,138,continuous,0.21,978,0.141104294478528,140.2,132,145,0.143353783231084
2,exactly two,132,continuous,0.21,978,0.134969325153374,140.2,132,145,0.143353783231084
1,all three,249,continuous,0.22,978,0.254601226993865,247.6,241,253,0.253169734151329
2,all three,252,continuous,0.22,978,0.257668711656442,247.6,241,253,0.253169734151329
3,all three,241,continuous,0.22,978,0.246421267893661,247.6,241,253,0.253169734151329
4,all three,253,continuous,0.22,978,0.258691206543967,247.6,241,253,0.253169734151329
5,all three,243,continuous,0.22,978,0.248466257668712,247.6,241,253,0.253169734151329
1,none,352,continuous,0.22,978,0.359918200408998,361.4,352,371,0.369529652351738
2,none,361,continuous,0.22,978,0.369120654396728,361.4,352,371,0.369529652351738
3,representation specific,232,continuous,0.22,978,0.237218813905931,237.8,232,244,0.243149284253579
4,none,364,continuous,0.22,978,0.372188139059305,361.4,352,371,0.369529652351738
5,none,371,continuous,0.22,978,0.379345603271984,361.4,352,371,0.369529652351738
2,representation specific,242,continuous,0.22,978,0.247443762781186,237.8,232,244,0.243149284253579
3,none,359,continuous,0.22,978,0.367075664621677,361.4,352,371,0.369529652351738
5,representation specific,238,continuous,0.22,978,0.243353783231084,237.8,232,244,0.243149284253579
1,exactly two,133,continuous,0.22,978,0.1359918200409,131.2,123,146,0.134151329243354
4,exactly two,128,continuous,0.22,978,0.130879345603272,131.2,123,146,0.134151329243354
1,representation specific,244,continuous,0.22,978,0.249488752556237,237.8,232,244,0.243149284253579
4,representation specific,233,continuous,0.22,978,0.238241308793456,237.8,232,244,0.243149284253579
3,exactly two,146,continuous,0.22,978,0.149284253578732,131.2,123,146,0.134151329243354
5,exactly two,126,continuous,0.22,978,0.128834355828221,131.2,123,146,0.134151329243354
2,exactly two,123,continuous,0.22,978,0.125766871165644,131.2,123,146,0.134151329243354
1,all three,232,continuous,0.23,978,0.237218813905931,226.6,211,235,0.231697341513292
2,all three,234,continuous,0.23,978,0.239263803680982,226.6,211,235,0.231697341513292
3,all three,221,continuous,0.23,978,0.225971370143149,226.6,211,235,0.231697341513292
4,all three,235,continuous,0.23,978,0.240286298568507,226.6,211,235,0.231697341513292
5,all three,211,continuous,0.23,978,0.215746421267894,226.6,211,235,0.231697341513292
1,none,389,continuous,0.23,978,0.397750511247444,398.6,389,411,0.407566462167689
2,none,397,continuous,0.23,978,0.405930470347648,398.6,389,411,0.407566462167689
3,none,401,continuous,0.23,978,0.410020449897751,398.6,389,411,0.407566462167689
4,none,395,continuous,0.23,978,0.403885480572597,398.6,389,411,0.407566462167689
5,none,411,continuous,0.23,978,0.420245398773006,398.6,389,411,0.407566462167689
2,representation specific,235,continuous,0.23,978,0.240286298568507,230.4,224,235,0.23558282208589
1,exactly two,122,continuous,0.23,978,0.124744376278119,122.4,112,132,0.125153374233129
4,representation specific,232,continuous,0.23,978,0.237218813905931,230.4,224,235,0.23558282208589
1,representation specific,235,continuous,0.23,978,0.240286298568507,230.4,224,235,0.23558282208589
3,representation specific,226,continuous,0.23,978,0.231083844580777,230.4,224,235,0.23558282208589
5,representation specific,224,continuous,0.23,978,0.229038854805726,230.4,224,235,0.23558282208589
3,exactly two,130,continuous,0.23,978,0.132924335378323,122.4,112,132,0.125153374233129
5,exactly two,132,continuous,0.23,978,0.134969325153374,122.4,112,132,0.125153374233129
2,exactly two,112,continuous,0.23,978,0.114519427402863,122.4,112,132,0.125153374233129
4,exactly two,116,continuous,0.23,978,0.118609406952965,122.4,112,132,0.125153374233129
1,all three,212,continuous,0.24,978,0.216768916155419,206.6,197,214,0.211247443762781
2,all three,214,continuous,0.24,978,0.21881390593047,206.6,197,214,0.211247443762781
3,exactly two,109,continuous,0.24,978,0.111451942740286,111.6,108,118,0.114110429447853
4,representation specific,220,continuous,0.24,978,0.224948875255624,222.6,212,234,0.22760736196319
5,all three,197,continuous,0.24,978,0.201431492842536,206.6,197,214,0.211247443762781
1,none,422,continuous,0.24,978,0.431492842535787,437.2,422,451,0.447034764826176
2,none,439,continuous,0.24,978,0.448875255623722,437.2,422,451,0.447034764826176
3,none,435,continuous,0.24,978,0.44478527607362,437.2,422,451,0.447034764826176
4,none,439,continuous,0.24,978,0.448875255623722,437.2,422,451,0.447034764826176
5,none,451,continuous,0.24,978,0.461145194274029,437.2,422,451,0.447034764826176
2,representation specific,217,continuous,0.24,978,0.221881390593047,222.6,212,234,0.22760736196319
1,representation specific,234,continuous,0.24,978,0.239263803680982,222.6,212,234,0.22760736196319
3,representation specific,230,continuous,0.24,978,0.235173824130879,222.6,212,234,0.22760736196319
5,representation specific,212,continuous,0.24,978,0.216768916155419,222.6,212,234,0.22760736196319
1,exactly two,110,continuous,0.24,978,0.112474437627812,111.6,108,118,0.114110429447853
4,exactly two,113,continuous,0.24,978,0.115541922290389,111.6,108,118,0.114110429447853
2,exactly two,108,continuous,0.24,978,0.110429447852761,111.6,108,118,0.114110429447853
4,all three,206,continuous,0.24,978,0.210633946830266,206.6,197,214,0.211247443762781
5,exactly two,118,continuous,0.24,978,0.120654396728016,111.6,108,118,0.114110429447853
3,all three,204,continuous,0.24,978,0.208588957055215,206.6,197,214,0.211247443762781
1,exactly two,91,continuous,0.25,978,0.0930470347648262,103.2,91,114,0.105521472392638
2,all three,195,continuous,0.25,978,0.199386503067485,188.6,178,199,0.192842535787321
3,exactly two,100,continuous,0.25,978,0.102249488752556,103.2,91,114,0.105521472392638
4,representation specific,211,continuous,0.25,978,0.215746421267894,217.6,208,232,0.222494887525562
5,all three,178,continuous,0.25,978,0.18200408997955,188.6,178,199,0.192842535787321
1,none,456,continuous,0.25,978,0.466257668711656,468.6,456,484,0.479141104294479
2,none,469,continuous,0.25,978,0.479550102249489,468.6,456,484,0.479141104294479
3,none,466,continuous,0.25,978,0.476482617586912,468.6,456,484,0.479141104294479
4,none,468,continuous,0.25,978,0.478527607361963,468.6,456,484,0.479141104294479
5,none,484,continuous,0.25,978,0.494887525562372,468.6,456,484,0.479141104294479
1,representation specific,232,continuous,0.25,978,0.237218813905931,217.6,208,232,0.222494887525562
2,representation specific,211,continuous,0.25,978,0.215746421267894,217.6,208,232,0.222494887525562
3,representation specific,226,continuous,0.25,978,0.231083844580777,217.6,208,232,0.222494887525562
5,representation specific,208,continuous,0.25,978,0.212678936605317,217.6,208,232,0.222494887525562
2,exactly two,103,continuous,0.25,978,0.105316973415133,103.2,91,114,0.105521472392638
4,exactly two,114,continuous,0.25,978,0.116564417177914,103.2,91,114,0.105521472392638
4,all three,185,continuous,0.25,978,0.189161554192229,188.6,178,199,0.192842535787321
5,exactly two,108,continuous,0.25,978,0.110429447852761,103.2,91,114,0.105521472392638
1,all three,199,continuous,0.25,978,0.203476482617587,188.6,178,199,0.192842535787321
3,all three,186,continuous,0.25,978,0.190184049079755,188.6,178,199,0.192842535787321
1,exactly two,97,continuous,0.26,978,0.0991820040899796,95.8,91,101,0.0979550102249489
2,exactly two,96,continuous,0.26,978,0.098159509202454,95.8,91,101,0.0979550102249489
3,exactly two,91,continuous,0.26,978,0.0930470347648262,95.8,91,101,0.0979550102249489
4,representation specific,210,continuous,0.26,978,0.214723926380368,205,196,210,0.20961145194274
5,all three,162,continuous,0.26,978,0.165644171779141,170.8,162,176,0.174642126789366
1,none,498,continuous,0.26,978,0.50920245398773,506.4,498,512,0.517791411042945
2,none,512,continuous,0.26,978,0.523517382413088,506.4,498,512,0.517791411042945
3,none,508,continuous,0.26,978,0.519427402862986,506.4,498,512,0.517791411042945
4,none,503,continuous,0.26,978,0.514314928425358,506.4,498,512,0.517791411042945
5,none,511,continuous,0.26,978,0.522494887525562,506.4,498,512,0.517791411042945
1,representation specific,207,continuous,0.26,978,0.211656441717791,205,196,210,0.20961145194274
2,representation specific,196,continuous,0.26,978,0.20040899795501,205,196,210,0.20961145194274
3,representation specific,208,continuous,0.26,978,0.212678936605317,205,196,210,0.20961145194274
5,representation specific,204,continuous,0.26,978,0.208588957055215,205,196,210,0.20961145194274
4,exactly two,94,continuous,0.26,978,0.0961145194274029,95.8,91,101,0.0979550102249489
5,exactly two,101,continuous,0.26,978,0.103271983640082,95.8,91,101,0.0979550102249489
1,all three,176,continuous,0.26,978,0.179959100204499,170.8,162,176,0.174642126789366
2,all three,174,continuous,0.26,978,0.177914110429448,170.8,162,176,0.174642126789366
3,all three,171,continuous,0.26,978,0.174846625766871,170.8,162,176,0.174642126789366
4,all three,171,continuous,0.26,978,0.174846625766871,170.8,162,176,0.174642126789366
1,representation specific,199,continuous,0.27,978,0.203476482617587,194.6,187,203,0.198977505112474
2,exactly two,89,continuous,0.27,978,0.0910020449897751,88.6,84,97,0.0905930470347648
3,exactly two,87,continuous,0.27,978,0.0889570552147239,88.6,84,97,0.0905930470347648
4,representation specific,193,continuous,0.27,978,0.197341513292434,194.6,187,203,0.198977505112474
5,representation specific,191,continuous,0.27,978,0.195296523517382,194.6,187,203,0.198977505112474
1,none,527,continuous,0.27,978,0.538854805725971,536.4,527,543,0.548466257668712
2,none,539,continuous,0.27,978,0.551124744376278,536.4,527,543,0.548466257668712
3,none,533,continuous,0.27,978,0.544989775051125,536.4,527,543,0.548466257668712
4,none,540,continuous,0.27,978,0.552147239263804,536.4,527,543,0.548466257668712
5,none,543,continuous,0.27,978,0.55521472392638,536.4,527,543,0.548466257668712
2,representation specific,187,continuous,0.27,978,0.19120654396728,194.6,187,203,0.198977505112474
3,representation specific,203,continuous,0.27,978,0.207566462167689,194.6,187,203,0.198977505112474
4,exactly two,84,continuous,0.27,978,0.0858895705521472,88.6,84,97,0.0905930470347648
5,exactly two,97,continuous,0.27,978,0.0991820040899796,88.6,84,97,0.0905930470347648
1,exactly two,86,continuous,0.27,978,0.0879345603271984,88.6,84,97,0.0905930470347648
1,all three,166,continuous,0.27,978,0.169734151329243,158.4,147,166,0.161963190184049
2,all three,163,continuous,0.27,978,0.166666666666667,158.4,147,166,0.161963190184049
3,all three,155,continuous,0.27,978,0.158486707566462,158.4,147,166,0.161963190184049
4,all three,161,continuous,0.27,978,0.164621676891616,158.4,147,166,0.161963190184049
5,all three,147,continuous,0.27,978,0.150306748466258,158.4,147,166,0.161963190184049
1,representation specific,186,continuous,0.28,978,0.190184049079755,184.4,174,196,0.188548057259714
2,representation specific,180,continuous,0.28,978,0.184049079754601,184.4,174,196,0.188548057259714
3,exactly two,84,continuous,0.28,978,0.0858895705521472,86,83,89,0.0879345603271984
4,representation specific,174,continuous,0.28,978,0.177914110429448,184.4,174,196,0.188548057259714
5,representation specific,186,continuous,0.28,978,0.190184049079755,184.4,174,196,0.188548057259714
1,none,563,continuous,0.28,978,0.575664621676892,566.4,559,576,0.579141104294479
2,none,566,continuous,0.28,978,0.578732106339468,566.4,559,576,0.579141104294479
3,none,559,continuous,0.28,978,0.571574642126789,566.4,559,576,0.579141104294479
4,none,576,continuous,0.28,978,0.588957055214724,566.4,559,576,0.579141104294479
5,none,568,continuous,0.28,978,0.580777096114519,566.4,559,576,0.579141104294479
3,representation specific,196,continuous,0.28,978,0.20040899795501,184.4,174,196,0.188548057259714
4,exactly two,83,continuous,0.28,978,0.0848670756646217,86,83,89,0.0879345603271984
5,exactly two,86,continuous,0.28,978,0.0879345603271984,86,83,89,0.0879345603271984
1,all three,141,continuous,0.28,978,0.144171779141104,141.2,138,145,0.144376278118609
2,all three,143,continuous,0.28,978,0.146216768916155,141.2,138,145,0.144376278118609
3,all three,139,continuous,0.28,978,0.142126789366053,141.2,138,145,0.144376278118609
4,all three,145,continuous,0.28,978,0.148261758691207,141.2,138,145,0.144376278118609
5,all three,138,continuous,0.28,978,0.141104294478528,141.2,138,145,0.144376278118609
2,exactly two,89,continuous,0.28,978,0.0910020449897751,86,83,89,0.0879345603271984
1,exactly two,88,continuous,0.28,978,0.0899795501022495,86,83,89,0.0879345603271984
1,representation specific,171,continuous,0.29,978,0.174846625766871,170.4,164,178,0.174233128834356
2,none,603,continuous,0.29,978,0.616564417177914,598.6,594,603,0.612065439672802
3,representation specific,178,continuous,0.29,978,0.18200408997955,170.4,164,178,0.174233128834356
4,representation specific,164,continuous,0.29,978,0.167689161554192,170.4,164,178,0.174233128834356
5,representation specific,173,continuous,0.29,978,0.176891615541922,170.4,164,178,0.174233128834356
1,none,598,continuous,0.29,978,0.611451942740286,598.6,594,603,0.612065439672802
3,none,594,continuous,0.29,978,0.607361963190184,598.6,594,603,0.612065439672802
4,none,602,continuous,0.29,978,0.615541922290389,598.6,594,603,0.612065439672802
5,none,596,continuous,0.29,978,0.609406952965235,598.6,594,603,0.612065439672802
2,representation specific,166,continuous,0.29,978,0.169734151329243,170.4,164,178,0.174233128834356
4,exactly two,80,continuous,0.29,978,0.081799591002045,82.2,77,87,0.0840490797546012
5,exactly two,83,continuous,0.29,978,0.0848670756646217,82.2,77,87,0.0840490797546012
1,all three,122,continuous,0.29,978,0.124744376278119,126.8,122,132,0.129652351738241
2,all three,125,continuous,0.29,978,0.127811860940695,126.8,122,132,0.129652351738241
3,all three,129,continuous,0.29,978,0.131901840490798,126.8,122,132,0.129652351738241
4,all three,132,continuous,0.29,978,0.134969325153374,126.8,122,132,0.129652351738241
5,all three,126,continuous,0.29,978,0.128834355828221,126.8,122,132,0.129652351738241
2,exactly two,84,continuous,0.29,978,0.0858895705521472,82.2,77,87,0.0840490797546012
3,exactly two,77,continuous,0.29,978,0.0787321063394683,82.2,77,87,0.0840490797546012
1,exactly two,87,continuous,0.29,978,0.0889570552147239,82.2,77,87,0.0840490797546012
1,representation specific,165,continuous,0.3,978,0.168711656441718,164.2,153,176,0.167893660531697
2,none,630,continuous,0.3,978,0.644171779141104,626.2,622,630,0.640286298568507
3,representation specific,176,continuous,0.3,978,0.179959100204499,164.2,153,176,0.167893660531697
4,representation specific,163,continuous,0.3,978,0.166666666666667,164.2,153,176,0.167893660531697
5,none,622,continuous,0.3,978,0.6359918200409,626.2,622,630,0.640286298568507
1,none,626,continuous,0.3,978,0.640081799591002,626.2,622,630,0.640286298568507
3,none,623,continuous,0.3,978,0.637014314928425,626.2,622,630,0.640286298568507
4,none,630,continuous,0.3,978,0.644171779141104,626.2,622,630,0.640286298568507
2,representation specific,153,continuous,0.3,978,0.156441717791411,164.2,153,176,0.167893660531697
5,representation specific,164,continuous,0.3,978,0.167689161554192,164.2,153,176,0.167893660531697
5,exactly two,80,continuous,0.3,978,0.081799591002045,75,62,88,0.0766871165644172
1,all three,110,continuous,0.3,978,0.112474437627812,112.6,107,117,0.115132924335378
2,all three,107,continuous,0.3,978,0.109406952965235,112.6,107,117,0.115132924335378
3,all three,117,continuous,0.3,978,0.119631901840491,112.6,107,117,0.115132924335378
4,all three,117,continuous,0.3,978,0.119631901840491,112.6,107,117,0.115132924335378
5,all three,112,continuous,0.3,978,0.114519427402863,112.6,107,117,0.115132924335378
1,exactly two,77,continuous,0.3,978,0.0787321063394683,75,62,88,0.0766871165644172
2,exactly two,88,continuous,0.3,978,0.0899795501022495,75,62,88,0.0766871165644172
4,exactly two,68,continuous,0.3,978,0.0695296523517382,75,62,88,0.0766871165644172
3,exactly two,62,continuous,0.3,978,0.0633946830265849,75,62,88,0.0766871165644172
1,exactly two,67,binary,0.55,356,0.188202247191011,70.6,67,82,0.198314606741573
2,representation specific,56,binary,0.55,356,0.157303370786517,59.4,56,64,0.16685393258427
3,exactly two,69,binary,0.55,356,0.193820224719101,70.6,67,82,0.198314606741573
4,representation specific,58,binary,0.55,356,0.162921348314607,59.4,56,64,0.16685393258427
5,exactly two,67,binary,0.55,356,0.188202247191011,70.6,67,82,0.198314606741573
1,all three,213,binary,0.55,356,0.598314606741573,204.8,196,213,0.575280898876405
2,all three,208,binary,0.55,356,0.584269662921348,204.8,196,213,0.575280898876405
3,all three,205,binary,0.55,356,0.575842696629214,204.8,196,213,0.575280898876405
4,all three,196,binary,0.55,356,0.550561797752809,204.8,196,213,0.575280898876405
5,all three,202,binary,0.55,356,0.567415730337079,204.8,196,213,0.575280898876405
1,representation specific,60,binary,0.55,356,0.168539325842697,59.4,56,64,0.16685393258427
4,exactly two,82,binary,0.55,356,0.230337078651685,70.6,67,82,0.198314606741573
5,representation specific,64,binary,0.55,356,0.179775280898876,59.4,56,64,0.16685393258427
2,exactly two,68,binary,0.55,356,0.191011235955056,70.6,67,82,0.198314606741573
1,none,16,binary,0.55,356,0.0449438202247191,21.2,16,24,0.0595505617977528
3,none,23,binary,0.55,356,0.0646067415730337,21.2,16,24,0.0595505617977528
5,none,23,binary,0.55,356,0.0646067415730337,21.2,16,24,0.0595505617977528
3,representation specific,59,binary,0.55,356,0.165730337078652,59.4,56,64,0.16685393258427
2,none,24,binary,0.55,356,0.0674157303370787,21.2,16,24,0.0595505617977528
4,none,20,binary,0.55,356,0.0561797752808989,21.2,16,24,0.0595505617977528
1,exactly two,70,binary,0.56,356,0.196629213483146,69.6,65,73,0.195505617977528
2,representation specific,67,binary,0.56,356,0.188202247191011,68.2,63,74,0.191573033707865
3,exactly two,68,binary,0.56,356,0.191011235955056,69.6,65,73,0.195505617977528
4,representation specific,68,binary,0.56,356,0.191011235955056,68.2,63,74,0.191573033707865
5,exactly two,65,binary,0.56,356,0.182584269662921,69.6,65,73,0.195505617977528
1,all three,193,binary,0.56,356,0.542134831460674,189.4,188,193,0.532022471910112
2,all three,188,binary,0.56,356,0.528089887640449,189.4,188,193,0.532022471910112
3,all three,189,binary,0.56,356,0.530898876404494,189.4,188,193,0.532022471910112
4,all three,189,binary,0.56,356,0.530898876404494,189.4,188,193,0.532022471910112
5,all three,188,binary,0.56,356,0.528089887640449,189.4,188,193,0.532022471910112
2,exactly two,73,binary,0.56,356,0.205056179775281,69.6,65,73,0.195505617977528
1,representation specific,69,binary,0.56,356,0.193820224719101,68.2,63,74,0.191573033707865
4,exactly two,72,binary,0.56,356,0.202247191011236,69.6,65,73,0.195505617977528
5,representation specific,74,binary,0.56,356,0.207865168539326,68.2,63,74,0.191573033707865
1,none,24,binary,0.56,356,0.0674157303370787,28.8,24,36,0.0808988764044944
3,none,36,binary,0.56,356,0.101123595505618,28.8,24,36,0.0808988764044944
5,none,29,binary,0.56,356,0.0814606741573034,28.8,24,36,0.0808988764044944
3,representation specific,63,binary,0.56,356,0.176966292134831,68.2,63,74,0.191573033707865
2,none,28,binary,0.56,356,0.0786516853932584,28.8,24,36,0.0808988764044944
4,none,27,binary,0.56,356,0.0758426966292135,28.8,24,36,0.0808988764044944
1,exactly two,77,binary,0.57,356,0.216292134831461,71,66,77,0.199438202247191
2,representation specific,77,binary,0.57,356,0.216292134831461,73.8,71,77,0.207303370786517
3,representation specific,72,binary,0.57,356,0.202247191011236,73.8,71,77,0.207303370786517
4,representation specific,75,binary,0.57,356,0.210674157303371,73.8,71,77,0.207303370786517
5,exactly two,66,binary,0.57,356,0.185393258426966,71,66,77,0.199438202247191
1,all three,167,binary,0.57,356,0.469101123595506,169.4,166,173,0.475842696629213
2,all three,166,binary,0.57,356,0.466292134831461,169.4,166,173,0.475842696629213
3,all three,169,binary,0.57,356,0.474719101123596,169.4,166,173,0.475842696629213
4,all three,172,binary,0.57,356,0.48314606741573,169.4,166,173,0.475842696629213
5,all three,173,binary,0.57,356,0.485955056179775,169.4,166,173,0.475842696629213
2,exactly two,75,binary,0.57,356,0.210674157303371,71,66,77,0.199438202247191
3,exactly two,66,binary,0.57,356,0.185393258426966,71,66,77,0.199438202247191
1,representation specific,71,binary,0.57,356,0.199438202247191,73.8,71,77,0.207303370786517
2,none,38,binary,0.57,356,0.106741573033708,41.8,38,49,0.117415730337079
4,exactly two,71,binary,0.57,356,0.199438202247191,71,66,77,0.199438202247191
5,representation specific,74,binary,0.57,356,0.207865168539326,73.8,71,77,0.207303370786517
1,none,41,binary,0.57,356,0.115168539325843,41.8,38,49,0.117415730337079
3,none,49,binary,0.57,356,0.137640449438202,41.8,38,49,0.117415730337079
5,none,43,binary,0.57,356,0.120786516853933,41.8,38,49,0.117415730337079
4,none,38,binary,0.57,356,0.106741573033708,41.8,38,49,0.117415730337079
1,exactly two,74,binary,0.58,356,0.207865168539326,68.2,57,74,0.191573033707865
2,representation specific,80,binary,0.58,356,0.224719101123596,78,70,86,0.219101123595506
3,representation specific,79,binary,0.58,356,0.221910112359551,78,70,86,0.219101123595506
4,representation specific,86,binary,0.58,356,0.241573033707865,78,70,86,0.219101123595506
5,exactly two,74,binary,0.58,356,0.207865168539326,68.2,57,74,0.191573033707865
1,all three,150,binary,0.58,356,0.421348314606742,154,150,160,0.432584269662921
2,all three,150,binary,0.58,356,0.421348314606742,154,150,160,0.432584269662921
3,all three,153,binary,0.58,356,0.429775280898876,154,150,160,0.432584269662921
4,all three,160,binary,0.58,356,0.449438202247191,154,150,160,0.432584269662921
5,all three,157,binary,0.58,356,0.441011235955056,154,150,160,0.432584269662921
2,exactly two,74,binary,0.58,356,0.207865168539326,68.2,57,74,0.191573033707865
3,exactly two,62,binary,0.58,356,0.174157303370787,68.2,57,74,0.191573033707865
1,representation specific,75,binary,0.58,356,0.210674157303371,78,70,86,0.219101123595506
2,none,52,binary,0.58,356,0.146067415730337,55.8,52,62,0.156741573033708
4,exactly two,57,binary,0.58,356,0.160112359550562,68.2,57,74,0.191573033707865
5,none,55,binary,0.58,356,0.154494382022472,55.8,52,62,0.156741573033708
1,none,57,binary,0.58,356,0.160112359550562,55.8,52,62,0.156741573033708
3,none,62,binary,0.58,356,0.174157303370787,55.8,52,62,0.156741573033708
5,representation specific,70,binary,0.58,356,0.196629213483146,78,70,86,0.219101123595506
4,none,53,binary,0.58,356,0.148876404494382,55.8,52,62,0.156741573033708
1,exactly two,72,binary,0.59,356,0.202247191011236,72.4,65,89,0.203370786516854
2,representation specific,88,binary,0.59,356,0.247191011235955,80.4,73,88,0.225842696629214
3,representation specific,76,binary,0.59,356,0.213483146067416,80.4,73,88,0.225842696629214
4,representation specific,84,binary,0.59,356,0.235955056179775,80.4,73,88,0.225842696629214
5,exactly two,89,binary,0.59,356,0.25,72.4,65,89,0.203370786516854
1,all three,132,binary,0.59,356,0.370786516853933,133.2,126,141,0.374157303370787
2,all three,133,binary,0.59,356,0.373595505617978,133.2,126,141,0.374157303370787
3,all three,141,binary,0.59,356,0.396067415730337,133.2,126,141,0.374157303370787
4,all three,134,binary,0.59,356,0.376404494382022,133.2,126,141,0.374157303370787
5,all three,126,binary,0.59,356,0.353932584269663,133.2,126,141,0.374157303370787
2,exactly two,68,binary,0.59,356,0.191011235955056,72.4,65,89,0.203370786516854
3,exactly two,65,binary,0.59,356,0.182584269662921,72.4,65,89,0.203370786516854
4,exactly two,68,binary,0.59,356,0.191011235955056,72.4,65,89,0.203370786516854
1,representation specific,81,binary,0.59,356,0.22752808988764,80.4,73,88,0.225842696629214
2,none,67,binary,0.59,356,0.188202247191011,70,67,74,0.196629213483146
5,none,68,binary,0.59,356,0.191011235955056,70,67,74,0.196629213483146
5,representation specific,73,binary,0.59,356,0.205056179775281,80.4,73,88,0.225842696629214
1,none,71,binary,0.59,356,0.199438202247191,70,67,74,0.196629213483146
3,none,74,binary,0.59,356,0.207865168539326,70,67,74,0.196629213483146
4,none,70,binary,0.59,356,0.196629213483146,70,67,74,0.196629213483146
1,exactly two,66,binary,0.6,356,0.185393258426966,72.2,63,89,0.202808988764045
2,representation specific,91,binary,0.6,356,0.25561797752809,84,81,91,0.235955056179775
3,representation specific,81,binary,0.6,356,0.22752808988764,84,81,91,0.235955056179775
4,representation specific,84,binary,0.6,356,0.235955056179775,84,81,91,0.235955056179775
5,exactly two,89,binary,0.6,356,0.25,72.2,63,89,0.202808988764045
1,all three,121,binary,0.6,356,0.339887640449438,115.2,103,121,0.323595505617978
2,all three,118,binary,0.6,356,0.331460674157303,115.2,103,121,0.323595505617978
3,all three,114,binary,0.6,356,0.320224719101124,115.2,103,121,0.323595505617978
4,all three,120,binary,0.6,356,0.337078651685393,115.2,103,121,0.323595505617978
5,all three,103,binary,0.6,356,0.289325842696629,115.2,103,121,0.323595505617978
2,exactly two,63,binary,0.6,356,0.176966292134831,72.2,63,89,0.202808988764045
3,exactly two,78,binary,0.6,356,0.219101123595506,72.2,63,89,0.202808988764045
4,exactly two,65,binary,0.6,356,0.182584269662921,72.2,63,89,0.202808988764045
5,representation specific,81,binary,0.6,356,0.22752808988764,84,81,91,0.235955056179775
1,representation specific,83,binary,0.6,356,0.23314606741573,84,81,91,0.235955056179775
2,none,84,binary,0.6,356,0.235955056179775,84.6,83,87,0.237640449438202
3,none,83,binary,0.6,356,0.23314606741573,84.6,83,87,0.237640449438202
5,none,83,binary,0.6,356,0.23314606741573,84.6,83,87,0.237640449438202
4,none,87,binary,0.6,356,0.24438202247191,84.6,83,87,0.237640449438202
1,none,86,binary,0.6,356,0.241573033707865,84.6,83,87,0.237640449438202
1,exactly two,60,binary,0.61,356,0.168539325842697,65.2,60,70,0.18314606741573
2,representation specific,86,binary,0.61,356,0.241573033707865,89.2,85,98,0.250561797752809
3,representation specific,89,binary,0.61,356,0.25,89.2,85,98,0.250561797752809
4,representation specific,88,binary,0.61,356,0.247191011235955,89.2,85,98,0.250561797752809
5,exactly two,70,binary,0.61,356,0.196629213483146,65.2,60,70,0.18314606741573
1,all three,106,binary,0.61,356,0.297752808988764,101.2,93,106,0.284269662921348
2,all three,103,binary,0.61,356,0.289325842696629,101.2,93,106,0.284269662921348
3,all three,99,binary,0.61,356,0.278089887640449,101.2,93,106,0.284269662921348
4,all three,105,binary,0.61,356,0.294943820224719,101.2,93,106,0.284269662921348
5,all three,93,binary,0.61,356,0.26123595505618,101.2,93,106,0.284269662921348
3,exactly two,70,binary,0.61,356,0.196629213483146,65.2,60,70,0.18314606741573
4,exactly two,61,binary,0.61,356,0.171348314606742,65.2,60,70,0.18314606741573
5,representation specific,98,binary,0.61,356,0.275280898876405,89.2,85,98,0.250561797752809
1,representation specific,85,binary,0.61,356,0.23876404494382,89.2,85,98,0.250561797752809
2,none,102,binary,0.61,356,0.286516853932584,100.4,95,105,0.282022471910112
3,none,98,binary,0.61,356,0.275280898876405,100.4,95,105,0.282022471910112
5,none,95,binary,0.61,356,0.26685393258427,100.4,95,105,0.282022471910112
4,none,102,binary,0.61,356,0.286516853932584,100.4,95,105,0.282022471910112
2,exactly two,65,binary,0.61,356,0.182584269662921,65.2,60,70,0.18314606741573
1,none,105,binary,0.61,356,0.294943820224719,100.4,95,105,0.282022471910112
1,representation specific,84,binary,0.62,356,0.235955056179775,89,84,95,0.25
2,representation specific,95,binary,0.62,356,0.26685393258427,89,84,95,0.25
3,representation specific,87,binary,0.62,356,0.24438202247191,89,84,95,0.25
4,representation specific,87,binary,0.62,356,0.24438202247191,89,84,95,0.25
5,representation specific,92,binary,0.62,356,0.258426966292135,89,84,95,0.25
1,all three,95,binary,0.62,356,0.26685393258427,91,84,95,0.25561797752809
2,all three,91,binary,0.62,356,0.25561797752809,91,84,95,0.25561797752809
3,all three,90,binary,0.62,356,0.252808988764045,91,84,95,0.25561797752809
4,all three,95,binary,0.62,356,0.26685393258427,91,84,95,0.25561797752809
5,all three,84,binary,0.62,356,0.235955056179775,91,84,95,0.25561797752809
1,exactly two,54,binary,0.62,356,0.151685393258427,58.4,54,65,0.164044943820225
3,exactly two,58,binary,0.62,356,0.162921348314607,58.4,54,65,0.164044943820225
4,exactly two,57,binary,0.62,356,0.160112359550562,58.4,54,65,0.164044943820225
2,none,112,binary,0.62,356,0.314606741573034,117.6,112,123,0.330337078651685
3,none,121,binary,0.62,356,0.339887640449438,117.6,112,123,0.330337078651685
5,none,115,binary,0.62,356,0.323033707865169,117.6,112,123,0.330337078651685
4,none,117,binary,0.62,356,0.328651685393258,117.6,112,123,0.330337078651685
2,exactly two,58,binary,0.62,356,0.162921348314607,58.4,54,65,0.164044943820225
1,none,123,binary,0.62,356,0.345505617977528,117.6,112,123,0.330337078651685
5,exactly two,65,binary,0.62,356,0.182584269662921,58.4,54,65,0.164044943820225
1,representation specific,78,binary,0.63,356,0.219101123595506,83.2,78,89,0.233707865168539
2,representation specific,89,binary,0.63,356,0.25,83.2,78,89,0.233707865168539
3,none,140,binary,0.63,356,0.393258426966292,136.6,131,142,0.383707865168539
4,representation specific,82,binary,0.63,356,0.230337078651685,83.2,78,89,0.233707865168539
5,representation specific,89,binary,0.63,356,0.25,83.2,78,89,0.233707865168539
1,all three,82,binary,0.63,356,0.230337078651685,79.6,74,85,0.223595505617978
2,all three,76,binary,0.63,356,0.213483146067416,79.6,74,85,0.223595505617978
3,all three,81,binary,0.63,356,0.22752808988764,79.6,74,85,0.223595505617978
4,all three,85,binary,0.63,356,0.23876404494382,79.6,74,85,0.223595505617978
5,all three,74,binary,0.63,356,0.207865168539326,79.6,74,85,0.223595505617978
1,exactly two,54,binary,0.63,356,0.151685393258427,56.6,53,60,0.158988764044944
3,exactly two,57,binary,0.63,356,0.160112359550562,56.6,53,60,0.158988764044944
2,none,131,binary,0.63,356,0.367977528089888,136.6,131,142,0.383707865168539
5,none,134,binary,0.63,356,0.376404494382022,136.6,131,142,0.383707865168539
1,none,142,binary,0.63,356,0.398876404494382,136.6,131,142,0.383707865168539
4,none,136,binary,0.63,356,0.382022471910112,136.6,131,142,0.383707865168539
2,exactly two,60,binary,0.63,356,0.168539325842697,56.6,53,60,0.158988764044944
4,exactly two,53,binary,0.63,356,0.148876404494382,56.6,53,60,0.158988764044944
5,exactly two,59,binary,0.63,356,0.165730337078652,56.6,53,60,0.158988764044944
3,representation specific,78,binary,0.63,356,0.219101123595506,83.2,78,89,0.233707865168539
1,representation specific,75,binary,0.64,356,0.210674157303371,83,75,87,0.23314606741573
2,representation specific,84,binary,0.64,356,0.235955056179775,83,75,87,0.23314606741573
3,none,154,binary,0.64,356,0.432584269662921,152.2,147,160,0.427528089887641
4,representation specific,85,binary,0.64,356,0.23876404494382,83,75,87,0.23314606741573
5,representation specific,87,binary,0.64,356,0.24438202247191,83,75,87,0.23314606741573
1,all three,69,binary,0.64,356,0.193820224719101,66,61,69,0.185393258426966
2,all three,61,binary,0.64,356,0.171348314606742,66,61,69,0.185393258426966
3,all three,69,binary,0.64,356,0.193820224719101,66,61,69,0.185393258426966
4,all three,67,binary,0.64,356,0.188202247191011,66,61,69,0.185393258426966
5,all three,64,binary,0.64,356,0.179775280898876,66,61,69,0.185393258426966
1,exactly two,52,binary,0.64,356,0.146067415730337,54.8,49,64,0.153932584269663
3,exactly two,49,binary,0.64,356,0.137640449438202,54.8,49,64,0.153932584269663
1,none,160,binary,0.64,356,0.449438202247191,152.2,147,160,0.427528089887641
2,none,147,binary,0.64,356,0.412921348314607,152.2,147,160,0.427528089887641
4,none,149,binary,0.64,356,0.418539325842697,152.2,147,160,0.427528089887641
5,none,151,binary,0.64,356,0.424157303370787,152.2,147,160,0.427528089887641
2,exactly two,64,binary,0.64,356,0.179775280898876,54.8,49,64,0.153932584269663
4,exactly two,55,binary,0.64,356,0.154494382022472,54.8,49,64,0.153932584269663
5,exactly two,54,binary,0.64,356,0.151685393258427,54.8,49,64,0.153932584269663
3,representation specific,84,binary,0.64,356,0.235955056179775,83,75,87,0.23314606741573
1,representation specific,65,binary,0.65,356,0.182584269662921,83.6,65,95,0.234831460674157
2,representation specific,87,binary,0.65,356,0.24438202247191,83.6,65,95,0.234831460674157
3,none,166,binary,0.65,356,0.466292134831461,168.8,166,177,0.474157303370787
4,none,168,binary,0.65,356,0.471910112359551,168.8,166,177,0.474157303370787
5,representation specific,91,binary,0.65,356,0.25561797752809,83.6,65,95,0.234831460674157
1,all three,59,binary,0.65,356,0.165730337078652,59.6,57,62,0.167415730337079
2,all three,60,binary,0.65,356,0.168539325842697,59.6,57,62,0.167415730337079
3,all three,62,binary,0.65,356,0.174157303370787,59.6,57,62,0.167415730337079
4,all three,57,binary,0.65,356,0.160112359550562,59.6,57,62,0.167415730337079
5,all three,60,binary,0.65,356,0.168539325842697,59.6,57,62,0.167415730337079
1,exactly two,55,binary,0.65,356,0.154494382022472,44,33,55,0.123595505617978
2,none,167,binary,0.65,356,0.469101123595506,168.8,166,177,0.474157303370787
3,exactly two,33,binary,0.65,356,0.0926966292134832,44,33,55,0.123595505617978
4,representation specific,80,binary,0.65,356,0.224719101123596,83.6,65,95,0.234831460674157
1,none,177,binary,0.65,356,0.497191011235955,168.8,166,177,0.474157303370787
5,none,166,binary,0.65,356,0.466292134831461,168.8,166,177,0.474157303370787
3,representation specific,95,binary,0.65,356,0.26685393258427,83.6,65,95,0.234831460674157
2,exactly two,42,binary,0.65,356,0.117977528089888,44,33,55,0.123595505617978
5,exactly two,39,binary,0.65,356,0.109550561797753,44,33,55,0.123595505617978
4,exactly two,51,binary,0.65,356,0.143258426966292,44,33,55,0.123595505617978
