source,tumor_type,cohort_patients,covered_patients,missing_patients,covered_primary_aliquots,patients_with_multiple_primary_aliquots,maximum_primary_aliquots,aggregation_rule
Gao2018_TableS1,,9,6,3,6,0,1,study sample list defines assay coverage; no call within covered samples is zero; calls collapsed by unique fusion
Gao2018_TableS1,ACC,56,55,1,55,0,1,study sample list defines assay coverage; no call within covered samples is zero; calls collapsed by unique fusion
Gao2018_TableS1,BLCA,386,381,5,381,0,1,study sample list defines assay coverage; no call within covered samples is zero; calls collapsed by unique fusion
Gao2018_TableS1,BRCA,1054,1051,3,1051,0,1,study sample list defines assay coverage; no call within covered samples is zero; calls collapsed by unique fusion
Gao2018_TableS1,CESC,269,266,3,266,0,1,study sample list defines assay coverage; no call within covered samples is zero; calls collapsed by unique fusion
Gao2018_TableS1,CHOL,39,36,3,36,0,1,study sample list defines assay coverage; no call within covered samples is zero; calls collapsed by unique fusion
Gao2018_TableS1,COAD,433,258,175,258,0,1,study sample list defines assay coverage; no call within covered samples is zero; calls collapsed by unique fusion
Gao2018_TableS1,DLBC,44,44,0,44,0,1,study sample list defines assay coverage; no call within covered samples is zero; calls collapsed by unique fusion
Gao2018_TableS1,ESCA,156,154,2,154,0,1,study sample list defines assay coverage; no call within covered samples is zero; calls collapsed by unique fusion
Gao2018_TableS1,GBM,384,91,293,91,0,1,study sample list defines assay coverage; no call within covered samples is zero; calls collapsed by unique fusion
Gao2018_TableS1,HNSC,450,435,15,435,0,1,study sample list defines assay coverage; no call within covered samples is zero; calls collapsed by unique fusion
Gao2018_TableS1,KICH,108,65,43,65,0,1,study sample list defines assay coverage; no call within covered samples is zero; calls collapsed by unique fusion
Gao2018_TableS1,KIRC,513,507,6,507,0,1,study sample list defines assay coverage; no call within covered samples is zero; calls collapsed by unique fusion
Gao2018_TableS1,KIRP,273,265,8,265,0,1,study sample list defines assay coverage; no call within covered samples is zero; calls collapsed by unique fusion
Gao2018_TableS1,LGG,490,487,3,487,0,1,study sample list defines assay coverage; no call within covered samples is zero; calls collapsed by unique fusion
Gao2018_TableS1,LIHC,364,357,7,357,0,1,study sample list defines assay coverage; no call within covered samples is zero; calls collapsed by unique fusion
Gao2018_TableS1,LUAD,468,461,7,461,0,1,study sample list defines assay coverage; no call within covered samples is zero; calls collapsed by unique fusion
Gao2018_TableS1,LUSC,477,475,2,475,0,1,study sample list defines assay coverage; no call within covered samples is zero; calls collapsed by unique fusion
Gao2018_TableS1,MESO,75,75,0,75,0,1,study sample list defines assay coverage; no call within covered samples is zero; calls collapsed by unique fusion
Gao2018_TableS1,OV,106,83,23,83,0,1,study sample list defines assay coverage; no call within covered samples is zero; calls collapsed by unique fusion
Gao2018_TableS1,PAAD,183,176,7,176,0,1,study sample list defines assay coverage; no call within covered samples is zero; calls collapsed by unique fusion
Gao2018_TableS1,PCPG,176,176,0,176,0,1,study sample list defines assay coverage; no call within covered samples is zero; calls collapsed by unique fusion
Gao2018_TableS1,PRAD,402,400,2,400,0,1,study sample list defines assay coverage; no call within covered samples is zero; calls collapsed by unique fusion
Gao2018_TableS1,READ,156,81,75,81,0,1,study sample list defines assay coverage; no call within covered samples is zero; calls collapsed by unique fusion
Gao2018_TableS1,SARC,254,252,2,252,0,1,study sample list defines assay coverage; no call within covered samples is zero; calls collapsed by unique fusion
Gao2018_TableS1,SKCM,292,97,195,97,0,1,study sample list defines assay coverage; no call within covered samples is zero; calls collapsed by unique fusion
Gao2018_TableS1,STAD,374,280,94,280,0,1,study sample list defines assay coverage; no call within covered samples is zero; calls collapsed by unique fusion
Gao2018_TableS1,TGCT,149,149,0,149,0,1,study sample list defines assay coverage; no call within covered samples is zero; calls collapsed by unique fusion
Gao2018_TableS1,THCA,505,502,3,502,0,1,study sample list defines assay coverage; no call within covered samples is zero; calls collapsed by unique fusion
Gao2018_TableS1,THYM,121,117,4,117,0,1,study sample list defines assay coverage; no call within covered samples is zero; calls collapsed by unique fusion
Gao2018_TableS1,UCEC,505,153,352,153,0,1,study sample list defines assay coverage; no call within covered samples is zero; calls collapsed by unique fusion
Gao2018_TableS1,UCS,53,53,0,53,0,1,study sample list defines assay coverage; no call within covered samples is zero; calls collapsed by unique fusion
Gao2018_TableS1,UVM,80,80,0,80,0,1,study sample list defines assay coverage; no call within covered samples is zero; calls collapsed by unique fusion
SanchezVega2018_TableS4,,9,0,9,0,0,0,any altered primary aliquot defines patient-level pathway alteration
SanchezVega2018_TableS4,ACC,56,53,3,53,0,1,any altered primary aliquot defines patient-level pathway alteration
SanchezVega2018_TableS4,BLCA,386,373,13,373,0,1,any altered primary aliquot defines patient-level pathway alteration
SanchezVega2018_TableS4,BRCA,1054,942,112,942,0,1,any altered primary aliquot defines patient-level pathway alteration
SanchezVega2018_TableS4,CESC,269,238,31,238,0,1,any altered primary aliquot defines patient-level pathway alteration
SanchezVega2018_TableS4,CHOL,39,36,3,36,0,1,any altered primary aliquot defines patient-level pathway alteration
SanchezVega2018_TableS4,COAD,433,323,110,323,0,1,any altered primary aliquot defines patient-level pathway alteration
SanchezVega2018_TableS4,DLBC,44,33,11,33,0,1,any altered primary aliquot defines patient-level pathway alteration
SanchezVega2018_TableS4,ESCA,156,143,13,143,0,1,any altered primary aliquot defines patient-level pathway alteration
SanchezVega2018_TableS4,GBM,384,71,313,71,0,1,any altered primary aliquot defines patient-level pathway alteration
SanchezVega2018_TableS4,HNSC,450,412,38,412,0,1,any altered primary aliquot defines patient-level pathway alteration
SanchezVega2018_TableS4,KICH,108,65,43,65,0,1,any altered primary aliquot defines patient-level pathway alteration
SanchezVega2018_TableS4,KIRC,513,336,177,336,0,1,any altered primary aliquot defines patient-level pathway alteration
SanchezVega2018_TableS4,KIRP,273,255,18,255,0,1,any altered primary aliquot defines patient-level pathway alteration
SanchezVega2018_TableS4,LGG,490,481,9,481,0,1,any altered primary aliquot defines patient-level pathway alteration
SanchezVega2018_TableS4,LIHC,364,337,27,337,0,1,any altered primary aliquot defines patient-level pathway alteration
SanchezVega2018_TableS4,LUAD,468,451,17,451,0,1,any altered primary aliquot defines patient-level pathway alteration
SanchezVega2018_TableS4,LUSC,477,443,34,443,0,1,any altered primary aliquot defines patient-level pathway alteration
SanchezVega2018_TableS4,MESO,75,70,5,70,0,1,any altered primary aliquot defines patient-level pathway alteration
SanchezVega2018_TableS4,OV,106,35,71,35,0,1,any altered primary aliquot defines patient-level pathway alteration
SanchezVega2018_TableS4,PAAD,183,150,33,150,0,1,any altered primary aliquot defines patient-level pathway alteration
SanchezVega2018_TableS4,PCPG,176,158,18,158,0,1,any altered primary aliquot defines patient-level pathway alteration
SanchezVega2018_TableS4,PRAD,402,389,13,389,0,1,any altered primary aliquot defines patient-level pathway alteration
SanchezVega2018_TableS4,READ,156,107,49,107,0,1,any altered primary aliquot defines patient-level pathway alteration
SanchezVega2018_TableS4,SARC,254,222,32,222,0,1,any altered primary aliquot defines patient-level pathway alteration
SanchezVega2018_TableS4,SKCM,292,2,290,2,0,1,any altered primary aliquot defines patient-level pathway alteration
SanchezVega2018_TableS4,STAD,374,327,47,327,0,1,any altered primary aliquot defines patient-level pathway alteration
SanchezVega2018_TableS4,TGCT,149,143,6,143,0,1,any altered primary aliquot defines patient-level pathway alteration
SanchezVega2018_TableS4,THCA,505,478,27,478,0,1,any altered primary aliquot defines patient-level pathway alteration
SanchezVega2018_TableS4,THYM,121,116,5,116,0,1,any altered primary aliquot defines patient-level pathway alteration
SanchezVega2018_TableS4,UCEC,505,468,37,468,0,1,any altered primary aliquot defines patient-level pathway alteration
SanchezVega2018_TableS4,UCS,53,52,1,52,0,1,any altered primary aliquot defines patient-level pathway alteration
SanchezVega2018_TableS4,UVM,80,80,0,80,0,1,any altered primary aliquot defines patient-level pathway alteration
Taylor2018_TableS2,,9,0,9,0,0,0,mean across primary aliquots for continuous burdens; any positive aliquot for genome doubling
Taylor2018_TableS2,ACC,56,54,2,54,0,1,mean across primary aliquots for continuous burdens; any positive aliquot for genome doubling
Taylor2018_TableS2,BLCA,386,376,10,376,0,1,mean across primary aliquots for continuous burdens; any positive aliquot for genome doubling
Taylor2018_TableS2,BRCA,1054,998,56,998,0,1,mean across primary aliquots for continuous burdens; any positive aliquot for genome doubling
Taylor2018_TableS2,CESC,269,259,10,259,0,1,mean across primary aliquots for continuous burdens; any positive aliquot for genome doubling
Taylor2018_TableS2,CHOL,39,36,3,36,0,1,mean across primary aliquots for continuous burdens; any positive aliquot for genome doubling
Taylor2018_TableS2,COAD,433,408,25,408,0,1,mean across primary aliquots for continuous burdens; any positive aliquot for genome doubling
Taylor2018_TableS2,DLBC,44,43,1,43,0,1,mean across primary aliquots for continuous burdens; any positive aliquot for genome doubling
Taylor2018_TableS2,ESCA,156,136,20,136,0,1,mean across primary aliquots for continuous burdens; any positive aliquot for genome doubling
Taylor2018_TableS2,GBM,384,362,22,362,0,1,mean across primary aliquots for continuous burdens; any positive aliquot for genome doubling
Taylor2018_TableS2,HNSC,450,435,15,435,0,1,mean across primary aliquots for continuous burdens; any positive aliquot for genome doubling
Taylor2018_TableS2,KICH,108,65,43,65,0,1,mean across primary aliquots for continuous burdens; any positive aliquot for genome doubling
Taylor2018_TableS2,KIRC,513,464,49,464,0,1,mean across primary aliquots for continuous burdens; any positive aliquot for genome doubling
Taylor2018_TableS2,KIRP,273,264,9,264,0,1,mean across primary aliquots for continuous burdens; any positive aliquot for genome doubling
Taylor2018_TableS2,LGG,490,481,9,481,0,1,mean across primary aliquots for continuous burdens; any positive aliquot for genome doubling
Taylor2018_TableS2,LIHC,364,350,14,350,0,1,mean across primary aliquots for continuous burdens; any positive aliquot for genome doubling
Taylor2018_TableS2,LUAD,468,449,19,449,0,1,mean across primary aliquots for continuous burdens; any positive aliquot for genome doubling
Taylor2018_TableS2,LUSC,477,459,18,459,0,1,mean across primary aliquots for continuous burdens; any positive aliquot for genome doubling
Taylor2018_TableS2,MESO,75,69,6,69,0,1,mean across primary aliquots for continuous burdens; any positive aliquot for genome doubling
Taylor2018_TableS2,OV,106,96,10,96,0,1,mean across primary aliquots for continuous burdens; any positive aliquot for genome doubling
Taylor2018_TableS2,PAAD,183,163,20,163,0,1,mean across primary aliquots for continuous burdens; any positive aliquot for genome doubling
Taylor2018_TableS2,PCPG,176,157,19,157,0,1,mean across primary aliquots for continuous burdens; any positive aliquot for genome doubling
Taylor2018_TableS2,PRAD,402,382,20,382,0,1,mean across primary aliquots for continuous burdens; any positive aliquot for genome doubling
Taylor2018_TableS2,READ,156,143,13,143,0,1,mean across primary aliquots for continuous burdens; any positive aliquot for genome doubling
Taylor2018_TableS2,SARC,254,238,16,238,0,1,mean across primary aliquots for continuous burdens; any positive aliquot for genome doubling
Taylor2018_TableS2,SKCM,292,98,194,98,0,1,mean across primary aliquots for continuous burdens; any positive aliquot for genome doubling
Taylor2018_TableS2,STAD,374,360,14,360,0,1,mean across primary aliquots for continuous burdens; any positive aliquot for genome doubling
Taylor2018_TableS2,TGCT,149,148,1,148,0,1,mean across primary aliquots for continuous burdens; any positive aliquot for genome doubling
Taylor2018_TableS2,THCA,505,462,43,462,0,1,mean across primary aliquots for continuous burdens; any positive aliquot for genome doubling
Taylor2018_TableS2,THYM,121,103,18,103,0,1,mean across primary aliquots for continuous burdens; any positive aliquot for genome doubling
Taylor2018_TableS2,UCEC,505,477,28,477,0,1,mean across primary aliquots for continuous burdens; any positive aliquot for genome doubling
Taylor2018_TableS2,UCS,53,52,1,52,0,1,mean across primary aliquots for continuous burdens; any positive aliquot for genome doubling
Taylor2018_TableS2,UVM,80,80,0,80,0,1,mean across primary aliquots for continuous burdens; any positive aliquot for genome doubling
Thorsson2018_PanImmune_MS,,9,0,9,0,0,0,one participant-level row; endpoint-specific missing values retained
Thorsson2018_PanImmune_MS,ACC,56,55,1,55,0,1,one participant-level row; endpoint-specific missing values retained
Thorsson2018_PanImmune_MS,BLCA,386,386,0,386,0,1,one participant-level row; endpoint-specific missing values retained
Thorsson2018_PanImmune_MS,BRCA,1054,1043,11,1043,0,1,one participant-level row; endpoint-specific missing values retained
Thorsson2018_PanImmune_MS,CESC,269,268,1,268,0,1,one participant-level row; endpoint-specific missing values retained
Thorsson2018_PanImmune_MS,CHOL,39,36,3,36,0,1,one participant-level row; endpoint-specific missing values retained
Thorsson2018_PanImmune_MS,COAD,433,421,12,421,0,1,one participant-level row; endpoint-specific missing values retained
Thorsson2018_PanImmune_MS,DLBC,44,44,0,44,0,1,one participant-level row; endpoint-specific missing values retained
Thorsson2018_PanImmune_MS,ESCA,156,156,0,156,0,1,one participant-level row; endpoint-specific missing values retained
Thorsson2018_PanImmune_MS,GBM,384,382,2,382,0,1,one participant-level row; endpoint-specific missing values retained
Thorsson2018_PanImmune_MS,HNSC,450,446,4,446,0,1,one participant-level row; endpoint-specific missing values retained
Thorsson2018_PanImmune_MS,KICH,108,65,43,65,0,1,one participant-level row; endpoint-specific missing values retained
Thorsson2018_PanImmune_MS,KIRC,513,494,19,494,0,1,one participant-level row; endpoint-specific missing values retained
Thorsson2018_PanImmune_MS,KIRP,273,268,5,268,0,1,one participant-level row; endpoint-specific missing values retained
Thorsson2018_PanImmune_MS,LGG,490,488,2,488,0,1,one participant-level row; endpoint-specific missing values retained
Thorsson2018_PanImmune_MS,LIHC,364,363,1,363,0,1,one participant-level row; endpoint-specific missing values retained
Thorsson2018_PanImmune_MS,LUAD,468,462,6,462,0,1,one participant-level row; endpoint-specific missing values retained
Thorsson2018_PanImmune_MS,LUSC,477,465,12,465,0,1,one participant-level row; endpoint-specific missing values retained
Thorsson2018_PanImmune_MS,MESO,75,75,0,75,0,1,one participant-level row; endpoint-specific missing values retained
Thorsson2018_PanImmune_MS,OV,106,106,0,106,0,1,one participant-level row; endpoint-specific missing values retained
Thorsson2018_PanImmune_MS,PAAD,183,182,1,182,0,1,one participant-level row; endpoint-specific missing values retained
Thorsson2018_PanImmune_MS,PCPG,176,175,1,175,0,1,one participant-level row; endpoint-specific missing values retained
Thorsson2018_PanImmune_MS,PRAD,402,399,3,399,0,1,one participant-level row; endpoint-specific missing values retained
Thorsson2018_PanImmune_MS,READ,156,146,10,146,0,1,one participant-level row; endpoint-specific missing values retained
Thorsson2018_PanImmune_MS,SARC,254,250,4,250,0,1,one participant-level row; endpoint-specific missing values retained
Thorsson2018_PanImmune_MS,SKCM,292,292,0,292,0,1,one participant-level row; endpoint-specific missing values retained
Thorsson2018_PanImmune_MS,STAD,374,373,1,373,0,1,one participant-level row; endpoint-specific missing values retained
Thorsson2018_PanImmune_MS,TGCT,149,148,1,148,0,1,one participant-level row; endpoint-specific missing values retained
Thorsson2018_PanImmune_MS,THCA,505,501,4,501,0,1,one participant-level row; endpoint-specific missing values retained
Thorsson2018_PanImmune_MS,THYM,121,121,0,121,0,1,one participant-level row; endpoint-specific missing values retained
Thorsson2018_PanImmune_MS,UCEC,505,492,13,492,0,1,one participant-level row; endpoint-specific missing values retained
Thorsson2018_PanImmune_MS,UCS,53,53,0,53,0,1,one participant-level row; endpoint-specific missing values retained
Thorsson2018_PanImmune_MS,UVM,80,80,0,80,0,1,one participant-level row; endpoint-specific missing values retained
cBioPortal_TCGA_PanCancer,,9,0,9,0,0,0,mean of finite primary-aliquot scores; patient is missing when all primary-aliquot scores are missing
cBioPortal_TCGA_PanCancer,ACC,56,55,1,55,0,1,mean of finite primary-aliquot scores; patient is missing when all primary-aliquot scores are missing
cBioPortal_TCGA_PanCancer,BLCA,386,385,1,385,0,1,mean of finite primary-aliquot scores; patient is missing when all primary-aliquot scores are missing
cBioPortal_TCGA_PanCancer,BRCA,1054,1032,22,1032,0,1,mean of finite primary-aliquot scores; patient is missing when all primary-aliquot scores are missing
cBioPortal_TCGA_PanCancer,CESC,269,261,8,261,0,1,mean of finite primary-aliquot scores; patient is missing when all primary-aliquot scores are missing
cBioPortal_TCGA_PanCancer,CHOL,39,36,3,36,0,1,mean of finite primary-aliquot scores; patient is missing when all primary-aliquot scores are missing
cBioPortal_TCGA_PanCancer,COAD,433,416,17,416,0,1,mean of finite primary-aliquot scores; patient is missing when all primary-aliquot scores are missing
cBioPortal_TCGA_PanCancer,DLBC,44,44,0,44,0,1,mean of finite primary-aliquot scores; patient is missing when all primary-aliquot scores are missing
cBioPortal_TCGA_PanCancer,ESCA,156,155,1,155,0,1,mean of finite primary-aliquot scores; patient is missing when all primary-aliquot scores are missing
cBioPortal_TCGA_PanCancer,GBM,384,253,131,253,0,1,mean of finite primary-aliquot scores; patient is missing when all primary-aliquot scores are missing
cBioPortal_TCGA_PanCancer,HNSC,450,428,22,428,0,1,mean of finite primary-aliquot scores; patient is missing when all primary-aliquot scores are missing
cBioPortal_TCGA_PanCancer,KICH,108,65,43,65,0,1,mean of finite primary-aliquot scores; patient is missing when all primary-aliquot scores are missing
cBioPortal_TCGA_PanCancer,KIRC,513,476,37,476,0,1,mean of finite primary-aliquot scores; patient is missing when all primary-aliquot scores are missing
cBioPortal_TCGA_PanCancer,KIRP,273,264,9,264,0,1,mean of finite primary-aliquot scores; patient is missing when all primary-aliquot scores are missing
cBioPortal_TCGA_PanCancer,LGG,490,488,2,488,0,1,mean of finite primary-aliquot scores; patient is missing when all primary-aliquot scores are missing
cBioPortal_TCGA_PanCancer,LIHC,364,359,5,359,0,1,mean of finite primary-aliquot scores; patient is missing when all primary-aliquot scores are missing
cBioPortal_TCGA_PanCancer,LUAD,468,461,7,461,0,1,mean of finite primary-aliquot scores; patient is missing when all primary-aliquot scores are missing
cBioPortal_TCGA_PanCancer,LUSC,477,455,22,455,0,1,mean of finite primary-aliquot scores; patient is missing when all primary-aliquot scores are missing
cBioPortal_TCGA_PanCancer,MESO,75,71,4,71,0,1,mean of finite primary-aliquot scores; patient is missing when all primary-aliquot scores are missing
cBioPortal_TCGA_PanCancer,OV,106,97,9,97,0,1,mean of finite primary-aliquot scores; patient is missing when all primary-aliquot scores are missing
cBioPortal_TCGA_PanCancer,PAAD,183,181,2,181,0,1,mean of finite primary-aliquot scores; patient is missing when all primary-aliquot scores are missing
cBioPortal_TCGA_PanCancer,PCPG,176,175,1,175,0,1,mean of finite primary-aliquot scores; patient is missing when all primary-aliquot scores are missing
cBioPortal_TCGA_PanCancer,PRAD,402,398,4,398,0,1,mean of finite primary-aliquot scores; patient is missing when all primary-aliquot scores are missing
cBioPortal_TCGA_PanCancer,READ,156,141,15,141,0,1,mean of finite primary-aliquot scores; patient is missing when all primary-aliquot scores are missing
cBioPortal_TCGA_PanCancer,SARC,254,245,9,245,0,1,mean of finite primary-aliquot scores; patient is missing when all primary-aliquot scores are missing
cBioPortal_TCGA_PanCancer,SKCM,292,74,218,74,0,1,mean of finite primary-aliquot scores; patient is missing when all primary-aliquot scores are missing
cBioPortal_TCGA_PanCancer,STAD,374,372,2,372,0,1,mean of finite primary-aliquot scores; patient is missing when all primary-aliquot scores are missing
cBioPortal_TCGA_PanCancer,TGCT,149,148,1,148,0,1,mean of finite primary-aliquot scores; patient is missing when all primary-aliquot scores are missing
cBioPortal_TCGA_PanCancer,THCA,505,486,19,486,0,1,mean of finite primary-aliquot scores; patient is missing when all primary-aliquot scores are missing
cBioPortal_TCGA_PanCancer,THYM,121,120,1,120,0,1,mean of finite primary-aliquot scores; patient is missing when all primary-aliquot scores are missing
cBioPortal_TCGA_PanCancer,UCEC,505,489,16,489,0,1,mean of finite primary-aliquot scores; patient is missing when all primary-aliquot scores are missing
cBioPortal_TCGA_PanCancer,UCS,53,53,0,53,0,1,mean of finite primary-aliquot scores; patient is missing when all primary-aliquot scores are missing
cBioPortal_TCGA_PanCancer,UVM,80,80,0,80,0,1,mean of finite primary-aliquot scores; patient is missing when all primary-aliquot scores are missing
