outcome_type,family,tumor_type,endpoint,repeat_id,pls_primary,ridge_primary,pls_secondary,ridge_secondary,delta_ridge_minus_pls,delta_secondary_ridge_minus_pls
binary,driver_mutation,COAD,APC,1,0.849407504937459,0.85261685319289,0.777896642527979,0.782312925170068,0.00320934825543118,0.00441628264208904
binary,driver_mutation,COAD,APC,2,0.86243691024797,0.852589422865921,0.79857910906298,0.800581522931753,-0.00984748738204966,0.0020024138687732
binary,driver_mutation,COAD,APC,3,0.845786701777485,0.852534562211982,0.790651744568795,0.789965986394558,0.00674786043449638,-0.000685758174237439
binary,driver_mutation,COAD,APC,4,0.856374807987711,0.842577353522054,0.794025674786044,0.788375027430327,-0.0137974544656573,-0.00565064735571652
binary,driver_mutation,COAD,APC,5,0.845951283739302,0.84444261575598,0.78272438007461,0.785138248847926,-0.00150866798332239,0.00241386877331584
binary,driver_mutation,COAD,TP53,1,0.838059638571148,0.861864478232765,0.768247098170372,0.762035918046148,0.0238048396616172,-0.00621118012422361
binary,driver_mutation,COAD,TP53,2,0.861695848908125,0.860374919198449,0.794244119052303,0.786346645681684,-0.00132092970967646,-0.00789747337061919
binary,driver_mutation,COAD,TP53,3,0.865546218487395,0.864843596301397,0.787189792304882,0.782664905427054,-0.000702622185998147,-0.00452488687782804
binary,driver_mutation,COAD,TP53,4,0.850903572131194,0.859053989488772,0.776186728872151,0.78807509625924,0.00815041735757849,0.0118883673870887
binary,driver_mutation,COAD,TP53,5,0.854472892836064,0.866698518872432,0.758087181360839,0.777339029257188,0.0122256260363677,0.0192518478963492
binary,driver_mutation,LGG,IDH1,1,0.843151515151515,0.83689696969697,0.783878787878788,0.785393939393939,-0.0062545454545454,0.00151515151515158
binary,driver_mutation,LGG,IDH1,2,0.851830303030303,0.856678787878788,0.780909090909091,0.795878787878788,0.00484848484848488,0.014969696969697
binary,driver_mutation,LGG,IDH1,3,0.849575757575758,0.852727272727273,0.768121212121212,0.794242424242424,0.00315151515151524,0.026121212121212
binary,driver_mutation,LGG,IDH1,4,0.830230303030303,0.837309090909091,0.769454545454545,0.771272727272727,0.00707878787878791,0.00181818181818194
binary,driver_mutation,LGG,IDH1,5,0.85769696969697,0.838545454545455,0.782787878787879,0.776909090909091,-0.0191515151515151,-0.00587878787878793
binary,driver_mutation,LGG,TP53,1,0.908596837944664,0.905189450729181,0.858448616600791,0.857733065285539,-0.00340738721548317,-0.000715551315251473
binary,driver_mutation,LGG,TP53,2,0.908562764072509,0.910607196401799,0.860246013356958,0.852707169142701,0.00204443232928986,-0.00753884421425655
binary,driver_mutation,LGG,TP53,3,0.903145018399891,0.903162055335968,0.862946367725228,0.851088660215347,1.70369360774636e-05,-0.0118577075098814
binary,driver_mutation,LGG,TP53,4,0.903025759847349,0.908716096497206,0.863125255554041,0.85522011721412,0.00569033664985696,-0.0079051383399209
binary,driver_mutation,LGG,TP53,5,0.902259097723865,0.906211666893826,0.834562832220253,0.859351574212894,0.00395256916996045,0.02478874199264
binary,driver_mutation,READ,APC,1,0.903956043956044,0.872087912087912,0.854945054945055,0.870879120879121,-0.0318681318681319,0.0159340659340659
binary,driver_mutation,READ,APC,2,0.880659340659341,0.90989010989011,0.84010989010989,0.863736263736264,0.0292307692307692,0.0236263736263737
binary,driver_mutation,READ,APC,3,0.865934065934066,0.910549450549451,0.847252747252747,0.848351648351649,0.0446153846153846,0.0010989010989011
binary,driver_mutation,READ,APC,4,0.866373626373626,0.872307692307692,0.847802197802198,0.863736263736264,0.00593406593406598,0.015934065934066
binary,driver_mutation,READ,APC,5,0.88989010989011,0.905714285714286,0.841208791208791,0.863736263736264,0.0158241758241758,0.0225274725274726
binary,driver_mutation,READ,TP53,1,0.909749670619236,0.919191919191919,0.860671936758893,0.853425559947299,0.00944224857268339,-0.00724637681159424
binary,driver_mutation,READ,TP53,2,0.914580588493632,0.923583662714097,0.882081686429513,0.846508563899868,0.00900307422046554,-0.0355731225296442
binary,driver_mutation,READ,TP53,3,0.924462011418533,0.907334211682038,0.852108036890646,0.852766798418972,-0.0171277997364954,0.00065876152832689
binary,driver_mutation,READ,TP53,4,0.922705314009662,0.911725955204216,0.854084321475626,0.882740447957839,-0.0109793588054458,0.0286561264822135
binary,driver_mutation,READ,TP53,5,0.825647782169521,0.926657883179622,0.838603425559947,0.868247694334651,0.101010101010101,0.0296442687747036
binary,driver_mutation,THCA,BRAF,1,0.8878961593417,0.888877412246725,0.83053590180585,0.829993630463599,0.000981252905025043,-0.000542271342250711
binary,driver_mutation,THCA,BRAF,2,0.890357899085885,0.893284442837715,0.847948837129233,0.821558298473033,0.0029265437518291,-0.0263905386562
binary,driver_mutation,THCA,BRAF,3,0.895246948647765,0.895281378574257,0.843188899791699,0.82501850608549,3.44299264920522e-05,-0.0181703937062094
binary,driver_mutation,THCA,BRAF,4,0.889617655666305,0.891631806366094,0.843188899791699,0.839401607877567,0.00201415069978828,-0.00378729191413174
binary,driver_mutation,THCA,BRAF,5,0.901977999276972,0.891149787395204,0.851081960440014,0.816910258396598,-0.0108282118817676,-0.034171702043416
binary,driver_mutation,THYM,GTF2I,1,0.937482634065018,0.93803834398444,0.875937760489025,0.883856626840789,0.000555709919421998,0.00791886635176431
binary,driver_mutation,THYM,GTF2I,2,0.902750764101139,0.942761878299528,0.852181161433732,0.851347596554598,0.0400111141983884,-0.000833564879133109
binary,driver_mutation,THYM,GTF2I,3,0.915809947207558,0.940539038621839,0.859544317866074,0.875937760489025,0.0247290914142817,0.0163934426229508
binary,driver_mutation,THYM,GTF2I,4,0.911919977771603,0.944151153098083,0.867463184217838,0.900805779383162,0.0322311753264796,0.0333425951653237
binary,driver_mutation,THYM,GTF2I,5,0.88941372603501,0.919699916643512,0.818282856348986,0.842595165323701,0.0302861906085025,0.0243123089747151
binary,fusion,UCEC,Any called fusion,1,0.84486301369863,0.81763698630137,0.76986301369863,0.785958904109589,-0.0272260273972603,0.0160958904109588
binary,fusion,UCEC,Any called fusion,2,0.859589041095891,0.83236301369863,0.80111301369863,0.791609589041096,-0.0272260273972603,-0.00950342465753429
binary,fusion,UCEC,Any called fusion,3,0.852739726027397,0.855479452054795,0.75111301369863,0.795462328767123,0.00273972602739725,0.0443493150684932
binary,fusion,UCEC,Any called fusion,4,0.854794520547945,0.851027397260274,0.799657534246575,0.785958904109589,-0.00376712328767126,-0.0136986301369862
binary,fusion,UCEC,Any called fusion,5,0.826369863013699,0.84777397260274,0.772260273972603,0.785359589041096,0.021404109589041,0.013099315068493
binary,microsatellite_instability_sensitivity,COAD,MSI-H strict (MANTIS >0.6),1,0.907244451823565,0.898776910731086,0.820798051912115,0.812219824007969,-0.00846754109247883,-0.00857822790414531
binary,microsatellite_instability_sensitivity,COAD,MSI-H strict (MANTIS >0.6),2,0.885881897171952,0.910343682550224,0.800985112623831,0.835187337428745,0.0244617853782722,0.0342022248049144
binary,microsatellite_instability_sensitivity,COAD,MSI-H strict (MANTIS >0.6),3,0.923183352703525,0.91200398472522,0.823952626044607,0.828186396590846,-0.0111793679783053,0.00423377054623941
binary,microsatellite_instability_sensitivity,COAD,MSI-H strict (MANTIS >0.6),4,0.915435275886878,0.910952460014389,0.805716973822569,0.835187337428745,-0.00448281587248889,0.0294703636061763
binary,microsatellite_instability_sensitivity,COAD,MSI-H strict (MANTIS >0.6),5,0.923017322486026,0.924677624661022,0.813409707233383,0.836764624494992,0.00166030217499591,0.0233549172616083
binary,oncogenic_pathway,LGG,HIPPO,1,0.890061565523307,0.901831444979047,0.814501526204149,0.831845930984531,0.01176987945574,0.0173444047803817
binary,oncogenic_pathway,LGG,HIPPO,2,0.887345439495059,0.894329763567696,0.838067152982565,0.822792177557039,0.00698432407263694,-0.0152749754255265
binary,oncogenic_pathway,LGG,HIPPO,3,0.891018676599928,0.897821925604015,0.838261161984583,0.838067152982565,0.00680324900408713,-0.000194009002017714
binary,oncogenic_pathway,LGG,HIPPO,4,0.882378809043406,0.902659216720989,0.824680531843344,0.826374877127632,0.0202804076775829,0.00169434528428791
binary,oncogenic_pathway,LGG,HIPPO,5,0.908582958249263,0.895959439184645,0.82770707227482,0.82788814734337,-0.0126235190646179,0.000181075068549919
binary,oncogenic_pathway,LGG,TP53,1,0.884639346531912,0.888585075453413,0.834556278554617,0.826232174996539,0.0039457289215008,-0.00832410355807833
binary,oncogenic_pathway,LGG,TP53,2,0.88057247681019,0.889035026997093,0.817778277723937,0.828637685172366,0.0084625501869029,0.0108594074484286
binary,oncogenic_pathway,LGG,TP53,3,0.89031565831372,0.889121556140108,0.824216045964281,0.839237505191749,-0.00119410217361204,0.0150214592274678
binary,oncogenic_pathway,LGG,TP53,4,0.875173058286031,0.888048594766717,0.825972587567493,0.836702201301398,0.0128755364806866,0.0107296137339056
binary,oncogenic_pathway,LGG,TP53,5,0.886075730305967,0.896459227467811,0.82584279385297,0.845415686003046,0.0103834971618441,0.0195728921500761
continuous,thorsson,BRCA,Proliferation,1,0.5175078179886,0.52930239200053,0.739834883503772,0.74903756275702,0.01179457401193,0.00920267925324758
continuous,thorsson,BRCA,Proliferation,2,0.491912776138274,0.525999022283585,0.730047584407966,0.745563052774869,0.0340862461453108,0.0155154683669029
continuous,thorsson,BRCA,Proliferation,3,0.516892404002279,0.53154153164387,0.743308238015593,0.74994746354577,0.014649127641591,0.00663922553017682
continuous,thorsson,BRCA,Proliferation,4,0.523443344990947,0.531305163460696,0.745562608774696,0.74936950905521,0.00786181846974943,0.00380690028051389
continuous,thorsson,BRCA,Proliferation,5,0.522992368006461,0.534505653957913,0.743332706169718,0.751547008940947,0.0115132859514525,0.0082143027712287
continuous,thorsson,BRCA,Wound Healing,1,0.519490550065285,0.542713944259096,0.71933015237344,0.733402642639137,0.0232233941938109,0.0140724902656963
continuous,thorsson,BRCA,Wound Healing,2,0.540005048775515,0.544229474090817,0.726511609977415,0.733890578581702,0.00422442531530187,0.00737896860428666
continuous,thorsson,BRCA,Wound Healing,3,0.518262372723096,0.541879171564993,0.720106453734531,0.733549853115751,0.0236167988418968,0.0134433993812206
continuous,thorsson,BRCA,Wound Healing,4,0.527925189643561,0.542764193032727,0.724661291064039,0.731670920196073,0.0148390033891658,0.00700962913203429
continuous,thorsson,BRCA,Wound Healing,5,0.534527621879041,0.53919880465467,0.727843800865302,0.730359083821924,0.0046711827756285,0.00251528295662196
continuous,thorsson,KIRP,Proliferation,1,0.505122024959831,0.526987623849504,0.599847530623938,0.627601816673773,0.0218655988896723,0.0277542860498345
continuous,thorsson,KIRP,Proliferation,2,0.500901011208056,0.52428362486898,0.619581144553124,0.62386398840734,0.0233826136609241,0.00428284385421618
continuous,thorsson,KIRP,Proliferation,3,0.481081669718373,0.497331158875306,0.603322806489569,0.609064537270093,0.0162494891569329,0.00574173078052431
continuous,thorsson,KIRP,Proliferation,4,0.524270233877304,0.532237751817734,0.620446757545486,0.623237979791032,0.00796751794043005,0.00279122224554584
continuous,thorsson,KIRP,Proliferation,5,0.482097678594345,0.511987999645663,0.583720131289832,0.601113721636547,0.0298903210513183,0.0173935903467148
continuous,thorsson,LUAD,Proliferation,1,0.52430943682842,0.536375192428265,0.728508545009602,0.739609844827488,0.0120657555998447,0.0111012998178862
continuous,thorsson,LUAD,Proliferation,2,0.519406652637282,0.528842647326392,0.72669053936258,0.734792647850411,0.00943599468910938,0.00810210848783077
continuous,thorsson,LUAD,Proliferation,3,0.522292602239865,0.545326726467606,0.729319478429226,0.740579134435013,0.0230341242277408,0.0112596560057869
continuous,thorsson,LUAD,Proliferation,4,0.530530586059051,0.538542998444828,0.732702154645319,0.739625427981767,0.0080124123857771,0.00692327333644838
continuous,thorsson,LUAD,Proliferation,5,0.52320522190084,0.534030255514987,0.728646355809737,0.737200201658215,0.0108250336141467,0.00855384584847807
continuous,thorsson,SARC,Macrophage Regulation,1,0.530486945018449,0.550634446605311,0.7155698965957,0.733069491914663,0.0201475015868626,0.0174995953189633
continuous,thorsson,SARC,Macrophage Regulation,2,0.49202540933337,0.515525890429785,0.685897148178732,0.706216624673498,0.0235004810964152,0.0203194764947653
continuous,thorsson,SARC,Macrophage Regulation,3,0.470855248032096,0.503250165747978,0.686838846020559,0.703983422411454,0.032394917715882,0.0171445763908946
continuous,thorsson,SARC,Macrophage Regulation,4,0.513826769058689,0.533693695066662,0.706480717057183,0.726972201091323,0.019866926007973,0.0204914840341394
continuous,thorsson,SARC,Macrophage Regulation,5,0.501300421630566,0.534279153924778,0.691788261614809,0.715110630674071,0.0329787322942121,0.0233223690592617
continuous,thorsson,TGCT,TGF-beta Response,1,0.664278177326936,0.692617145481604,0.787688087607818,0.81398217754561,0.0283389681546684,0.0262940899377928
continuous,thorsson,TGCT,TGF-beta Response,2,0.658822214867396,0.681679819750363,0.794158884343178,0.809588106764791,0.0228576048829672,0.0154292224216134
continuous,thorsson,TGCT,TGF-beta Response,3,0.684820340087968,0.685778458386049,0.799904122634527,0.807827887172306,0.000958118298081123,0.00792376453777921
continuous,thorsson,TGCT,TGF-beta Response,4,0.664539538019081,0.672092551798648,0.783306973227784,0.796755717243552,0.00755301377956663,0.0134487440157682
continuous,thorsson,TGCT,TGF-beta Response,5,0.675485476660788,0.68222206566818,0.790771710994863,0.806441552288214,0.00673658900739271,0.0156698412933516
continuous,thorsson,TGCT,Wound Healing,1,0.507089777330779,0.502498608548127,0.661210732492077,0.671020678667543,-0.00459116878265209,0.00980994617546627
continuous,thorsson,TGCT,Wound Healing,2,0.524538079203511,0.487734401113075,0.686503735225614,0.66979350992899,-0.0368036780904364,-0.0167102252966246
continuous,thorsson,TGCT,Wound Healing,3,0.499201368338261,0.474549015233349,0.659481960845306,0.649070461366627,-0.024652353104912,-0.0104114994786788
continuous,thorsson,TGCT,Wound Healing,4,0.518150209559113,0.49289500571284,0.667089296464394,0.65971888030011,-0.0252552038462727,-0.00737041616428424
continuous,thorsson,TGCT,Wound Healing,5,0.505986260615962,0.472996417718568,0.666861631675794,0.655726417300019,-0.0329898428973936,-0.0111352143757746
continuous,thorsson,THCA,Lymphocyte Infiltration Signature Score,1,0.576130116703977,0.570972752373537,0.741493119326336,0.741654116212838,-0.0051573643304399,0.00016099688650284
continuous,thorsson,THCA,Lymphocyte Infiltration Signature Score,2,0.57944985780609,0.576553851573623,0.743318981421183,0.745029512614232,-0.00289600623246755,0.00171053119304965
continuous,thorsson,THCA,Lymphocyte Infiltration Signature Score,3,0.572601182799113,0.570357822061519,0.738001809053126,0.738452250553324,-0.00224336073759335,0.000450441500197574
continuous,thorsson,THCA,Lymphocyte Infiltration Signature Score,4,0.581576363696159,0.577223500485379,0.744500953131688,0.7466396758026,-0.00435286321077955,0.00213872267091209
continuous,thorsson,THCA,Lymphocyte Infiltration Signature Score,5,0.576792029829461,0.575187944020887,0.742129722585458,0.745252012837583,-0.00160408580857419,0.0031222902521244
continuous,thorsson,THCA,Macrophage Regulation,1,0.512223047823775,0.512166863329054,0.706970778232148,0.710266502865028,-5.61844947211121e-05,0.00329572463287942
continuous,thorsson,THCA,Macrophage Regulation,2,0.511616687472952,0.513085363429535,0.702811383308536,0.707102723811495,0.00146867595658295,0.00429134050295965
continuous,thorsson,THCA,Macrophage Regulation,3,0.498232442694409,0.506711009476651,0.698818912173817,0.705859588528023,0.00847856678224168,0.00704067635420591
continuous,thorsson,THCA,Macrophage Regulation,4,0.509201867012126,0.512974310812786,0.703166509297132,0.708977410100679,0.00377244380066055,0.00581090080354674
continuous,thorsson,THCA,Macrophage Regulation,5,0.515992038522045,0.521197930205789,0.707822643377159,0.71461584889882,0.00520589168374375,0.0067932055216603
continuous,thorsson,THCA,TGF-beta Response,1,0.515590357658373,0.529519781201034,0.699579821777788,0.706587755492519,0.0139294235426617,0.00700793371473074
continuous,thorsson,THCA,TGF-beta Response,2,0.529491907601327,0.542288771411332,0.711107086457423,0.718295546620019,0.0127968638100052,0.00718846016259633
continuous,thorsson,THCA,TGF-beta Response,3,0.522444294625101,0.53624317695837,0.707796301359998,0.709428326518661,0.0137988823332688,0.00163202515866334
continuous,thorsson,THCA,TGF-beta Response,4,0.533434415484038,0.532319978569955,0.719269155484839,0.710167338446791,-0.00111443691408297,-0.0091018170380488
continuous,thorsson,THCA,TGF-beta Response,5,0.521059289474098,0.523885490160664,0.699560972407021,0.696035459941575,0.00282620068656603,-0.00352551246544608
continuous,thorsson,THCA,Th1 Cells,1,0.50942980897835,0.527873084638276,0.701027130015771,0.716475446833159,0.0184432756599255,0.0154483168173879
continuous,thorsson,THCA,Th1 Cells,2,0.517432696156553,0.536058847069918,0.709053072570197,0.721594215071922,0.0186261509133651,0.0125411425017254
continuous,thorsson,THCA,Th1 Cells,3,0.515524478253445,0.532662586059741,0.706106061970004,0.721347910239524,0.0171381078062959,0.0152418482695191
continuous,thorsson,THCA,Th1 Cells,4,0.515070152274869,0.525916711917208,0.706209539148113,0.710818208621553,0.0108465596423394,0.00460866947344063
continuous,thorsson,THCA,Th1 Cells,5,0.511020014593966,0.525628208619233,0.69837510224444,0.713025916077871,0.0146081940252666,0.0146508138334316
continuous,thorsson,THYM,Th17 Cells,1,0.611343625358391,0.642867772720667,0.75085794781879,0.774378456143506,0.0315241473622763,0.0235205083247164
continuous,thorsson,THYM,Th17 Cells,2,0.567438888975959,0.626218185793024,0.722339612462348,0.759587285887695,0.0587792968170646,0.0372476734253474
continuous,thorsson,THYM,Th17 Cells,3,0.594787105608937,0.636821124835945,0.739978120457372,0.773928876500472,0.0420340192270081,0.0339507560430997
continuous,thorsson,THYM,Th17 Cells,4,0.603933557954679,0.651313438888533,0.742817965202536,0.769852687736966,0.0473798809338545,0.0270347225344303
continuous,thorsson,THYM,Th17 Cells,5,0.591656528984936,0.631237258823434,0.732882255091489,0.757436796595184,0.039580729838498,0.0245545415036941
