outcome_type,family,tumor_type,endpoint,repeat_id,seed,q2,rmse,spearman,median_lambda,sensitivity,specificity,balanced_accuracy,auc,median_threshold,outer_folds_identical,inner_folds_identical,threshold_selection
continuous,thorsson,BRCA,Proliferation,1,20270838,0.52930239200053,0.434362683839717,0.74903756275702,3.32343684650405,,,,,,,,
continuous,thorsson,BRCA,Proliferation,2,20280838,0.525999022283585,0.435884204061523,0.745563052774869,3.24360743029575,,,,,,,,
continuous,thorsson,BRCA,Proliferation,3,20290838,0.53154153164387,0.433328306219226,0.74994746354577,3.29077850089805,,,,,,,,
continuous,thorsson,BRCA,Proliferation,4,20300838,0.531305163460696,0.433437613782853,0.74936950905521,3.26123360488329,,,,,,,,
continuous,thorsson,BRCA,Proliferation,5,20310838,0.534505653957913,0.431955210812329,0.751547008940947,3.2640741676844,,,,,,,,
continuous,thorsson,BRCA,Wound Healing,1,20270833,0.542713944259096,0.109126700251615,0.733402642639137,0.8991199125967,,,,,,,,
continuous,thorsson,BRCA,Wound Healing,2,20280833,0.544229474090817,0.108945717227976,0.733890578581702,0.897457490823229,,,,,,,,
continuous,thorsson,BRCA,Wound Healing,3,20290833,0.541879171564993,0.10922625987359,0.733549853115751,0.892581266869007,,,,,,,,
continuous,thorsson,BRCA,Wound Healing,4,20300833,0.542764193032727,0.10912070440565,0.731670920196073,0.900700527073848,,,,,,,,
continuous,thorsson,BRCA,Wound Healing,5,20310833,0.53919880465467,0.109545323594633,0.730359083821924,0.88297746519672,,,,,,,,
continuous,thorsson,KIRP,Proliferation,1,20270836,0.526987623849504,0.388863438631442,0.627601816673773,3.32559403061956,,,,,,,,
continuous,thorsson,KIRP,Proliferation,2,20280836,0.52428362486898,0.389973333378234,0.62386398840734,3.0554192025952,,,,,,,,
continuous,thorsson,KIRP,Proliferation,3,20290836,0.497331158875306,0.40086841874829,0.609064537270093,3.41218398333842,,,,,,,,
continuous,thorsson,KIRP,Proliferation,4,20300836,0.532237751817734,0.386699351986267,0.623237979791032,3.50003814357593,,,,,,,,
continuous,thorsson,KIRP,Proliferation,5,20310836,0.511987999645663,0.394980914500962,0.601113721636547,3.17385199556355,,,,,,,,
continuous,thorsson,LUAD,Proliferation,1,20270837,0.536375192428265,0.443843460973823,0.739609844827488,6.10280787651921,,,,,,,,
continuous,thorsson,LUAD,Proliferation,2,20280837,0.528842647326392,0.447434511809009,0.734792647850411,5.76974382875626,,,,,,,,
continuous,thorsson,LUAD,Proliferation,3,20290837,0.545326726467606,0.43953777568915,0.740579134435013,4.22979816291835,,,,,,,,
continuous,thorsson,LUAD,Proliferation,4,20300837,0.538542998444828,0.442804588737607,0.739625427981767,4.87611177387045,,,,,,,,
continuous,thorsson,LUAD,Proliferation,5,20310837,0.534030255514987,0.444964488350826,0.737200201658215,5.15702734015976,,,,,,,,
continuous,thorsson,SARC,Macrophage Regulation,1,20270835,0.550634446605311,0.597032483918896,0.733069491914663,5.5370058657577,,,,,,,,
continuous,thorsson,SARC,Macrophage Regulation,2,20280835,0.515525890429785,0.61991673260997,0.706216624673498,5.43226462899484,,,,,,,,
continuous,thorsson,SARC,Macrophage Regulation,3,20290835,0.503250165747978,0.627721404367588,0.703983422411454,5.41622156426217,,,,,,,,
continuous,thorsson,SARC,Macrophage Regulation,4,20300835,0.533693695066662,0.608182215124728,0.726972201091323,6.89111811641985,,,,,,,,
continuous,thorsson,SARC,Macrophage Regulation,5,20310835,0.534279153924778,0.607800301462071,0.715110630674071,5.80702297253794,,,,,,,,
continuous,thorsson,TGCT,TGF-beta Response,1,20270830,0.692617145481604,0.291989277991871,0.81398217754561,6.4373660590721,,,,,,,,
continuous,thorsson,TGCT,TGF-beta Response,2,20280830,0.681679819750363,0.297138666881809,0.809588106764791,7.04125817724205,,,,,,,,
continuous,thorsson,TGCT,TGF-beta Response,3,20290830,0.685778458386049,0.295219514729645,0.807827887172306,7.52137606364249,,,,,,,,
continuous,thorsson,TGCT,TGF-beta Response,4,20300830,0.672092551798648,0.301580130825913,0.796755717243552,4.74363600656421,,,,,,,,
continuous,thorsson,TGCT,TGF-beta Response,5,20310830,0.68222206566818,0.296885476990004,0.806441552288214,5.19519054162148,,,,,,,,
continuous,thorsson,TGCT,Wound Healing,1,20270840,0.502498608548127,0.137192391402774,0.671020678667543,2.22508769723439,,,,,,,,
continuous,thorsson,TGCT,Wound Healing,2,20280840,0.487734401113075,0.139213217952251,0.66979350992899,2.00329833766821,,,,,,,,
continuous,thorsson,TGCT,Wound Healing,3,20290840,0.474549015233349,0.140993464323644,0.649070461366627,2.22882972190126,,,,,,,,
continuous,thorsson,TGCT,Wound Healing,4,20300840,0.49289500571284,0.138510220413219,0.65971888030011,1.56547339317223,,,,,,,,
continuous,thorsson,TGCT,Wound Healing,5,20310840,0.472996417718568,0.141201613743573,0.655726417300019,2.07256294739372,,,,,,,,
continuous,thorsson,THCA,Lymphocyte Infiltration Signature Score,1,20270832,0.570972752373537,0.786454420019938,0.741654116212838,7.19224027336246,,,,,,,,
continuous,thorsson,THCA,Lymphocyte Infiltration Signature Score,2,20280832,0.576553851573623,0.781322288543751,0.745029512614232,7.33874642213729,,,,,,,,
continuous,thorsson,THCA,Lymphocyte Infiltration Signature Score,3,20290832,0.570357822061519,0.787017835858739,0.738452250553324,7.26889677947272,,,,,,,,
continuous,thorsson,THCA,Lymphocyte Infiltration Signature Score,4,20300832,0.577223500485379,0.78070424225724,0.7466396758026,7.31164725140791,,,,,,,,
continuous,thorsson,THCA,Lymphocyte Infiltration Signature Score,5,20310832,0.575187944020887,0.782581427135404,0.745252012837583,7.15663408123262,,,,,,,,
continuous,thorsson,THCA,Macrophage Regulation,1,20270841,0.512166863329054,0.45200302486943,0.710266502865028,3.79670332055336,,,,,,,,
continuous,thorsson,THCA,Macrophage Regulation,2,20280841,0.513085363429535,0.451577305093055,0.707102723811495,3.73977703483402,,,,,,,,
continuous,thorsson,THCA,Macrophage Regulation,3,20290841,0.506711009476651,0.454523564710854,0.705859588528023,3.78521703227231,,,,,,,,
continuous,thorsson,THCA,Macrophage Regulation,4,20300841,0.512974310812786,0.451628798700498,0.708977410100679,3.85155958500877,,,,,,,,
continuous,thorsson,THCA,Macrophage Regulation,5,20310841,0.521197930205789,0.447799600986185,0.71461584889882,3.74958089450183,,,,,,,,
continuous,thorsson,THCA,TGF-beta Response,1,20270834,0.529519781201034,0.231269429098443,0.706587755492519,2.15151158864874,,,,,,,,
continuous,thorsson,THCA,TGF-beta Response,2,20280834,0.542288771411332,0.228109476312833,0.718295546620019,2.24267951803209,,,,,,,,
continuous,thorsson,THCA,TGF-beta Response,3,20290834,0.53624317695837,0.229611005410422,0.709428326518661,2.19573513869047,,,,,,,,
continuous,thorsson,THCA,TGF-beta Response,4,20300834,0.532319978569955,0.230580168962338,0.710167338446791,2.22150905011834,,,,,,,,
continuous,thorsson,THCA,TGF-beta Response,5,20310834,0.523885490160664,0.232650104875621,0.696035459941575,2.21892001956831,,,,,,,,
continuous,thorsson,THCA,Th1 Cells,1,20270839,0.527873084638276,500.693886025519,0.716475446833159,4849.07771286843,,,,,,,,
continuous,thorsson,THCA,Th1 Cells,2,20280839,0.536058847069918,496.334377983354,0.721594215071922,4940.13129665931,,,,,,,,
continuous,thorsson,THCA,Th1 Cells,3,20290839,0.532662586059741,498.147762436236,0.721347910239524,4741.00134800279,,,,,,,,
continuous,thorsson,THCA,Th1 Cells,4,20300839,0.525916711917208,501.730187050532,0.710818208621553,4874.54420750597,,,,,,,,
continuous,thorsson,THCA,Th1 Cells,5,20310839,0.525628208619233,501.882827738333,0.713025916077871,4843.74086117366,,,,,,,,
continuous,thorsson,THYM,Th17 Cells,1,20270831,0.642867772720667,1635.08958152556,0.774378456143506,23477.2714311476,,,,,,,,
continuous,thorsson,THYM,Th17 Cells,2,20280831,0.626218185793024,1672.76954883165,0.759587285887695,20598.4277717422,,,,,,,,
continuous,thorsson,THYM,Th17 Cells,3,20290831,0.636821124835945,1648.87342975348,0.773928876500472,27652.3096412861,,,,,,,,
continuous,thorsson,THYM,Th17 Cells,4,20300831,0.651313438888533,1615.64014117608,0.769852687736966,27159.4136174655,,,,,,,,
continuous,thorsson,THYM,Th17 Cells,5,20310831,0.631237258823434,1661.50077224838,0.757436796595184,24736.0503573956,,,,,,,,
binary,driver_mutation,COAD,APC,1,20270834,,,,17.2252672552118,0.897959183673469,0.666666666666667,0.782312925170068,0.85261685319289,0.462838427144902,TRUE,TRUE,identical inner-CV rule for both methods: maximise balanced accuracy on inner out-of-fold scores
binary,driver_mutation,COAD,APC,2,20280834,,,,10.8880384388864,0.918367346938776,0.682795698924731,0.800581522931753,0.852589422865921,0.495805827249991,TRUE,TRUE,identical inner-CV rule for both methods: maximise balanced accuracy on inner out-of-fold scores
binary,driver_mutation,COAD,APC,3,20290834,,,,6.35947025042708,0.913265306122449,0.666666666666667,0.789965986394558,0.852534562211982,0.470794272324093,TRUE,TRUE,identical inner-CV rule for both methods: maximise balanced accuracy on inner out-of-fold scores
binary,driver_mutation,COAD,APC,4,20300834,,,,13.626093964816,0.872448979591837,0.704301075268817,0.788375027430327,0.842577353522054,0.529395219125968,TRUE,TRUE,identical inner-CV rule for both methods: maximise balanced accuracy on inner out-of-fold scores
binary,driver_mutation,COAD,APC,5,20310834,,,,17.2670099051153,0.892857142857143,0.67741935483871,0.785138248847926,0.84444261575598,0.50823536241112,TRUE,TRUE,identical inner-CV rule for both methods: maximise balanced accuracy on inner out-of-fold scores
binary,driver_mutation,COAD,TP53,1,20270836,,,,4.26582569641563,0.813664596273292,0.710407239819005,0.762035918046148,0.861864478232765,0.425631479108925,TRUE,TRUE,identical inner-CV rule for both methods: maximise balanced accuracy on inner out-of-fold scores
binary,driver_mutation,COAD,TP53,2,20280836,,,,3.00249141667019,0.826086956521739,0.746606334841629,0.786346645681684,0.860374919198449,0.453013151072371,TRUE,TRUE,identical inner-CV rule for both methods: maximise balanced accuracy on inner out-of-fold scores
binary,driver_mutation,COAD,TP53,3,20290836,,,,9.43946109983677,0.832298136645963,0.733031674208145,0.782664905427054,0.864843596301397,0.45199723297395,TRUE,TRUE,identical inner-CV rule for both methods: maximise balanced accuracy on inner out-of-fold scores
binary,driver_mutation,COAD,TP53,4,20300836,,,,4.60950544534796,0.788819875776398,0.787330316742081,0.78807509625924,0.859053989488772,0.477360542948673,TRUE,TRUE,identical inner-CV rule for both methods: maximise balanced accuracy on inner out-of-fold scores
binary,driver_mutation,COAD,TP53,5,20310836,,,,4.60544281427387,0.77639751552795,0.778280542986425,0.777339029257188,0.866698518872432,0.486354207705498,TRUE,TRUE,identical inner-CV rule for both methods: maximise balanced accuracy on inner out-of-fold scores
binary,driver_mutation,LGG,IDH1,1,20270835,,,,4.95562512914016,0.925333333333333,0.645454545454546,0.785393939393939,0.83689696969697,0.662199875659925,TRUE,TRUE,identical inner-CV rule for both methods: maximise balanced accuracy on inner out-of-fold scores
binary,driver_mutation,LGG,IDH1,2,20280835,,,,3.78926617465968,0.882666666666667,0.709090909090909,0.795878787878788,0.856678787878788,0.67118950330382,TRUE,TRUE,identical inner-CV rule for both methods: maximise balanced accuracy on inner out-of-fold scores
binary,driver_mutation,LGG,IDH1,3,20290835,,,,3.25401915980281,0.906666666666667,0.681818181818182,0.794242424242424,0.852727272727273,0.664775462906638,TRUE,TRUE,identical inner-CV rule for both methods: maximise balanced accuracy on inner out-of-fold scores
binary,driver_mutation,LGG,IDH1,4,20300835,,,,3.11218646090597,0.888,0.654545454545455,0.771272727272727,0.837309090909091,0.667175521792436,TRUE,TRUE,identical inner-CV rule for both methods: maximise balanced accuracy on inner out-of-fold scores
binary,driver_mutation,LGG,IDH1,5,20310835,,,,2.75270938701664,0.872,0.681818181818182,0.776909090909091,0.838545454545455,0.726804677017861,TRUE,TRUE,identical inner-CV rule for both methods: maximise balanced accuracy on inner out-of-fold scores
binary,driver_mutation,LGG,TP53,1,20270832,,,,3.31050053505873,0.857758620689655,0.857707509881423,0.857733065285539,0.905189450729181,0.452253877040567,TRUE,TRUE,identical inner-CV rule for both methods: maximise balanced accuracy on inner out-of-fold scores
binary,driver_mutation,LGG,TP53,2,20280832,,,,3.17348584758723,0.831896551724138,0.873517786561265,0.852707169142701,0.910607196401799,0.46489263919247,TRUE,TRUE,identical inner-CV rule for both methods: maximise balanced accuracy on inner out-of-fold scores
binary,driver_mutation,LGG,TP53,3,20290832,,,,4.12473259234378,0.84051724137931,0.861660079051383,0.851088660215347,0.903162055335968,0.470336756528209,TRUE,TRUE,identical inner-CV rule for both methods: maximise balanced accuracy on inner out-of-fold scores
binary,driver_mutation,LGG,TP53,4,20300832,,,,3.48595746764041,0.844827586206897,0.865612648221344,0.85522011721412,0.908716096497206,0.476855729357014,TRUE,TRUE,identical inner-CV rule for both methods: maximise balanced accuracy on inner out-of-fold scores
binary,driver_mutation,LGG,TP53,5,20310832,,,,2.89538771762191,0.849137931034483,0.869565217391304,0.859351574212894,0.906211666893826,0.488878188111411,TRUE,TRUE,identical inner-CV rule for both methods: maximise balanced accuracy on inner out-of-fold scores
binary,driver_mutation,READ,APC,1,20270830,,,,9.95689145176305,0.984615384615385,0.757142857142857,0.870879120879121,0.872087912087912,0.424461447680633,TRUE,TRUE,identical inner-CV rule for both methods: maximise balanced accuracy on inner out-of-fold scores
binary,driver_mutation,READ,APC,2,20280830,,,,5.70190793623769,0.984615384615385,0.742857142857143,0.863736263736264,0.90989010989011,0.383938222218948,TRUE,TRUE,identical inner-CV rule for both methods: maximise balanced accuracy on inner out-of-fold scores
binary,driver_mutation,READ,APC,3,20290830,,,,6.40150203182967,0.953846153846154,0.742857142857143,0.848351648351649,0.910549450549451,0.339912960438443,TRUE,TRUE,identical inner-CV rule for both methods: maximise balanced accuracy on inner out-of-fold scores
binary,driver_mutation,READ,APC,4,20300830,,,,31.5049524279558,0.984615384615385,0.742857142857143,0.863736263736264,0.872307692307692,0.465986274340195,TRUE,TRUE,identical inner-CV rule for both methods: maximise balanced accuracy on inner out-of-fold scores
binary,driver_mutation,READ,APC,5,20310830,,,,4.06050383898392,0.984615384615385,0.742857142857143,0.863736263736264,0.905714285714286,0.383984326446692,TRUE,TRUE,identical inner-CV rule for both methods: maximise balanced accuracy on inner out-of-fold scores
binary,driver_mutation,READ,TP53,1,20270831,,,,42.4036146502012,0.924242424242424,0.782608695652174,0.853425559947299,0.919191919191919,0.500203064140989,TRUE,TRUE,identical inner-CV rule for both methods: maximise balanced accuracy on inner out-of-fold scores
binary,driver_mutation,READ,TP53,2,20280831,,,,22.5669412689552,0.939393939393939,0.753623188405797,0.846508563899868,0.923583662714097,0.494911878609598,TRUE,TRUE,identical inner-CV rule for both methods: maximise balanced accuracy on inner out-of-fold scores
binary,driver_mutation,READ,TP53,3,20290831,,,,95.3784940869312,0.893939393939394,0.811594202898551,0.852766798418972,0.907334211682038,0.522171256661016,TRUE,TRUE,identical inner-CV rule for both methods: maximise balanced accuracy on inner out-of-fold scores
binary,driver_mutation,READ,TP53,4,20300831,,,,78.0832636264132,0.939393939393939,0.826086956521739,0.882740447957839,0.911725955204216,0.510325990760844,TRUE,TRUE,identical inner-CV rule for both methods: maximise balanced accuracy on inner out-of-fold scores
binary,driver_mutation,READ,TP53,5,20310831,,,,52.6747593593476,0.939393939393939,0.797101449275362,0.868247694334651,0.926657883179622,0.511048611342635,TRUE,TRUE,identical inner-CV rule for both methods: maximise balanced accuracy on inner out-of-fold scores
binary,driver_mutation,THCA,BRAF,1,20270833,,,,3.37418782552885,0.878892733564014,0.781094527363184,0.829993630463599,0.888877412246725,0.619529416297409,TRUE,TRUE,identical inner-CV rule for both methods: maximise balanced accuracy on inner out-of-fold scores
binary,driver_mutation,THCA,BRAF,2,20280833,,,,3.17532013267318,0.8719723183391,0.771144278606965,0.821558298473033,0.893284442837715,0.611966889733849,TRUE,TRUE,identical inner-CV rule for both methods: maximise balanced accuracy on inner out-of-fold scores
binary,driver_mutation,THCA,BRAF,3,20290833,,,,3.38576680957907,0.878892733564014,0.771144278606965,0.82501850608549,0.895281378574257,0.621793710127994,TRUE,TRUE,identical inner-CV rule for both methods: maximise balanced accuracy on inner out-of-fold scores
binary,driver_mutation,THCA,BRAF,4,20300833,,,,3.19396987824404,0.892733564013841,0.786069651741294,0.839401607877567,0.891631806366094,0.621085084955264,TRUE,TRUE,identical inner-CV rule for both methods: maximise balanced accuracy on inner out-of-fold scores
binary,driver_mutation,THCA,BRAF,5,20310833,,,,4.45982074447957,0.847750865051903,0.786069651741294,0.816910258396598,0.891149787395204,0.631290526373123,TRUE,TRUE,identical inner-CV rule for both methods: maximise balanced accuracy on inner out-of-fold scores
binary,driver_mutation,THYM,GTF2I,1,20270829,,,,8.93318662745696,0.915254237288136,0.852459016393443,0.883856626840789,0.93803834398444,0.459595452819833,TRUE,TRUE,identical inner-CV rule for both methods: maximise balanced accuracy on inner out-of-fold scores
binary,driver_mutation,THYM,GTF2I,2,20280829,,,,5.46585531972679,0.932203389830508,0.770491803278689,0.851347596554598,0.942761878299528,0.441383204815702,TRUE,TRUE,identical inner-CV rule for both methods: maximise balanced accuracy on inner out-of-fold scores
binary,driver_mutation,THYM,GTF2I,3,20290829,,,,7.2745861924846,0.932203389830508,0.819672131147541,0.875937760489025,0.940539038621839,0.434736097610444,TRUE,TRUE,identical inner-CV rule for both methods: maximise balanced accuracy on inner out-of-fold scores
binary,driver_mutation,THYM,GTF2I,4,20300829,,,,22.1936857276368,0.949152542372881,0.852459016393443,0.900805779383162,0.944151153098083,0.469574547360167,TRUE,TRUE,identical inner-CV rule for both methods: maximise balanced accuracy on inner out-of-fold scores
binary,driver_mutation,THYM,GTF2I,5,20310829,,,,7.46684355919507,0.898305084745763,0.786885245901639,0.842595165323701,0.919699916643512,0.45082722094007,TRUE,TRUE,identical inner-CV rule for both methods: maximise balanced accuracy on inner out-of-fold scores
binary,fusion,UCEC,Any called fusion,1,20270870,,,,9.83879655121747,0.75,0.821917808219178,0.785958904109589,0.81763698630137,0.522956265101267,TRUE,TRUE,identical inner-CV rule for both methods: maximise balanced accuracy on inner out-of-fold scores
binary,fusion,UCEC,Any called fusion,2,20280870,,,,23.6869166632165,0.775,0.808219178082192,0.791609589041096,0.83236301369863,0.520335145734235,TRUE,TRUE,identical inner-CV rule for both methods: maximise balanced accuracy on inner out-of-fold scores
binary,fusion,UCEC,Any called fusion,3,20290870,,,,5.04468106435507,0.8375,0.753424657534247,0.795462328767123,0.855479452054795,0.500338902289657,TRUE,TRUE,identical inner-CV rule for both methods: maximise balanced accuracy on inner out-of-fold scores
binary,fusion,UCEC,Any called fusion,4,20300870,,,,11.5877174018743,0.75,0.821917808219178,0.785958904109589,0.851027397260274,0.533596980095803,TRUE,TRUE,identical inner-CV rule for both methods: maximise balanced accuracy on inner out-of-fold scores
binary,fusion,UCEC,Any called fusion,5,20310870,,,,9.72902166862938,0.7625,0.808219178082192,0.785359589041096,0.84777397260274,0.516167994626958,TRUE,TRUE,identical inner-CV rule for both methods: maximise balanced accuracy on inner out-of-fold scores
binary,microsatellite_instability_sensitivity,COAD,MSI-H strict (MANTIS >0.6),1,20270881,,,,2.45501548212875,0.842105263157895,0.782334384858044,0.812219824007969,0.898776910731086,0.148909143361574,TRUE,TRUE,identical inner-CV rule for both methods: maximise balanced accuracy on inner out-of-fold scores
binary,microsatellite_instability_sensitivity,COAD,MSI-H strict (MANTIS >0.6),2,20280881,,,,1.59971389333657,0.859649122807018,0.810725552050473,0.835187337428745,0.910343682550224,0.150876878113023,TRUE,TRUE,identical inner-CV rule for both methods: maximise balanced accuracy on inner out-of-fold scores
binary,microsatellite_instability_sensitivity,COAD,MSI-H strict (MANTIS >0.6),3,20290881,,,,2.40711105588427,0.87719298245614,0.779179810725552,0.828186396590846,0.91200398472522,0.140731605952864,TRUE,TRUE,identical inner-CV rule for both methods: maximise balanced accuracy on inner out-of-fold scores
binary,microsatellite_instability_sensitivity,COAD,MSI-H strict (MANTIS >0.6),4,20300881,,,,2.46527978346411,0.859649122807018,0.810725552050473,0.835187337428745,0.910952460014389,0.171076367102543,TRUE,TRUE,identical inner-CV rule for both methods: maximise balanced accuracy on inner out-of-fold scores
binary,microsatellite_instability_sensitivity,COAD,MSI-H strict (MANTIS >0.6),5,20310881,,,,1.61777105005999,0.859649122807018,0.813880126182965,0.836764624494992,0.924677624661022,0.150493018448886,TRUE,TRUE,identical inner-CV rule for both methods: maximise balanced accuracy on inner out-of-fold scores
binary,oncogenic_pathway,LGG,HIPPO,1,20270885,,,,6.7403781310079,0.889182058047494,0.774509803921569,0.831845930984531,0.901831444979047,0.702694385095274,TRUE,TRUE,identical inner-CV rule for both methods: maximise balanced accuracy on inner out-of-fold scores
binary,oncogenic_pathway,LGG,HIPPO,2,20280885,,,,5.7641213300682,0.910290237467018,0.735294117647059,0.822792177557039,0.894329763567696,0.690240735163285,TRUE,TRUE,identical inner-CV rule for both methods: maximise balanced accuracy on inner out-of-fold scores
binary,oncogenic_pathway,LGG,HIPPO,3,20290885,,,,7.8389805698395,0.891820580474934,0.784313725490196,0.838067152982565,0.897821925604015,0.709171974486444,TRUE,TRUE,identical inner-CV rule for both methods: maximise balanced accuracy on inner out-of-fold scores
binary,oncogenic_pathway,LGG,HIPPO,4,20300885,,,,4.36942670130816,0.907651715039578,0.745098039215686,0.826374877127632,0.902659216720989,0.666845799861792,TRUE,TRUE,identical inner-CV rule for both methods: maximise balanced accuracy on inner out-of-fold scores
binary,oncogenic_pathway,LGG,HIPPO,5,20310885,,,,11.6562740066523,0.881266490765172,0.774509803921569,0.82788814734337,0.895959439184645,0.739670843190736,TRUE,TRUE,identical inner-CV rule for both methods: maximise balanced accuracy on inner out-of-fold scores
binary,oncogenic_pathway,LGG,TP53,1,20270884,,,,2.95135309194976,0.798387096774194,0.854077253218884,0.826232174996539,0.888585075453413,0.50146117515355,TRUE,TRUE,identical inner-CV rule for both methods: maximise balanced accuracy on inner out-of-fold scores
binary,oncogenic_pathway,LGG,TP53,2,20280884,,,,3.47854513314878,0.790322580645161,0.866952789699571,0.828637685172366,0.889035026997093,0.553310238379686,TRUE,TRUE,identical inner-CV rule for both methods: maximise balanced accuracy on inner out-of-fold scores
binary,oncogenic_pathway,LGG,TP53,3,20290884,,,,4.25019209225846,0.794354838709677,0.88412017167382,0.839237505191749,0.889121556140108,0.562188172591004,TRUE,TRUE,identical inner-CV rule for both methods: maximise balanced accuracy on inner out-of-fold scores
binary,oncogenic_pathway,LGG,TP53,4,20300884,,,,3.03602815556358,0.806451612903226,0.866952789699571,0.836702201301398,0.888048594766717,0.526976478839741,TRUE,TRUE,identical inner-CV rule for both methods: maximise balanced accuracy on inner out-of-fold scores
binary,oncogenic_pathway,LGG,TP53,5,20310884,,,,3.26899937929739,0.80241935483871,0.888412017167382,0.845415686003046,0.896459227467811,0.538924934284372,TRUE,TRUE,identical inner-CV rule for both methods: maximise balanced accuracy on inner out-of-fold scores
