tumor_type,repeat,patients,sites,macro_balanced_accuracy,macro_f1,accuracy,chance_macro_balanced_accuracy,normalized_macro_balanced_accuracy,selected_components_median,seed,backend,svd_method,rsvd_oversample,rsvd_power
BLCA,1,324,14,0.50778709544127,0.514475265116912,0.567901234567901,0.0714285714285714,0.469924564321368,19,20760817,cpu,rsvd,32,5
BLCA,2,324,14,0.504437259430144,0.514593062331063,0.577160493827161,0.0714285714285714,0.466317048617078,19,20760818,cpu,rsvd,32,5
BLCA,3,324,14,0.538067933107239,0.548784080185995,0.604938271604938,0.0714285714285714,0.502534697192411,20,20760819,cpu,rsvd,32,5
BLCA,4,324,14,0.532342555455188,0.537723628185383,0.604938271604938,0.0714285714285714,0.496368905874817,19,20760820,cpu,rsvd,32,5
BLCA,5,324,14,0.558498561370275,0.563320161333735,0.623456790123457,0.0714285714285714,0.524536912244911,20,20760821,cpu,rsvd,32,5
BRCA,1,1010,19,0.561185243927167,0.563218864418161,0.685148514851485,0.0526315789473684,0.536806646367565,20,20760818,cpu,rsvd,32,5
BRCA,2,1010,19,0.558294046371741,0.556011575749745,0.676237623762376,0.0526315789473684,0.533754826725726,20,20760819,cpu,rsvd,32,5
BRCA,3,1010,19,0.554445021606273,0.559300397008071,0.676237623762376,0.0526315789473684,0.529691967251065,20,20760820,cpu,rsvd,32,5
BRCA,4,1010,19,0.576230476273889,0.579668481051682,0.692079207920792,0.0526315789473684,0.552687724955771,20,20760821,cpu,rsvd,32,5
BRCA,5,1010,19,0.579636046775111,0.580646754993135,0.697029702970297,0.0526315789473684,0.556282493818172,20,20760822,cpu,rsvd,32,5
CESC,1,194,7,0.69481350489415,0.687147934825551,0.768041237113402,0.142857142857143,0.643949089043175,19,20760819,cpu,rsvd,32,5
CESC,2,194,7,0.64615608405931,0.650003672138033,0.757731958762887,0.142857142857143,0.587182098069195,17,20760820,cpu,rsvd,32,5
CESC,3,194,7,0.646874720261817,0.644732694579345,0.77319587628866,0.142857142857143,0.58802050697212,19,20760821,cpu,rsvd,32,5
CESC,4,194,7,0.697490427732363,0.689530210920523,0.77319587628866,0.142857142857143,0.647072165687757,18,20760822,cpu,rsvd,32,5
CESC,5,194,7,0.68333970390422,0.677244936454451,0.762886597938144,0.142857142857143,0.630562987888257,17,20760823,cpu,rsvd,32,5
COAD,1,404,12,0.71934224104577,0.707017693177974,0.829207920792079,0.0833333333333333,0.693827899322658,20,20760821,cpu,rsvd,32,5
COAD,2,404,12,0.700424230293082,0.698389228752031,0.824257425742574,0.0833333333333333,0.673190069410635,20,20760822,cpu,rsvd,32,5
COAD,3,404,12,0.733957728439133,0.728604478294631,0.834158415841584,0.0833333333333333,0.709772067388145,20,20760823,cpu,rsvd,32,5
COAD,4,404,12,0.753637275748414,0.753151543298292,0.856435643564356,0.0833333333333333,0.731240664452815,20,20760824,cpu,rsvd,32,5
COAD,5,404,12,0.729870553330237,0.727095903746813,0.841584158415842,0.0833333333333333,0.705313330905713,19,20760825,cpu,rsvd,32,5
ESCA,1,132,7,0.894041422236911,0.895618416671048,0.909090909090909,0.142857142857143,0.876381659276396,19,20760823,cpu,rsvd,32,5
ESCA,2,132,7,0.904152551708943,0.901464134022273,0.916666666666667,0.142857142857143,0.888177976993766,15,20760824,cpu,rsvd,32,5
ESCA,3,132,7,0.872552259770305,0.87532754770363,0.893939393939394,0.142857142857143,0.851310969732022,18,20760825,cpu,rsvd,32,5
ESCA,4,132,7,0.895311768432069,0.893654962923256,0.909090909090909,0.142857142857143,0.877863729837414,20,20760826,cpu,rsvd,32,5
ESCA,5,132,7,0.909411234129279,0.909075014621233,0.924242424242424,0.142857142857143,0.894313106484159,17,20760827,cpu,rsvd,32,5
GBM,1,351,8,0.817793380017417,0.82686036014216,0.84045584045584,0.125,0.791763862877048,20,20760824,cpu,rsvd,32,5
GBM,2,351,8,0.813328940510734,0.822155408874562,0.834757834757835,0.125,0.786661646297981,20,20760825,cpu,rsvd,32,5
GBM,3,351,8,0.804183256937019,0.811474471995838,0.829059829059829,0.125,0.776209436499451,19,20760826,cpu,rsvd,32,5
GBM,4,351,8,0.825638949001521,0.824145493262717,0.834757834757835,0.125,0.80073022743031,19,20760827,cpu,rsvd,32,5
GBM,5,351,8,0.831022477306624,0.830432971762197,0.84045584045584,0.125,0.80688283120757,19,20760828,cpu,rsvd,32,5
HNSC,1,412,13,0.552990504785965,0.543767187892554,0.655339805825243,0.0769230769230769,0.515739713518129,18,20760825,cpu,rsvd,32,5
HNSC,2,412,13,0.564438209211287,0.566151328235963,0.674757281553398,0.0769230769230769,0.528141393312227,20,20760826,cpu,rsvd,32,5
HNSC,3,412,13,0.553431748542021,0.547961265749865,0.662621359223301,0.0769230769230769,0.516217727587189,20,20760827,cpu,rsvd,32,5
HNSC,4,412,13,0.573729597886843,0.572675431973075,0.684466019417476,0.0769230769230769,0.538207064377413,20,20760828,cpu,rsvd,32,5
HNSC,5,412,13,0.558165848095144,0.549466628962339,0.655339805825243,0.0769230769230769,0.521346335436406,20,20760829,cpu,rsvd,32,5
KICH,1,101,5,0.78952380952381,0.793871222907768,0.792079207920792,0.2,0.736904761904762,17,20760826,cpu,rsvd,32,5
KICH,2,101,5,0.782603174603175,0.780488473736808,0.772277227722772,0.2,0.728253968253968,16,20760827,cpu,rsvd,32,5
KICH,3,101,5,0.740365079365079,0.740648884245833,0.742574257425743,0.2,0.675456349206349,17,20760828,cpu,rsvd,32,5
KICH,4,101,5,0.75752380952381,0.753918367346939,0.762376237623762,0.2,0.696904761904762,18,20760829,cpu,rsvd,32,5
KICH,5,101,5,0.744809523809524,0.747287089892176,0.742574257425743,0.2,0.681011904761905,15,20760830,cpu,rsvd,32,5
KIRC,1,488,9,0.730772132210981,0.738606707185306,0.838114754098361,0.111111111111111,0.697118648737354,19,20760827,cpu,rsvd,32,5
KIRC,2,488,9,0.744156870307949,0.748875770665257,0.842213114754098,0.111111111111111,0.712176479096443,20,20760828,cpu,rsvd,32,5
KIRC,3,488,9,0.74927352157568,0.759228427753576,0.852459016393443,0.111111111111111,0.71793271177264,20,20760829,cpu,rsvd,32,5
KIRC,4,488,9,0.756493447932297,0.760336747545186,0.860655737704918,0.111111111111111,0.726055128923834,19,20760830,cpu,rsvd,32,5
KIRC,5,488,9,0.740889371752681,0.754243473095197,0.85655737704918,0.111111111111111,0.708500543221766,20,20760831,cpu,rsvd,32,5
KIRP,1,184,10,0.600499323023867,0.594948545195024,0.66304347826087,0.1,0.556110358915408,16,20760828,cpu,rsvd,32,5
KIRP,2,184,10,0.654054024516858,0.649886344171119,0.701086956521739,0.1,0.615615582796508,19,20760829,cpu,rsvd,32,5
KIRP,3,184,10,0.615665880402907,0.614782853881199,0.668478260869565,0.1,0.572962089336563,19,20760830,cpu,rsvd,32,5
KIRP,4,184,10,0.605928937238545,0.604799030117083,0.66304347826087,0.1,0.562143263598383,17,20760831,cpu,rsvd,32,5
KIRP,5,184,10,0.656787900038251,0.658343108060254,0.711956521739131,0.1,0.618653222264723,17,20760832,cpu,rsvd,32,5
LGG,1,451,13,0.641110437093245,0.646510865167828,0.716186252771619,0.0769230769230769,0.611202973517682,20,20760829,cpu,rsvd,32,5
LGG,2,451,13,0.677423930101784,0.678327240154289,0.742793791574279,0.0769230769230769,0.6505425909436,20,20760830,cpu,rsvd,32,5
LGG,3,451,13,0.650009638331087,0.653752947447765,0.713968957871397,0.0769230769230769,0.620843774858678,19,20760831,cpu,rsvd,32,5
LGG,4,451,13,0.676824139199696,0.676502655761599,0.733924611973392,0.0769230769230769,0.649892817466337,20,20760832,cpu,rsvd,32,5
LGG,5,451,13,0.659350222040217,0.661122734988434,0.71840354767184,0.0769230769230769,0.630962740543568,19,20760833,cpu,rsvd,32,5
LIHC,1,280,7,0.745927519101482,0.748948792397102,0.835714285714286,0.142857142857143,0.703582105618396,18,20760830,cpu,rsvd,32,5
LIHC,2,280,7,0.774430920462026,0.773285338589313,0.853571428571429,0.142857142857143,0.736836073872364,20,20760831,cpu,rsvd,32,5
LIHC,3,280,7,0.77647692361402,0.796215637992588,0.860714285714286,0.142857142857143,0.73922307754969,18,20760832,cpu,rsvd,32,5
LIHC,4,280,7,0.786606793743891,0.787458902211408,0.853571428571429,0.142857142857143,0.751041259367872,19,20760833,cpu,rsvd,32,5
LIHC,5,280,7,0.777639570490953,0.793382734523626,0.867857142857143,0.142857142857143,0.740579498906112,18,20760834,cpu,rsvd,32,5
LUAD,1,392,15,0.624324384578639,0.637568450618748,0.716836734693878,0.0666666666666667,0.597490412048542,20,20760831,cpu,rsvd,32,5
LUAD,2,392,15,0.654305084706398,0.664999272876285,0.727040816326531,0.0666666666666667,0.629612590756855,20,20760832,cpu,rsvd,32,5
LUAD,3,392,15,0.631111199063356,0.6391431047924,0.721938775510204,0.0666666666666667,0.604761998996453,20,20760833,cpu,rsvd,32,5
LUAD,4,392,15,0.647037144915648,0.656124244568129,0.721938775510204,0.0666666666666667,0.621825512409622,20,20760834,cpu,rsvd,32,5
LUAD,5,392,15,0.613738346700422,0.618457921448601,0.696428571428571,0.0666666666666667,0.586148228607594,20,20760835,cpu,rsvd,32,5
LUSC,1,405,16,0.65669825469859,0.670733780880065,0.708641975308642,0.0625,0.633811471678496,20,20760832,cpu,rsvd,32,5
LUSC,2,405,16,0.6697713742757,0.679597171115493,0.718518518518519,0.0625,0.647756132560746,20,20760833,cpu,rsvd,32,5
LUSC,3,405,16,0.696266479392577,0.70038124363403,0.735802469135803,0.0625,0.676017578018749,20,20760834,cpu,rsvd,32,5
LUSC,4,405,16,0.662659848160702,0.669677966137566,0.703703703703704,0.0625,0.640170504704749,20,20760835,cpu,rsvd,32,5
LUSC,5,405,16,0.66993559458115,0.679168352656336,0.718518518518519,0.0625,0.64793130088656,20,20760836,cpu,rsvd,32,5
OV,1,83,2,0.975616921269095,0.975616921269095,0.975903614457831,0.5,0.951233842538191,8,20760834,cpu,rsvd,32,5
OV,2,83,2,0.975616921269095,0.975616921269095,0.975903614457831,0.5,0.951233842538191,8,20760835,cpu,rsvd,32,5
OV,3,83,2,0.972972972972973,0.975472813238771,0.975903614457831,0.5,0.945945945945946,6,20760836,cpu,rsvd,32,5
OV,4,83,2,0.964747356051704,0.963516483516484,0.963855421686747,0.5,0.929494712103408,3,20760837,cpu,rsvd,32,5
OV,5,83,2,0.962103407755582,0.963323022536456,0.963855421686747,0.5,0.924206815511163,6,20760838,cpu,rsvd,32,5
PAAD,1,120,5,0.91604826546003,0.919143284432417,0.925,0.2,0.895060331825038,15,20760835,cpu,rsvd,32,5
PAAD,2,120,5,0.921176470588235,0.924709080643374,0.933333333333333,0.2,0.901470588235294,16,20760836,cpu,rsvd,32,5
PAAD,3,120,5,0.927843137254902,0.929214386176412,0.941666666666667,0.2,0.909803921568627,16,20760837,cpu,rsvd,32,5
PAAD,4,120,5,0.921176470588235,0.923403258692391,0.933333333333333,0.2,0.901470588235294,19,20760838,cpu,rsvd,32,5
PAAD,5,120,5,0.91604826546003,0.917000340279029,0.925,0.2,0.895060331825038,17,20760839,cpu,rsvd,32,5
PCPG,1,138,6,0.616117698726394,0.608367040166871,0.702898550724638,0.166666666666667,0.539341238471673,17,20760836,cpu,rsvd,32,5
PCPG,2,138,6,0.609559361733275,0.598986404898963,0.695652173913044,0.166666666666667,0.53147123407993,19,20760837,cpu,rsvd,32,5
PCPG,3,138,6,0.538757136583224,0.524339065147889,0.623188405797102,0.166666666666667,0.446508563899868,15,20760838,cpu,rsvd,32,5
PCPG,4,138,6,0.632451324842629,0.619785534955814,0.702898550724638,0.166666666666667,0.558941589811155,19,20760839,cpu,rsvd,32,5
PCPG,5,138,6,0.56383765188113,0.554866572561672,0.652173913043478,0.166666666666667,0.476605182257356,17,20760840,cpu,rsvd,32,5
PRAD,1,345,10,0.886471391576581,0.888930312839089,0.895652173913044,0.1,0.873857101751757,20,20760837,cpu,rsvd,32,5
PRAD,2,345,10,0.859306155898021,0.863982718325093,0.889855072463768,0.1,0.843673506553357,20,20760838,cpu,rsvd,32,5
PRAD,3,345,10,0.866848195179191,0.872711927510986,0.892753623188406,0.1,0.852053550199101,19,20760839,cpu,rsvd,32,5
PRAD,4,345,10,0.903498486864546,0.90059186227013,0.910144927536232,0.1,0.892776096516162,20,20760840,cpu,rsvd,32,5
PRAD,5,345,10,0.87310439469626,0.878277234745174,0.898550724637681,0.1,0.859004882995845,19,20760841,cpu,rsvd,32,5
READ,1,132,5,0.895072900955254,0.89004105090312,0.939393939393939,0.2,0.868841126194067,13,20760838,cpu,rsvd,32,5
READ,2,132,5,0.856158873805933,0.858156517739061,0.916666666666667,0.2,0.820198592257416,14,20760839,cpu,rsvd,32,5
READ,3,132,5,0.821518350930116,0.819524997937464,0.893939393939394,0.2,0.776897938662645,10,20760840,cpu,rsvd,32,5
READ,4,132,5,0.876445449974862,0.870606060606061,0.924242424242424,0.2,0.845556812468577,15,20760841,cpu,rsvd,32,5
READ,5,132,5,0.899974861739568,0.895018132644908,0.939393939393939,0.2,0.87496857717446,19,20760842,cpu,rsvd,32,5
SARC,1,158,4,0.687738731856379,0.691964285714286,0.867088607594937,0.25,0.583651642475172,19,20760839,cpu,rsvd,32,5
SARC,2,158,4,0.615355233002292,0.619374161544941,0.835443037974684,0.25,0.487140310669722,15,20760840,cpu,rsvd,32,5
SARC,3,158,4,0.642284186401834,0.653581267217631,0.854430379746835,0.25,0.523045581869111,13,20760841,cpu,rsvd,32,5
SARC,4,158,4,0.679335370511841,0.704825044772007,0.879746835443038,0.25,0.572447160682455,16,20760842,cpu,rsvd,32,5
SARC,5,158,4,0.629679144385027,0.638923755670167,0.854430379746835,0.25,0.506238859180036,12,20760843,cpu,rsvd,32,5
SKCM,1,245,8,0.569465825301066,0.592723009590613,0.726530612244898,0.125,0.507960943201218,19,20760840,cpu,rsvd,32,5
SKCM,2,245,8,0.670055965836858,0.685512491089975,0.771428571428571,0.125,0.622921103813552,19,20760841,cpu,rsvd,32,5
SKCM,3,245,8,0.635217774137254,0.650750399190288,0.751020408163265,0.125,0.583106027585433,20,20760842,cpu,rsvd,32,5
SKCM,4,245,8,0.659405048771468,0.672029355306089,0.763265306122449,0.125,0.610748627167392,19,20760843,cpu,rsvd,32,5
SKCM,5,245,8,0.582502622044241,0.606033497409804,0.73469387755102,0.125,0.522860139479133,18,20760844,cpu,rsvd,32,5
STAD,1,334,8,0.814962712143538,0.833245265319813,0.895209580838323,0.125,0.788528813878329,19,20760841,cpu,rsvd,32,5
STAD,2,334,8,0.832257721889086,0.84732579562536,0.907185628742515,0.125,0.808294539301812,18,20760842,cpu,rsvd,32,5
STAD,3,334,8,0.814278868403955,0.825400547903706,0.904191616766467,0.125,0.787747278175949,18,20760843,cpu,rsvd,32,5
STAD,4,334,8,0.827396467858764,0.847673648038806,0.907185628742515,0.125,0.802738820410016,20,20760844,cpu,rsvd,32,5
STAD,5,334,8,0.818975883577989,0.8364406412535,0.901197604790419,0.125,0.793115295517702,20,20760845,cpu,rsvd,32,5
TGCT,1,106,3,0.775,0.762014356951066,0.905660377358491,0.333333333333333,0.6625,13,20760842,cpu,rsvd,32,5
TGCT,2,106,3,0.85,0.836957061305535,0.933962264150943,0.333333333333333,0.775,6,20760843,cpu,rsvd,32,5
TGCT,3,106,3,0.791666666666667,0.796078431372549,0.933962264150943,0.333333333333333,0.6875,8,20760844,cpu,rsvd,32,5
TGCT,4,106,3,0.916666666666667,0.904424977538185,0.952830188679245,0.333333333333333,0.875,12,20760845,cpu,rsvd,32,5
TGCT,5,106,3,0.766666666666667,0.769253812636166,0.915094339622642,0.333333333333333,0.65,11,20760846,cpu,rsvd,32,5
THCA,1,455,11,0.609394092116073,0.613476222588565,0.72967032967033,0.0909090909090909,0.57033350132768,20,20760843,cpu,rsvd,32,5
THCA,2,455,11,0.608442102275531,0.606195314552095,0.727472527472528,0.0909090909090909,0.569286312503084,20,20760844,cpu,rsvd,32,5
THCA,3,455,11,0.648321250149023,0.645183855521621,0.758241758241758,0.0909090909090909,0.613153375163926,20,20760845,cpu,rsvd,32,5
THCA,4,455,11,0.631189591833871,0.62334550415469,0.742857142857143,0.0909090909090909,0.594308551017258,19,20760846,cpu,rsvd,32,5
THCA,5,455,11,0.635852719021914,0.62547336681132,0.738461538461539,0.0909090909090909,0.599437990924105,20,20760847,cpu,rsvd,32,5
THYM,1,91,5,0.808354978354979,0.803197006148089,0.813186813186813,0.2,0.760443722943723,15,20760844,cpu,rsvd,32,5
THYM,2,91,5,0.807489177489178,0.809103239133913,0.824175824175824,0.2,0.759361471861472,11,20760845,cpu,rsvd,32,5
THYM,3,91,5,0.771688311688312,0.770758417783589,0.78021978021978,0.2,0.71461038961039,9,20760846,cpu,rsvd,32,5
THYM,4,91,5,0.838441558441559,0.834545454545455,0.846153846153846,0.2,0.798051948051948,16,20760847,cpu,rsvd,32,5
THYM,5,91,5,0.796536796536797,0.789761904761905,0.802197802197802,0.2,0.745670995670996,11,20760848,cpu,rsvd,32,5
UCEC,1,456,12,0.705278864303489,0.704089240842977,0.785087719298246,0.0833333333333333,0.678486033785624,19,20760845,cpu,rsvd,32,5
UCEC,2,456,12,0.699835468639192,0.699522000583523,0.776315789473684,0.0833333333333333,0.672547783970027,20,20760846,cpu,rsvd,32,5
UCEC,3,456,12,0.714218620960283,0.715250961112191,0.791666666666667,0.0833333333333333,0.688238495593036,19,20760847,cpu,rsvd,32,5
UCEC,4,456,12,0.69767546734447,0.699845966619348,0.778508771929825,0.0833333333333333,0.67019141892124,20,20760848,cpu,rsvd,32,5
UCEC,5,456,12,0.689680382940487,0.688560439760841,0.776315789473684,0.0833333333333333,0.66146950866235,19,20760849,cpu,rsvd,32,5
UVM,1,72,3,0.962857142857143,0.962857142857143,0.972222222222222,0.333333333333333,0.944285714285714,7,20760847,cpu,rsvd,32,5
UVM,2,72,3,0.962857142857143,0.962857142857143,0.972222222222222,0.333333333333333,0.944285714285714,6,20760848,cpu,rsvd,32,5
UVM,3,72,3,0.939047619047619,0.943355119825708,0.958333333333333,0.333333333333333,0.908571428571428,6,20760849,cpu,rsvd,32,5
UVM,4,72,3,0.939047619047619,0.943355119825708,0.958333333333333,0.333333333333333,0.908571428571428,5,20760850,cpu,rsvd,32,5
UVM,5,72,3,0.962857142857143,0.962857142857143,0.972222222222222,0.333333333333333,0.944285714285714,7,20760851,cpu,rsvd,32,5
