model_id,family,cancer_type,endpoint,outcome_type,n,positive,negative,ncomp,tier,file,sha256
aneuploidy__BLCA__Genome_doubling,aneuploidy,BLCA,Genome doubling,binary,376,228,148,6,B,models/aneuploidy__BLCA__Genome_doubling.rds,9cbf5ac443aa79eed82115a70a40a91b99c0163a867c67cb62aac2dd1f65dbc3
aneuploidy__BRCA__Aneuploidy_score,aneuploidy,BRCA,Aneuploidy score,continuous,998,,,4,B,models/aneuploidy__BRCA__Aneuploidy_score.rds,3835c20756a9abbf0a734fd9bf81ef18ecb0f008097d07ad08354b00d449f13f
aneuploidy__BRCA__Deleted_arm_count,aneuploidy,BRCA,Deleted arm count,continuous,998,,,3,B,models/aneuploidy__BRCA__Deleted_arm_count.rds,2d62c740984926cc6eabfc3aa15b2051d68b45a6b90c1d7137f00b6093b84805
aneuploidy__BRCA__Genome_doubling,aneuploidy,BRCA,Genome doubling,binary,998,438,560,6,B,models/aneuploidy__BRCA__Genome_doubling.rds,dae0c3d5df8b0c43c30bf6536c090989f174f0b628cfac9961cafa11ceeafbb6
aneuploidy__COAD__Aneuploidy_score,aneuploidy,COAD,Aneuploidy score,continuous,408,,,7,B,models/aneuploidy__COAD__Aneuploidy_score.rds,37550724301ea53718b7a9cd6b073bdb48c150cf59d759e8dd2a1c57406da3fa
aneuploidy__COAD__Genome_doubling,aneuploidy,COAD,Genome doubling,binary,408,165,243,7,B,models/aneuploidy__COAD__Genome_doubling.rds,c85465087ba6124fcf8783573852f65741af82d42dda7cdaead46737c60d0446
aneuploidy__HNSC__Genome_doubling,aneuploidy,HNSC,Genome doubling,binary,435,176,259,5,B,models/aneuploidy__HNSC__Genome_doubling.rds,2a072e51814b08ea6f600a70644f3f0e22163944b2283fcc06e05e6a6fc67386
aneuploidy__LIHC__Genome_doubling,aneuploidy,LIHC,Genome doubling,binary,350,115,235,3,B,models/aneuploidy__LIHC__Genome_doubling.rds,8179aaf1a2a0d577a8a2d2665108a5f32df801f0130ab8ee42991ae96b823824
aneuploidy__LUAD__Genome_doubling,aneuploidy,LUAD,Genome doubling,binary,449,264,185,2,B,models/aneuploidy__LUAD__Genome_doubling.rds,a1e1ebff0e8ab3e2932976b83d52bc59e189a948511c62e61fc6fc55589f0558
aneuploidy__LUSC__Genome_doubling,aneuploidy,LUSC,Genome doubling,binary,459,249,210,3,B,models/aneuploidy__LUSC__Genome_doubling.rds,d9b79278d20e681ac4af3f9b87d441030ef442f0e3315497f4032a5b9b365a73
aneuploidy__OV__Genome_doubling,aneuploidy,OV,Genome doubling,binary,96,66,30,2,B,models/aneuploidy__OV__Genome_doubling.rds,47e091383e3aebeb6ef4187824ef82cf965981dad7f3fe2a34968405f413c144
aneuploidy__PCPG__Genome_doubling,aneuploidy,PCPG,Genome doubling,binary,157,24,133,9,B,models/aneuploidy__PCPG__Genome_doubling.rds,b467d94fe6bfae43e41419c5cfb20081aabfd3839ec8a8f6a2144861d76d4684
aneuploidy__READ__Genome_doubling,aneuploidy,READ,Genome doubling,binary,143,72,71,9,B,models/aneuploidy__READ__Genome_doubling.rds,04a12f6841ccd0fbb268d84145f2ce93e13f490b58f8a65a96eaeb142321fdaa
aneuploidy__SARC__Genome_doubling,aneuploidy,SARC,Genome doubling,binary,238,112,126,4,B,models/aneuploidy__SARC__Genome_doubling.rds,f0e280468a43da279c82f09d74d7d8bcf95aa894ebbad1de9a3c7409d1e86352
aneuploidy__STAD__Aneuploidy_score,aneuploidy,STAD,Aneuploidy score,continuous,360,,,5,B,models/aneuploidy__STAD__Aneuploidy_score.rds,17a66fd8c5fdf74f86427549afa90dcdf531db85c8e6e24982ac3c35414230a6
aneuploidy__STAD__Deleted_arm_count,aneuploidy,STAD,Deleted arm count,continuous,360,,,3,B,models/aneuploidy__STAD__Deleted_arm_count.rds,6c244216a16b46ebe83ed9a9fbf58d89b80465ddef13002b6086cfdb3382f6a7
aneuploidy__STAD__Genome_doubling,aneuploidy,STAD,Genome doubling,binary,360,154,206,7,B,models/aneuploidy__STAD__Genome_doubling.rds,6781afc366535ef784ebccc9e0760bda29027d199f81438298999b895ff9d719
aneuploidy__UCEC__Aneuploidy_score,aneuploidy,UCEC,Aneuploidy score,continuous,477,,,3,B,models/aneuploidy__UCEC__Aneuploidy_score.rds,5b2334594576b0890ff3b8178bcd79d171cdcd58795118e422393de642860df6
aneuploidy__UCEC__Deleted_arm_count,aneuploidy,UCEC,Deleted arm count,continuous,477,,,4,B,models/aneuploidy__UCEC__Deleted_arm_count.rds,32031c511c5e9d87cc9b8021ae4833076e3a43c164f857c12417760e313ffa28
aneuploidy__UCEC__Genome_doubling,aneuploidy,UCEC,Genome doubling,binary,477,97,380,8,A,models/aneuploidy__UCEC__Genome_doubling.rds,03658f07f5054e0743484dbc8ab57b4b53ff3b54d103f8ad572f88cc3458d8e0
aneuploidy__UVM__Deleted_arm_count,aneuploidy,UVM,Deleted arm count,continuous,80,,,3,B,models/aneuploidy__UVM__Deleted_arm_count.rds,d5c91d0bdea963655c4a7cc9e3c35f722a75914c522c24527c39aaac7bdf3f1b
driver_mutation__COAD__APC,driver_mutation,COAD,APC,binary,433,196,237,1,A,models/driver_mutation__COAD__APC.rds,40e2a1789a50bf5719bf02444ea93a0afbac143e7fb014fa4a1f5abbd4c8d525
driver_mutation__COAD__KRAS,driver_mutation,COAD,KRAS,binary,433,126,307,10,A,models/driver_mutation__COAD__KRAS.rds,150edf36ca66fb48f2b7dfe15998412d7cb892f69216b3cf42898d55ce86bb76
driver_mutation__COAD__TP53,driver_mutation,COAD,TP53,binary,433,161,272,2,A,models/driver_mutation__COAD__TP53.rds,7110fe5a3211cec8a92186475dd4eb3cc47b2e6cbbb9542b10cc3746844cb4f7
driver_mutation__LGG__ATRX,driver_mutation,LGG,ATRX,binary,490,181,309,2,A,models/driver_mutation__LGG__ATRX.rds,35055913fa81710e441da095fed4df767210d995e1100358d6e4825a3a55a157
driver_mutation__LGG__CIC,driver_mutation,LGG,CIC,binary,490,105,385,6,A,models/driver_mutation__LGG__CIC.rds,21678eddb4780b6fda438789cd61887825c053bef521c38c93b52c7a5f5d1faf
driver_mutation__LGG__EGFR,driver_mutation,LGG,EGFR,binary,490,34,456,2,B,models/driver_mutation__LGG__EGFR.rds,0b023bb901522c84e162c4e1ff2c11661bb08bdbc6a80ab2ff7ee21b4932dd3c
driver_mutation__LGG__IDH1,driver_mutation,LGG,IDH1,binary,490,375,115,2,A,models/driver_mutation__LGG__IDH1.rds,4b9478c8df47b6c0936f48b7d786447183f66fd94505d46f08e430f094986a4e
driver_mutation__LGG__PTEN,driver_mutation,LGG,PTEN,binary,490,23,467,7,B,models/driver_mutation__LGG__PTEN.rds,c7fc1bd77a580468eb35f7bc67f790208ded784ce1f6b6d944e1ebb80e437958
driver_mutation__LGG__TP53,driver_mutation,LGG,TP53,binary,490,232,258,4,A,models/driver_mutation__LGG__TP53.rds,e014e84f1dba3282689c2ce90b5d9ec8c2ecbb51b4553e3b82c8f1265f7d11e9
driver_mutation__READ__APC,driver_mutation,READ,APC,binary,156,65,91,3,A,models/driver_mutation__READ__APC.rds,ef6d885ae07d73f558ea058cd78d690b2f5030a46d46ba2b79dbfdbc427acd76
driver_mutation__READ__KRAS,driver_mutation,READ,KRAS,binary,156,30,126,8,B,models/driver_mutation__READ__KRAS.rds,1104c41f2d0b19c8bc808a7698938604fee4e3711d903702ff7721b4f4d1e63d
driver_mutation__READ__TP53,driver_mutation,READ,TP53,binary,156,66,90,2,A,models/driver_mutation__READ__TP53.rds,7a202494b9ee139b3137c8e7114685bffb896f8bf29cad56d1d469d32e3ef58d
driver_mutation__SKCM__BRAF,driver_mutation,SKCM,BRAF,binary,292,52,240,3,A,models/driver_mutation__SKCM__BRAF.rds,802e6847e6d4e15efd0d8d85fc4037e8b9dc10f1394526561b189c84fbd6d1c2
driver_mutation__THCA__BRAF,driver_mutation,THCA,BRAF,binary,505,289,216,3,A,models/driver_mutation__THCA__BRAF.rds,ff7f59467bd63102abecb3fed60c80352ccda4e82be4aecf8b1b00ef8bd19635
driver_mutation__THCA__NRAS,driver_mutation,THCA,NRAS,binary,505,39,466,7,B,models/driver_mutation__THCA__NRAS.rds,121936b97cc823d4614672ad9d798388dfb77971439fdb27edd2593c9c909d2d
driver_mutation__THYM__GTF2I,driver_mutation,THYM,GTF2I,binary,121,59,62,6,A,models/driver_mutation__THYM__GTF2I.rds,ebeaa1eedd04d4be1c699292a4658fa6fc7ea9a07879534f15978a26db44a0e2
fusion__BLCA__Any_called_fusion,fusion,BLCA,Any called fusion,binary,381,288,93,10,B,models/fusion__BLCA__Any_called_fusion.rds,d8ce36d503e5c59384b20783eaff9c56138fcdf46ab7d26dd1a142ebf2b06587
fusion__BRCA__Fusion_burden,fusion,BRCA,Fusion burden,continuous,1051,,,3,B,models/fusion__BRCA__Fusion_burden.rds,b5860377df2ada9dc3e238a346e5c9b2bbea12660c2f91d4374572c618d19b8d
fusion__LGG__Any_called_fusion,fusion,LGG,Any called fusion,binary,487,236,251,1,B,models/fusion__LGG__Any_called_fusion.rds,4c24232435153da57951122d5a1067a0b1a6be2a5b91d8010712042eb108e148
fusion__LGG__Fusion_burden,fusion,LGG,Fusion burden,continuous,487,,,1,B,models/fusion__LGG__Fusion_burden.rds,c0369f262faa01c5fce6e6872d96432082a84c23da1c457decb5861fb30df0c5
fusion__LIHC__Any_called_fusion,fusion,LIHC,Any called fusion,binary,357,214,143,3,B,models/fusion__LIHC__Any_called_fusion.rds,f44b4dfb623e653274de85e5e1ac165e385d44ed67fc54fd98710e40cfdf36e2
fusion__PRAD__Fusion_pair_TMPRSS2--ERG,fusion,PRAD,Fusion pair: TMPRSS2--ERG,binary,400,159,241,9,B,models/fusion__PRAD__Fusion_pair_TMPRSS2--ERG.rds,8bd2cb990473c07cf17b6092bd8515b8ebfcaf875ee3a3cecfce3cd770d06f64
fusion__SARC__Any_called_fusion,fusion,SARC,Any called fusion,binary,252,216,36,7,B,models/fusion__SARC__Any_called_fusion.rds,b71c022e772955b9bf1b517386efd99e3075a99b22e2d07c28a1353feaba9d0f
fusion__THCA__Any_called_fusion,fusion,THCA,Any called fusion,binary,502,138,364,6,B,models/fusion__THCA__Any_called_fusion.rds,72ba4b6cff77a1d665997601b26b9beb53835eed3d2054f9240fda2cbc01b837
fusion__THCA__Fusion_pair_CCDC6--RET,fusion,THCA,Fusion pair: CCDC6--RET,binary,502,21,481,9,B,models/fusion__THCA__Fusion_pair_CCDC6--RET.rds,3597195ac3219f1123199a4140d36d8ee1e8b1eb29203ed714652423d05d7c03
fusion__UCEC__Any_called_fusion,fusion,UCEC,Any called fusion,binary,153,80,73,5,A,models/fusion__UCEC__Any_called_fusion.rds,3cf8c178b1fc4d31b1243464269550bb6b3bfcb5cb548e295953be8450344bce
fusion__UCEC__Fusion_burden,fusion,UCEC,Fusion burden,continuous,153,,,2,B,models/fusion__UCEC__Fusion_burden.rds,b94ceb1c42aac642e67992b2001b2d59e3ca22e65df2ed6a8c8ff4ee38a2d37b
microsatellite_instability__COAD__MANTIS_score,microsatellite_instability,COAD,MANTIS score,continuous,391,,,3,B,models/microsatellite_instability__COAD__MANTIS_score.rds,228e43260ce75fd1dd3b4dbf90a8f6c2ede5d8dd743c41810a1bd6fe4977b98f
microsatellite_instability__COAD__MSI-H_MANTIS_0.4_,microsatellite_instability,COAD,MSI-H (MANTIS >0.4),binary,391,74,317,7,A,models/microsatellite_instability__COAD__MSI-H_MANTIS_0.4_.rds,d69a5b63e2379f5941369994bee187ccc4178614328460178be424647d1d88a1
microsatellite_instability__COAD__MSIsensor_score,microsatellite_instability,COAD,MSIsensor score,continuous,411,,,3,B,models/microsatellite_instability__COAD__MSIsensor_score.rds,271de54b57b360837d324b85596cb6f2646d352e590f5b79f242538c9cb3e2c8
microsatellite_instability__STAD__MSI-H_MANTIS_0.4_,microsatellite_instability,STAD,MSI-H (MANTIS >0.4),binary,371,63,308,9,A,models/microsatellite_instability__STAD__MSI-H_MANTIS_0.4_.rds,ef9cd4dcfd669e0601ce918adb3fdf6e4a249650ff83dae2e248b275cd6f788f
microsatellite_instability__UCEC__MSI-H_MANTIS_0.4_,microsatellite_instability,UCEC,MSI-H (MANTIS >0.4),binary,487,155,332,9,B,models/microsatellite_instability__UCEC__MSI-H_MANTIS_0.4_.rds,137bb50c6102200abc9a1374b067641328e791f0cce386c019e26368814fa532
microsatellite_instability_sensitivity__COAD__MSI-H_strict_MANTIS_0.6_,microsatellite_instability_sensitivity,COAD,MSI-H strict (MANTIS >0.6),binary,374,57,317,7,A,models/microsatellite_instability_sensitivity__COAD__MSI-H_strict_MANTIS_0.6_.rds,63b8b15cf0d362de4f411c9519111fb1df5e2650709370ab71807ec601ad125c
microsatellite_instability_sensitivity__STAD__MSI-H_strict_MANTIS_0.6_,microsatellite_instability_sensitivity,STAD,MSI-H strict (MANTIS >0.6),binary,364,56,308,7,A,models/microsatellite_instability_sensitivity__STAD__MSI-H_strict_MANTIS_0.6_.rds,b80a72775494104f97ed8eef1a8c732e11b55c412a2a843c89571487f7d1ccda
microsatellite_instability_sensitivity__UCEC__MSI-H_strict_MANTIS_0.6_,microsatellite_instability_sensitivity,UCEC,MSI-H strict (MANTIS >0.6),binary,438,106,332,8,B,models/microsatellite_instability_sensitivity__UCEC__MSI-H_strict_MANTIS_0.6_.rds,708b53fd94bf8beadc922d16fc01ed2920407fafd9fb0a1a2dd528a42d9d50df
oncogenic_pathway__COAD__MYC,oncogenic_pathway,COAD,MYC,binary,323,79,244,6,B,models/oncogenic_pathway__COAD__MYC.rds,7d1e688ddb00a084cfa270fe1ec723d5aa508f34c694088faa10227975cb4f71
oncogenic_pathway__COAD__PI3K,oncogenic_pathway,COAD,PI3K,binary,323,148,175,3,B,models/oncogenic_pathway__COAD__PI3K.rds,d63d7c4189be9fac1c250105653906502ab0e7bbcd9afe9202d985d550e2db2c
oncogenic_pathway__COAD__TP53,oncogenic_pathway,COAD,TP53,binary,323,208,115,4,B,models/oncogenic_pathway__COAD__TP53.rds,039127c932a7f6eae8968f5c36638d9f25214a8aa410a380a78c714abed34a7a
oncogenic_pathway__GBM__TP53,oncogenic_pathway,GBM,TP53,binary,71,38,33,2,B,models/oncogenic_pathway__GBM__TP53.rds,3ef8468a0e41fe7763cdb3cb1279f3976c3950e156c19e2c76fee36ef98a0139
oncogenic_pathway__LGG__Cell_Cycle,oncogenic_pathway,LGG,Cell Cycle,binary,476,195,281,1,B,models/oncogenic_pathway__LGG__Cell_Cycle.rds,45b47382565f6f68c9ebb8ebc7948a5ee6d2324a65292a57813c0dac8f904f8d
oncogenic_pathway__LGG__HIPPO,oncogenic_pathway,LGG,HIPPO,binary,481,379,102,7,A,models/oncogenic_pathway__LGG__HIPPO.rds,1b47ea9d8af0787f74df2ad57aff109766af51efbfb0599e6c0e20ef3cd19b0d
oncogenic_pathway__LGG__RTK_RAS,oncogenic_pathway,LGG,RTK RAS,binary,481,135,346,2,B,models/oncogenic_pathway__LGG__RTK_RAS.rds,009d97c9a6e5e9217ff3800975edc6aecb1fd8223cc032d433d2a6063bdd0380
oncogenic_pathway__LGG__TGF-Beta,oncogenic_pathway,LGG,TGF-Beta,binary,481,130,351,3,B,models/oncogenic_pathway__LGG__TGF-Beta.rds,e202b648eac6548758364e038d012ee4aca359999452afb8c550de0cb18eda1a
oncogenic_pathway__LGG__TP53,oncogenic_pathway,LGG,TP53,binary,481,248,233,4,A,models/oncogenic_pathway__LGG__TP53.rds,6b2e91f4b4690760d9e353cfd5ebc93cb02f7723c78f8276c0e1a6528a7fca6f
oncogenic_pathway__LGG__WNT,oncogenic_pathway,LGG,WNT,binary,481,131,350,5,A,models/oncogenic_pathway__LGG__WNT.rds,5437a1c9b4402b7c8dfcb8b2d149b73cd9a023c0e3bd2dbcb2b31ad2b4ab3783
oncogenic_pathway__LIHC__Cell_Cycle,oncogenic_pathway,LIHC,Cell Cycle,binary,337,232,105,8,B,models/oncogenic_pathway__LIHC__Cell_Cycle.rds,f76c08cbe5d02df47cbc12c9a371b71d85e7f245eb5ef1f90ebf40cab0b061bf
oncogenic_pathway__LIHC__TP53,oncogenic_pathway,LIHC,TP53,binary,337,127,210,3,B,models/oncogenic_pathway__LIHC__TP53.rds,de599cd3cb8d2fe69e44b5493b574a8a89d6fb0e26cfc4efb2d7780e231cd292
oncogenic_pathway__LIHC__WNT,oncogenic_pathway,LIHC,WNT,binary,337,147,190,3,B,models/oncogenic_pathway__LIHC__WNT.rds,e8a5acfaf64998bd7b3f78576e3898402e0508f34f3ff0fb916151125316aa6e
oncogenic_pathway__PCPG__Cell_Cycle,oncogenic_pathway,PCPG,Cell Cycle,binary,155,23,132,6,B,models/oncogenic_pathway__PCPG__Cell_Cycle.rds,9e686be254d847da6156240eb309c89b59097b5afb1ce7291938ac34c217529f
oncogenic_pathway__PCPG__RTK_RAS,oncogenic_pathway,PCPG,RTK RAS,binary,158,52,106,2,B,models/oncogenic_pathway__PCPG__RTK_RAS.rds,cde16b720871c62912ca14f6c89404c2cee586ffcedb17cf804ed1ae679acb80
oncogenic_pathway__PRAD__PI3K,oncogenic_pathway,PRAD,PI3K,binary,389,131,258,10,B,models/oncogenic_pathway__PRAD__PI3K.rds,56687b4f3152bb91cf4847e57acd382caeafe2f2ab2185cc1ac01ac96df3d978
oncogenic_pathway__PRAD__TP53,oncogenic_pathway,PRAD,TP53,binary,389,81,308,8,B,models/oncogenic_pathway__PRAD__TP53.rds,5d06d14b6e6358a0a478fe1dfba19ae2fec7043a70811234867a0c2e1f3ae45f
oncogenic_pathway__SARC__RTK_RAS,oncogenic_pathway,SARC,RTK RAS,binary,222,86,136,2,B,models/oncogenic_pathway__SARC__RTK_RAS.rds,87093118829ae4a1735fa88c9af0ed792aaa4585fc0c0b98ab28251f5d79eb91
oncogenic_pathway__SARC__TP53,oncogenic_pathway,SARC,TP53,binary,222,146,76,1,B,models/oncogenic_pathway__SARC__TP53.rds,7c6a3f93979c16ed4601276c7448127766828bc0b037977870239cdb79a66210
oncogenic_pathway__STAD__HIPPO,oncogenic_pathway,STAD,HIPPO,binary,327,70,257,8,B,models/oncogenic_pathway__STAD__HIPPO.rds,687bc4904be688ff02961587782089b6e18edeab67f220331f04abf99464560d
oncogenic_pathway__STAD__NOTCH,oncogenic_pathway,STAD,NOTCH,binary,327,125,202,2,B,models/oncogenic_pathway__STAD__NOTCH.rds,a493d2e5fc931440f1097f5f99da4bc7c15810bc84440034c9a2cd8689fa6f7d
oncogenic_pathway__STAD__RTK_RAS,oncogenic_pathway,STAD,RTK RAS,binary,327,192,135,4,B,models/oncogenic_pathway__STAD__RTK_RAS.rds,e527d738f48e75aacd984086b6964febc88ec5001dc4c8d7fdc92afe7340edcd
oncogenic_pathway__STAD__TP53,oncogenic_pathway,STAD,TP53,binary,327,184,143,4,B,models/oncogenic_pathway__STAD__TP53.rds,45bc8064fbe125d40202e9b07b1961cf171a33890dce641c63553822562096db
oncogenic_pathway__STAD__WNT,oncogenic_pathway,STAD,WNT,binary,327,120,207,2,B,models/oncogenic_pathway__STAD__WNT.rds,366ca8cdc202bee97291b4bb8e6e77dd178792e23acd120336fa87174bcdc8e2
oncogenic_pathway__TGCT__RTK_RAS,oncogenic_pathway,TGCT,RTK RAS,binary,143,54,89,3,B,models/oncogenic_pathway__TGCT__RTK_RAS.rds,9f2f5105aeff9f9bbe286a1771f08f5c623b0560338ca04f7736f456338752d8
oncogenic_pathway__THCA__RTK_RAS,oncogenic_pathway,THCA,RTK RAS,binary,478,403,75,4,A,models/oncogenic_pathway__THCA__RTK_RAS.rds,ef0d3a89147d19078fd35d6be6b0df1e1bde26bf430a4c61f03c28d2ef500b4a
oncogenic_pathway__THCA__WNT,oncogenic_pathway,THCA,WNT,binary,478,62,416,6,A,models/oncogenic_pathway__THCA__WNT.rds,674585edd4da569c9fee7037fba4daa40c5ecc0b02c609cc99b38652349813f7
oncogenic_pathway__UCEC__NOTCH,oncogenic_pathway,UCEC,NOTCH,binary,468,183,285,3,B,models/oncogenic_pathway__UCEC__NOTCH.rds,b5985de4a7bd0f71c011283b2f60403b1a946c1c7d58b35aa1823ae931883107
oncogenic_pathway__UCEC__TP53,oncogenic_pathway,UCEC,TP53,binary,468,218,250,4,A,models/oncogenic_pathway__UCEC__TP53.rds,1762ee81881e250fffc29db2ae40e156f5e2a77e5d1f2daa86a6aeafaefc985f
oncogenic_pathway__UCEC__WNT,oncogenic_pathway,UCEC,WNT,binary,468,230,238,8,B,models/oncogenic_pathway__UCEC__WNT.rds,87e32f8b0897bfe6c8e1808c2df2aa98ed32f30ae57c7e41d560154bd1e7c3fd
thorsson__BLCA__Homologous_Recombination_Defects,thorsson,BLCA,Homologous Recombination Defects,continuous,377,,,4,B,models/thorsson__BLCA__Homologous_Recombination_Defects.rds,139683672b6eca7a1050d466ef6d2f8243014e9e66843dcb83b8428c9ad9039c
thorsson__BLCA__Leukocyte_Fraction,thorsson,BLCA,Leukocyte Fraction,continuous,386,,,4,B,models/thorsson__BLCA__Leukocyte_Fraction.rds,6eadd96d8f0427ce87a8f79dd4a7ba93d0a44d5a198b851feabed0812464682e
thorsson__BLCA__Lymphocyte_Infiltration_Signature_Score,thorsson,BLCA,Lymphocyte Infiltration Signature Score,continuous,373,,,4,B,models/thorsson__BLCA__Lymphocyte_Infiltration_Signature_Score.rds,d76fa41811deef05d272685bc902154ee6272036b30db3ef1e51fdd0c4592266
thorsson__BLCA__Macrophage_Regulation,thorsson,BLCA,Macrophage Regulation,continuous,373,,,4,A,models/thorsson__BLCA__Macrophage_Regulation.rds,9cdef0e83caacab580ddbef598658b15dc5b87b51c0e839ce77213235d7ab272
thorsson__BLCA__Proliferation,thorsson,BLCA,Proliferation,continuous,373,,,3,B,models/thorsson__BLCA__Proliferation.rds,ea738a1d063fd9f5b6d7837666034c6e315c6c872e25407d78b6cb9f442c3de2
thorsson__BLCA__Stromal_Fraction,thorsson,BLCA,Stromal Fraction,continuous,376,,,3,B,models/thorsson__BLCA__Stromal_Fraction.rds,a6565253106ccb352f8686d84d2e00fdc34e80c83884f8871ba8a516284ce4a5
thorsson__BLCA__TGF-beta_Response,thorsson,BLCA,TGF-beta Response,continuous,373,,,4,B,models/thorsson__BLCA__TGF-beta_Response.rds,b680095c3c17929babaff1b76e338d02f2d8c05339aecdf1ff59a61a95b7058f
thorsson__BLCA__TIL_Regional_Fraction,thorsson,BLCA,TIL Regional Fraction,continuous,297,,,7,A,models/thorsson__BLCA__TIL_Regional_Fraction.rds,3b8641b0b94796de2daca14b60699fcfa54a7a47fca6e3415bbb860d29d6b154
thorsson__BLCA__Th1_Cells,thorsson,BLCA,Th1 Cells,continuous,373,,,5,B,models/thorsson__BLCA__Th1_Cells.rds,7e11cfbeb68170a34f54a2d2a274d68b090108515dfb6c1fe886db20810071e3
thorsson__BLCA__Th2_Cells,thorsson,BLCA,Th2 Cells,continuous,373,,,3,B,models/thorsson__BLCA__Th2_Cells.rds,198498ca05c6979ccdc8cd751b9df00214ea1fa4d2985feb15481eaad30626a4
thorsson__BLCA__Wound_Healing,thorsson,BLCA,Wound Healing,continuous,373,,,3,B,models/thorsson__BLCA__Wound_Healing.rds,bae073854986b42a49fb76a74d4593a305682b3c18b73235c17263b3898561db
thorsson__BRCA__Aneuploidy_Score,thorsson,BRCA,Aneuploidy Score,continuous,998,,,4,B,models/thorsson__BRCA__Aneuploidy_Score.rds,d10ebf8dbde911f5b24cd6e09c6b957b19449b322b92a030b37ec7d899ed5596
thorsson__BRCA__Fraction_Altered,thorsson,BRCA,Fraction Altered,continuous,1025,,,4,B,models/thorsson__BRCA__Fraction_Altered.rds,7bc2cd5ecdb4a5ef9200a0b32d7b6007ed51bbf6f8faf899d597c61309b54081
thorsson__BRCA__Homologous_Recombination_Defects,thorsson,BRCA,Homologous Recombination Defects,continuous,998,,,2,B,models/thorsson__BRCA__Homologous_Recombination_Defects.rds,8e323b9ad67012c42695fb40866973e5feb6800c1099eb6528a2e63f906cea77
thorsson__BRCA__Leukocyte_Fraction,thorsson,BRCA,Leukocyte Fraction,continuous,1026,,,8,A,models/thorsson__BRCA__Leukocyte_Fraction.rds,0f8cd274d6adca87d4040923c76c4f4aece01850816156833c7dbf74360de04b
thorsson__BRCA__Lymphocyte_Infiltration_Signature_Score,thorsson,BRCA,Lymphocyte Infiltration Signature Score,continuous,1039,,,6,A,models/thorsson__BRCA__Lymphocyte_Infiltration_Signature_Score.rds,13e2e5e2b8ffd079517ec85a11ebbc1ddb58a152fa209cb1c1c01b0a25103584
thorsson__BRCA__Macrophage_Regulation,thorsson,BRCA,Macrophage Regulation,continuous,1039,,,8,B,models/thorsson__BRCA__Macrophage_Regulation.rds,bf5c915ce4b53f1dc0de25f8e8dc8d59afcbb37867c7c69fad608688362946c1
thorsson__BRCA__Number_of_Segments,thorsson,BRCA,Number of Segments,continuous,1025,,,5,B,models/thorsson__BRCA__Number_of_Segments.rds,8c5653e69253e245c350527f7f05f998b5f1f77370b62f37747c25b1a1cc2e32
thorsson__BRCA__Proliferation,thorsson,BRCA,Proliferation,continuous,1039,,,6,A,models/thorsson__BRCA__Proliferation.rds,623ad56f4891cb58926aa1872f3267ec67b01818613e4dd04121944713a94fea
thorsson__BRCA__Stromal_Fraction,thorsson,BRCA,Stromal Fraction,continuous,980,,,6,B,models/thorsson__BRCA__Stromal_Fraction.rds,ddb4cb7bbb4b3de2373dca4d79ae6dddc2f3302d15e284b02517d13dedcfca0a
thorsson__BRCA__TCR_Shannon,thorsson,BRCA,TCR Shannon,continuous,999,,,6,B,models/thorsson__BRCA__TCR_Shannon.rds,405ed47c754e6d7c0e7b3b8abd27a24d3fb07a0c387aa89b61981c3c3f745808
thorsson__BRCA__TGF-beta_Response,thorsson,BRCA,TGF-beta Response,continuous,1039,,,9,B,models/thorsson__BRCA__TGF-beta_Response.rds,8489761ffc5edb6cfb40444ed25213e4ae257550ca136e4b8b404b9d23b38430
thorsson__BRCA__TIL_Regional_Fraction,thorsson,BRCA,TIL Regional Fraction,continuous,942,,,6,A,models/thorsson__BRCA__TIL_Regional_Fraction.rds,c20aad96fbbf5449c302abef9817ef54a35c7f85139ab7934c570e1bf084dc8c
thorsson__BRCA__Wound_Healing,thorsson,BRCA,Wound Healing,continuous,1039,,,6,A,models/thorsson__BRCA__Wound_Healing.rds,25b42086ad16626a5ff0cb16df69fad4baee7901708cfae8e5409f7b62ffe206
thorsson__KIRC__CTA_Score,thorsson,KIRC,CTA Score,continuous,490,,,1,B,models/thorsson__KIRC__CTA_Score.rds,108587f1d395bac8a8ba943337d4a6e0ef77d471d21db30f4be911adcdb9ab8e
thorsson__KIRC__IFN-gamma_Response,thorsson,KIRC,IFN-gamma Response,continuous,492,,,2,B,models/thorsson__KIRC__IFN-gamma_Response.rds,117a55a8e4807435e490f59bf6b6620ec3b6aaacf4554cfd876489217c0013c6
thorsson__KIRC__Leukocyte_Fraction,thorsson,KIRC,Leukocyte Fraction,continuous,493,,,4,B,models/thorsson__KIRC__Leukocyte_Fraction.rds,20c391ed5d0318f52ec14d00f7caccfdaacaec0e6fed1d473f967df64ba7afff
thorsson__KIRC__Lymphocyte_Infiltration_Signature_Score,thorsson,KIRC,Lymphocyte Infiltration Signature Score,continuous,492,,,3,B,models/thorsson__KIRC__Lymphocyte_Infiltration_Signature_Score.rds,c44be6313d4ea79422d0c78c9418e649e79e374661005c47929a6adba66e1790
thorsson__KIRC__Macrophage_Regulation,thorsson,KIRC,Macrophage Regulation,continuous,492,,,4,B,models/thorsson__KIRC__Macrophage_Regulation.rds,dc86d80778d94fb66d209daccd9bb2b50a715458d6e14ce04700677b0dee37af
thorsson__KIRC__Proliferation,thorsson,KIRC,Proliferation,continuous,492,,,5,B,models/thorsson__KIRC__Proliferation.rds,fa6f41aae27ff984963a479762ae98061cc07db3bd7781b432e2206e80117d4f
thorsson__KIRC__TCR_Shannon,thorsson,KIRC,TCR Shannon,continuous,480,,,3,B,models/thorsson__KIRC__TCR_Shannon.rds,dbcd51c732ad396e83a28b75ecd1a76546148feeeabfebab0c0396648dfb2755
thorsson__KIRC__TGF-beta_Response,thorsson,KIRC,TGF-beta Response,continuous,492,,,5,B,models/thorsson__KIRC__TGF-beta_Response.rds,9a1aaba88dbb0e3bdaa889a9bc41ea2281cb01b085bc43c4cf88881d9e2f329e
thorsson__KIRC__Th1_Cells,thorsson,KIRC,Th1 Cells,continuous,492,,,6,B,models/thorsson__KIRC__Th1_Cells.rds,664cfa9f478ec8b9d85a0d1a84baf570947812662835066a71bad26faa738dda
thorsson__KIRC__Wound_Healing,thorsson,KIRC,Wound Healing,continuous,492,,,2,B,models/thorsson__KIRC__Wound_Healing.rds,ea3ccdb12c90b5396cb2d0e63325fc74dc129edc4b5e36b02b165d01f53aa96f
thorsson__LIHC__Homologous_Recombination_Defects,thorsson,LIHC,Homologous Recombination Defects,continuous,350,,,3,B,models/thorsson__LIHC__Homologous_Recombination_Defects.rds,4b4624d31ebb32c2468781c3fe9b8e15c122713264819f7daa450292da105cdd
thorsson__LIHC__Leukocyte_Fraction,thorsson,LIHC,Leukocyte Fraction,continuous,363,,,3,A,models/thorsson__LIHC__Leukocyte_Fraction.rds,899fa9dc905105d2c41dac75ed0bafc1156ed5dfa665f96fa326269a9253c455
thorsson__LIHC__Lymphocyte_Infiltration_Signature_Score,thorsson,LIHC,Lymphocyte Infiltration Signature Score,continuous,352,,,3,B,models/thorsson__LIHC__Lymphocyte_Infiltration_Signature_Score.rds,ef6af479e121724d02825273c42c45b63eabb33c64838d0581e66c2d9f5bc06d
thorsson__LIHC__Macrophage_Regulation,thorsson,LIHC,Macrophage Regulation,continuous,352,,,3,A,models/thorsson__LIHC__Macrophage_Regulation.rds,ff69c9dd5ddb38ffcb78f5c4db96e9ed76e4d58970e463c7d50fd44128fb9562
thorsson__LIHC__Proliferation,thorsson,LIHC,Proliferation,continuous,352,,,3,A,models/thorsson__LIHC__Proliferation.rds,b85981649542aec58af68e667bafd1eef64605556dcc0a393a2fe02a408c4421
thorsson__LIHC__Stromal_Fraction,thorsson,LIHC,Stromal Fraction,continuous,348,,,2,B,models/thorsson__LIHC__Stromal_Fraction.rds,8923bb3ae92942dfc1a7d89daea27415ea1b8ea255a9a9d9ba0a94e226e4375b
thorsson__LIHC__TCR_Shannon,thorsson,LIHC,TCR Shannon,continuous,299,,,3,B,models/thorsson__LIHC__TCR_Shannon.rds,33a39f4e1b7a6a9d4d38daaa9be4e82cf44abc51f4867ef2b8d10ba6feb43f01
thorsson__LIHC__TGF-beta_Response,thorsson,LIHC,TGF-beta Response,continuous,352,,,3,B,models/thorsson__LIHC__TGF-beta_Response.rds,92183f78d5cafdd68971144f6fad04594a53503c040976c2b90facad3460a85f
thorsson__LIHC__Th17_Cells,thorsson,LIHC,Th17 Cells,continuous,352,,,2,B,models/thorsson__LIHC__Th17_Cells.rds,b55d6175a917636f3993c2bf2930315f4c2acefa1a285682e9b522aa36283728
thorsson__LIHC__Th2_Cells,thorsson,LIHC,Th2 Cells,continuous,352,,,2,B,models/thorsson__LIHC__Th2_Cells.rds,9f7053495c7f55001d04725ae1ebc3532da74cb781ae81490fb2a945b43dfccd
thorsson__LIHC__Wound_Healing,thorsson,LIHC,Wound Healing,continuous,352,,,3,B,models/thorsson__LIHC__Wound_Healing.rds,a500326059a10fdd1cbc2d83ae71ca559fce735112234a03b35d082cbd5b0387
thorsson__LUAD__Fraction_Altered,thorsson,LUAD,Fraction Altered,continuous,459,,,4,B,models/thorsson__LUAD__Fraction_Altered.rds,55994dac5e5bfe7754217df16ec4e83ab2236955a0bf407f1d972f395c93628d
thorsson__LUAD__Homologous_Recombination_Defects,thorsson,LUAD,Homologous Recombination Defects,continuous,449,,,2,B,models/thorsson__LUAD__Homologous_Recombination_Defects.rds,7f12390e07b2e2850828620aa04f13c9f4d31687d62733565758014f519148c9
thorsson__LUAD__Leukocyte_Fraction,thorsson,LUAD,Leukocyte Fraction,continuous,460,,,6,A,models/thorsson__LUAD__Leukocyte_Fraction.rds,b84ece89f529de00dfa69bfd7f03b76ca53ca2dd384a598d3e7698c026307bcc
thorsson__LUAD__Lymphocyte_Infiltration_Signature_Score,thorsson,LUAD,Lymphocyte Infiltration Signature Score,continuous,410,,,4,B,models/thorsson__LUAD__Lymphocyte_Infiltration_Signature_Score.rds,cdd2594a9c4b5b6e05337daba32eed3a6740deeb37f23f828c922a7e3e3334a9
thorsson__LUAD__Macrophage_Regulation,thorsson,LUAD,Macrophage Regulation,continuous,410,,,4,B,models/thorsson__LUAD__Macrophage_Regulation.rds,8a8bfb3e0924a956f62acb9596f646854742f6bc7b178fecc562968012105756
thorsson__LUAD__Nonsilent_Mutation_Rate,thorsson,LUAD,Nonsilent Mutation Rate,continuous,460,,,4,B,models/thorsson__LUAD__Nonsilent_Mutation_Rate.rds,38b97d621aa28958705ba727f385690a599b49f9b828956cb2f81667b7a4b386
thorsson__LUAD__Number_of_Segments,thorsson,LUAD,Number of Segments,continuous,459,,,3,B,models/thorsson__LUAD__Number_of_Segments.rds,89840c4e2230d451769988c0279851a4d9d9439eeb3a3a98a6b76d4ff5cd5e4c
thorsson__LUAD__Proliferation,thorsson,LUAD,Proliferation,continuous,410,,,2,A,models/thorsson__LUAD__Proliferation.rds,62d4bd9250c6d726fcc95cb03caad94b2d12b699519fdc86d15eb0f72d75c99e
thorsson__LUAD__SNV_Neoantigens,thorsson,LUAD,SNV Neoantigens,continuous,450,,,5,B,models/thorsson__LUAD__SNV_Neoantigens.rds,3e53c9290491732a6195267062dae801188eb015d6a7664ee4e131631bc88c53
thorsson__LUAD__Stromal_Fraction,thorsson,LUAD,Stromal Fraction,continuous,442,,,4,B,models/thorsson__LUAD__Stromal_Fraction.rds,155585f7de327d196058208a5ee3b11fc52be2629b0095be966a7a7bc84cad7a
thorsson__LUAD__TCR_Shannon,thorsson,LUAD,TCR Shannon,continuous,408,,,4,B,models/thorsson__LUAD__TCR_Shannon.rds,df0cb56a26a2fe0b6df7ac16dfd3679f3d11bfd623e21a22a94ef19b0c09e3ce
thorsson__LUAD__TGF-beta_Response,thorsson,LUAD,TGF-beta Response,continuous,410,,,4,B,models/thorsson__LUAD__TGF-beta_Response.rds,5c27f4f629e4dfbdf04c6328d663d8329267f39c70ddcfdc9bb925f8944f156d
thorsson__LUAD__TIL_Regional_Fraction,thorsson,LUAD,TIL Regional Fraction,continuous,460,,,5,A,models/thorsson__LUAD__TIL_Regional_Fraction.rds,a25dcffeb53846a04e3166f27b7b86ade66d033e9cdf07679d1b2a27db9addde
thorsson__LUAD__Th2_Cells,thorsson,LUAD,Th2 Cells,continuous,410,,,2,B,models/thorsson__LUAD__Th2_Cells.rds,33ea22507e29e225eadf0fc54e67fd0e3ed70cbdc2228eb9797f689814d7c389
thorsson__LUAD__Wound_Healing,thorsson,LUAD,Wound Healing,continuous,410,,,2,B,models/thorsson__LUAD__Wound_Healing.rds,ec4e65f94e50a8eb7e2eb8f34f312ca8a652cc27ab738ee4ebb42a8e0e343e56
thorsson__SARC__Homologous_Recombination_Defects,thorsson,SARC,Homologous Recombination Defects,continuous,238,,,2,B,models/thorsson__SARC__Homologous_Recombination_Defects.rds,6de4f5e6462388d0c535b29bd373fd152d9e5ae386d4d01032703fb95385405d
thorsson__SARC__Leukocyte_Fraction,thorsson,SARC,Leukocyte Fraction,continuous,250,,,3,A,models/thorsson__SARC__Leukocyte_Fraction.rds,c4e98cb7f92f7fd358d9bd2f3c6b90c9c89f4d062b6a8081c894eb7ca9f7a249
thorsson__SARC__Lymphocyte_Infiltration_Signature_Score,thorsson,SARC,Lymphocyte Infiltration Signature Score,continuous,218,,,4,A,models/thorsson__SARC__Lymphocyte_Infiltration_Signature_Score.rds,2f805d4491141b465d544efc96208b34efb03e76980965ee1a764542815be46c
thorsson__SARC__Macrophage_Regulation,thorsson,SARC,Macrophage Regulation,continuous,218,,,3,A,models/thorsson__SARC__Macrophage_Regulation.rds,f19084ca928fbf2ba142503276fffbf0b6c5f0929b975eac55ee54b199e9dc6d
thorsson__SARC__Macrophages_M0,thorsson,SARC,Macrophages M0,continuous,218,,,2,B,models/thorsson__SARC__Macrophages_M0.rds,3d52bb7e2db65bd74bcd9641b8f3b859923cd1212e082757ee6b9dca7e6596c0
thorsson__SARC__Number_of_Segments,thorsson,SARC,Number of Segments,continuous,246,,,3,B,models/thorsson__SARC__Number_of_Segments.rds,ec129812f0224f7efee6764e34ad0c8b3f990c0f92827de3df8967fe19befc59
thorsson__SARC__Proliferation,thorsson,SARC,Proliferation,continuous,218,,,4,B,models/thorsson__SARC__Proliferation.rds,c3471cde0d579ed1c1966687df3725b8d4911eeddde389f32b7e99c0e00c7091
thorsson__SARC__Stromal_Fraction,thorsson,SARC,Stromal Fraction,continuous,238,,,2,B,models/thorsson__SARC__Stromal_Fraction.rds,392012eedfe1214595c49dbd3f0127a17831063d3d7d9eefcec6635814b0627b
thorsson__SARC__TCR_Shannon,thorsson,SARC,TCR Shannon,continuous,188,,,4,B,models/thorsson__SARC__TCR_Shannon.rds,8b136b66ba57a8bac7794a5cc7fd263e688fa23b6ba0be4844eee10767fed7f8
thorsson__SARC__TGF-beta_Response,thorsson,SARC,TGF-beta Response,continuous,218,,,3,B,models/thorsson__SARC__TGF-beta_Response.rds,a9411cd24d886a5be1eb857f1a425fbfa4d43482e85b226267ee12f6b5662e7e
thorsson__SARC__Th1_Cells,thorsson,SARC,Th1 Cells,continuous,218,,,3,B,models/thorsson__SARC__Th1_Cells.rds,65bc98db159a95b5e7f06d8fec3898b2ba74858be452067129228ca22165d690
thorsson__SARC__Wound_Healing,thorsson,SARC,Wound Healing,continuous,218,,,2,B,models/thorsson__SARC__Wound_Healing.rds,8411d08d8d6444c3f8e45feab22ca65dbc3db41080b05bf9ffda29e4c8a43e73
thorsson__STAD__Aneuploidy_Score,thorsson,STAD,Aneuploidy Score,continuous,360,,,5,B,models/thorsson__STAD__Aneuploidy_Score.rds,a0214aebefd4fb17b10fb0c9e02fa73c0dfdc3cbca14683785a63d9972c60294
thorsson__STAD__Fraction_Altered,thorsson,STAD,Fraction Altered,continuous,371,,,3,B,models/thorsson__STAD__Fraction_Altered.rds,148ff24332ba6ac6a48a7c4c7470477c4541645f6ecbfd5a7ff902e48596dc51
thorsson__STAD__Homologous_Recombination_Defects,thorsson,STAD,Homologous Recombination Defects,continuous,363,,,3,B,models/thorsson__STAD__Homologous_Recombination_Defects.rds,3d189d65696f1b811c33ae0a9d8bdb81f321754e14cb8e1b88aa425a49487723
thorsson__STAD__Lymphocyte_Infiltration_Signature_Score,thorsson,STAD,Lymphocyte Infiltration Signature Score,continuous,334,,,5,B,models/thorsson__STAD__Lymphocyte_Infiltration_Signature_Score.rds,324fdf6f02217f9797e651b8fed400c612d58b90ba0b5d6c14c63b91725b5ae3
thorsson__STAD__Macrophage_Regulation,thorsson,STAD,Macrophage Regulation,continuous,334,,,4,B,models/thorsson__STAD__Macrophage_Regulation.rds,e613b988344a6bf1ce29004dde731d9d7f8e5bdff3bfe1b7235ebcdeb2be0f82
thorsson__STAD__Nonsilent_Mutation_Rate,thorsson,STAD,Nonsilent Mutation Rate,continuous,372,,,7,B,models/thorsson__STAD__Nonsilent_Mutation_Rate.rds,2504a0442c880f07fb9e64e8a3653d5fc355d131e7ee413ccb734f5751045bda
thorsson__STAD__Number_of_Segments,thorsson,STAD,Number of Segments,continuous,371,,,3,B,models/thorsson__STAD__Number_of_Segments.rds,97a44c62d36ceb8c59e66576550554c3853b21639eb8b2a3358389c21aa5eb9e
thorsson__STAD__Proliferation,thorsson,STAD,Proliferation,continuous,334,,,3,A,models/thorsson__STAD__Proliferation.rds,ed0094900c38831c681c4c0b53c900b22e0fd878d8acb88d9e8539cc47fe361a
thorsson__STAD__Silent_Mutation_Rate,thorsson,STAD,Silent Mutation Rate,continuous,372,,,7,B,models/thorsson__STAD__Silent_Mutation_Rate.rds,c504ff549a61698c72a03d41e4bfb9c4eda7d6159b44ed033d406968400f4991
thorsson__STAD__T_Cells_CD4_Memory_Activated,thorsson,STAD,T Cells CD4 Memory Activated,continuous,334,,,3,B,models/thorsson__STAD__T_Cells_CD4_Memory_Activated.rds,548699835f532bdc2df4bf39a98baceda80e675cb0e67cad3b1f315e4f85e040
thorsson__STAD__TIL_Regional_Fraction,thorsson,STAD,TIL Regional Fraction,continuous,335,,,6,B,models/thorsson__STAD__TIL_Regional_Fraction.rds,3c58068e2f5a44151324210fea4ed89d16ea2ad2796f086334c02d5de6610baa
thorsson__STAD__Wound_Healing,thorsson,STAD,Wound Healing,continuous,334,,,3,B,models/thorsson__STAD__Wound_Healing.rds,9f435b36efc2ca22f1660f7bdc39504f6de09013f3bfa2481e0e775eb48abb3b
thorsson__TGCT__B_Cells_Naive,thorsson,TGCT,B Cells Naive,continuous,148,,,4,B,models/thorsson__TGCT__B_Cells_Naive.rds,3fca0b8498117182044c6563fe165a0649768f7a469193676d5a4f17360e70b4
thorsson__TGCT__IFN-gamma_Response,thorsson,TGCT,IFN-gamma Response,continuous,148,,,4,B,models/thorsson__TGCT__IFN-gamma_Response.rds,d0d247882624c8374e61114548f8ae739b2270e47a908f1809a36c5a2a6db363
thorsson__TGCT__Leukocyte_Fraction,thorsson,TGCT,Leukocyte Fraction,continuous,132,,,4,A,models/thorsson__TGCT__Leukocyte_Fraction.rds,58d83e9e21cf2210a09169a0d8d84531b6e96ff7a49ce8c008e4d92229248e82
thorsson__TGCT__Lymphocyte_Infiltration_Signature_Score,thorsson,TGCT,Lymphocyte Infiltration Signature Score,continuous,148,,,4,A,models/thorsson__TGCT__Lymphocyte_Infiltration_Signature_Score.rds,f65196893ed54a9654b94ce30bbeb1466f07d62c22084e8c4773578d8639c413
thorsson__TGCT__Macrophage_Regulation,thorsson,TGCT,Macrophage Regulation,continuous,148,,,4,A,models/thorsson__TGCT__Macrophage_Regulation.rds,257a65a85f36b8184cdc0afc3de558a6a8c77671a3833faf368035468ea43025
thorsson__TGCT__Macrophages_M2,thorsson,TGCT,Macrophages M2,continuous,148,,,2,A,models/thorsson__TGCT__Macrophages_M2.rds,e640df04540b1ce6c7dd1d24a2f992bd4e0544fdcddf3a1ad05ac0bcd50c8610
thorsson__TGCT__Proliferation,thorsson,TGCT,Proliferation,continuous,148,,,3,B,models/thorsson__TGCT__Proliferation.rds,4945b9455425324e1ce6f7e92c02a81ebb09dffa0d48848693ea23e29a21cf17
thorsson__TGCT__Stromal_Fraction,thorsson,TGCT,Stromal Fraction,continuous,148,,,3,A,models/thorsson__TGCT__Stromal_Fraction.rds,32072acb1d4bf7e7b2cfacf14041834316ad8eaab082fab8778e991742b3f9a8
thorsson__TGCT__TCR_Richness,thorsson,TGCT,TCR Richness,continuous,148,,,4,B,models/thorsson__TGCT__TCR_Richness.rds,4b9aaedc2fb7b77c570013262dc86840d0fa3d9941824beb5ab76ea714921b44
thorsson__TGCT__TCR_Shannon,thorsson,TGCT,TCR Shannon,continuous,144,,,4,B,models/thorsson__TGCT__TCR_Shannon.rds,240f94aa952a8b51049bbeb431bbcd65c3d02d43f8e762f241c64ba9aa40a285
thorsson__TGCT__TGF-beta_Response,thorsson,TGCT,TGF-beta Response,continuous,148,,,2,A,models/thorsson__TGCT__TGF-beta_Response.rds,88fe695ec94c393223dcdcfb0ef68eb27b3a5ff7adb17c225b6ec85b6116b50f
thorsson__TGCT__Wound_Healing,thorsson,TGCT,Wound Healing,continuous,148,,,2,A,models/thorsson__TGCT__Wound_Healing.rds,0ddccce0b0f5ee1e135af07c12adecf4b62d9904ca98a71490cbe712e243ec10
thorsson__THCA__BCR_Richness,thorsson,THCA,BCR Richness,continuous,239,,,3,B,models/thorsson__THCA__BCR_Richness.rds,37f4f37b77e533c665f7b169fd100e6a9ead960b56fe1ce7b4ad02ff0af89dea
thorsson__THCA__BCR_Shannon,thorsson,THCA,BCR Shannon,continuous,239,,,3,B,models/thorsson__THCA__BCR_Shannon.rds,ad77335e5650719db10e45deb8356fc6dcae9ec3195c18332e90ab179873b582
thorsson__THCA__IFN-gamma_Response,thorsson,THCA,IFN-gamma Response,continuous,498,,,3,B,models/thorsson__THCA__IFN-gamma_Response.rds,9bab08124231f9cfb1b7d57ca56497c0059ad8604ccfa5213a41b3c0ef9731f4
thorsson__THCA__Leukocyte_Fraction,thorsson,THCA,Leukocyte Fraction,continuous,501,,,4,B,models/thorsson__THCA__Leukocyte_Fraction.rds,436309856b3f086851cb8c322ed9735edf193249c8b31e731b0588e2d7ccc275
thorsson__THCA__Lymphocyte_Infiltration_Signature_Score,thorsson,THCA,Lymphocyte Infiltration Signature Score,continuous,498,,,4,A,models/thorsson__THCA__Lymphocyte_Infiltration_Signature_Score.rds,9e835589c084b5be58cf9c24d05e8b761ed4e2de0742c5b9f1d26272a4f39af5
thorsson__THCA__Macrophage_Regulation,thorsson,THCA,Macrophage Regulation,continuous,498,,,4,A,models/thorsson__THCA__Macrophage_Regulation.rds,92f5ccd5d2d70d1a1f6aa0487428f443403b3c50f4c6032fd853a113c8bd48f9
thorsson__THCA__Macrophages_M1,thorsson,THCA,Macrophages M1,continuous,498,,,4,B,models/thorsson__THCA__Macrophages_M1.rds,03c81eace1a4cec7509eb68a3e2b3c7f88a1d6a8a0c0f05b1dce6aa54520d392
thorsson__THCA__Plasma_Cells,thorsson,THCA,Plasma Cells,continuous,498,,,4,B,models/thorsson__THCA__Plasma_Cells.rds,9567c523d36e3634cc621db93ba656f752c9387c52c2ec4e05c85b740a92dc60
thorsson__THCA__Proliferation,thorsson,THCA,Proliferation,continuous,498,,,4,B,models/thorsson__THCA__Proliferation.rds,222e7c9f94c9159c4d0bb62cac146f515b51b8cf3ef6d884749a3e35c4f4f550
thorsson__THCA__TCR_Richness,thorsson,THCA,TCR Richness,continuous,498,,,4,B,models/thorsson__THCA__TCR_Richness.rds,63177e78362454c79c86ab2bf351af42a55baaa157f9b0b6083e6d0a692517d7
thorsson__THCA__TCR_Shannon,thorsson,THCA,TCR Shannon,continuous,458,,,4,A,models/thorsson__THCA__TCR_Shannon.rds,dc0b441e09fe34b252e6f6006d2a8fe058551f58523a57a3e236539bae7cedfa
thorsson__THCA__TGF-beta_Response,thorsson,THCA,TGF-beta Response,continuous,498,,,3,A,models/thorsson__THCA__TGF-beta_Response.rds,b8d0017aa6eaf538749f865e5aabb9e944c9aa936074d1b00556199b222e6a7c
thorsson__THCA__Th1_Cells,thorsson,THCA,Th1 Cells,continuous,498,,,4,A,models/thorsson__THCA__Th1_Cells.rds,9b70b9ce7103dd7008ae980dd589a5a1ab52fced9420f202d6e140ec42a30770
thorsson__THYM__Homologous_Recombination_Defects,thorsson,THYM,Homologous Recombination Defects,continuous,104,,,1,B,models/thorsson__THYM__Homologous_Recombination_Defects.rds,dad7db6dacd8660a4444a747c4d66fab8be752449fdc314b9288c2817a00a0e8
thorsson__THYM__Intratumor_Heterogeneity,thorsson,THYM,Intratumor Heterogeneity,continuous,104,,,1,B,models/thorsson__THYM__Intratumor_Heterogeneity.rds,bfbe8e225dcdddff024e7a7dc07fc533b6bc9b230104c22e2f2537bbc0fa02d9
thorsson__THYM__Lymphocyte_Infiltration_Signature_Score,thorsson,THYM,Lymphocyte Infiltration Signature Score,continuous,117,,,2,A,models/thorsson__THYM__Lymphocyte_Infiltration_Signature_Score.rds,f6982b41e55d524ee51dccc34573a33bcbe6d1d0a2dc8497693c819a59033c97
thorsson__THYM__Macrophages_M1,thorsson,THYM,Macrophages M1,continuous,117,,,1,B,models/thorsson__THYM__Macrophages_M1.rds,b96e365629429a542253ee6888dc27953c3274ac7fdf545dac5f7a4c1bfb689e
thorsson__THYM__Nonsilent_Mutation_Rate,thorsson,THYM,Nonsilent Mutation Rate,continuous,120,,,2,B,models/thorsson__THYM__Nonsilent_Mutation_Rate.rds,e2f0839cec895e92214d0fc2a1c11374220dc30c1eea23f59bf52c43da338a42
thorsson__THYM__Proliferation,thorsson,THYM,Proliferation,continuous,117,,,3,A,models/thorsson__THYM__Proliferation.rds,9fc7df2c1ef964421f716485ca648c98ffb5c0061f26577f872131787d74bedb
thorsson__THYM__SNV_Neoantigens,thorsson,THYM,SNV Neoantigens,continuous,113,,,3,B,models/thorsson__THYM__SNV_Neoantigens.rds,aa6798d40030061f3926caa2bf17da653003310168a465e242354a1bde50661b
thorsson__THYM__Stromal_Fraction,thorsson,THYM,Stromal Fraction,continuous,104,,,1,B,models/thorsson__THYM__Stromal_Fraction.rds,08a13309cc349590ad2c9feedcb461e5374797139b9121fe9886f12bbe952d67
thorsson__THYM__T_Cells_CD4_Memory_Resting,thorsson,THYM,T Cells CD4 Memory Resting,continuous,117,,,2,B,models/thorsson__THYM__T_Cells_CD4_Memory_Resting.rds,accbaa992131715bbc22b172ea69587212979f46386399b94a0c1d363f4db456
thorsson__THYM__T_Cells_CD4_Naive,thorsson,THYM,T Cells CD4 Naive,continuous,117,,,1,B,models/thorsson__THYM__T_Cells_CD4_Naive.rds,82bba161f1ccbb9e712a522d39894fd5955b20a89a343dc57bfa03b08102a7f0
thorsson__THYM__T_Cells_Follicular_Helper,thorsson,THYM,T Cells Follicular Helper,continuous,117,,,1,B,models/thorsson__THYM__T_Cells_Follicular_Helper.rds,1b6533accb6c2d2861c1a8ca96cb58bd626b5b11f71834c02d21abd7bb975978
thorsson__THYM__TCR_Richness,thorsson,THYM,TCR Richness,continuous,117,,,3,B,models/thorsson__THYM__TCR_Richness.rds,25e89285776d94112f6da645d7cb8d2bb577d26fcc4b5219ead5e0957a92db79
thorsson__THYM__TCR_Shannon,thorsson,THYM,TCR Shannon,continuous,117,,,1,A,models/thorsson__THYM__TCR_Shannon.rds,f666afce277efe1753528a4d58552e10de13c8e2f3d4a88e470c654189e660af
thorsson__THYM__TGF-beta_Response,thorsson,THYM,TGF-beta Response,continuous,117,,,1,A,models/thorsson__THYM__TGF-beta_Response.rds,b6a1f0a28d9ec900f73b172ec49fc2ce92722b210ebd0e3d8b7abd4940620108
thorsson__THYM__Th17_Cells,thorsson,THYM,Th17 Cells,continuous,117,,,3,A,models/thorsson__THYM__Th17_Cells.rds,e5ed01ae34ec4489fa5df2d7449ef42073bdb293608b9ab33b78811f12454e6c
thorsson__THYM__Th2_Cells,thorsson,THYM,Th2 Cells,continuous,117,,,2,B,models/thorsson__THYM__Th2_Cells.rds,ab500aabc968d3db999aafa02185a6174ef0d2cb528cbdef2723aa87d98fea32
thorsson__THYM__Wound_Healing,thorsson,THYM,Wound Healing,continuous,117,,,4,B,models/thorsson__THYM__Wound_Healing.rds,af6fc5297e7a8c39a3002aecb68109cf8bf638a79f5c10c71e1935b6f7b2a6d2
thorsson__UCEC__Aneuploidy_Score,thorsson,UCEC,Aneuploidy Score,continuous,477,,,3,B,models/thorsson__UCEC__Aneuploidy_Score.rds,828e909a03f5147a0a870cb83ac2d3ce060214a68df15b2e531006245d830739
thorsson__UCEC__Fraction_Altered,thorsson,UCEC,Fraction Altered,continuous,484,,,3,B,models/thorsson__UCEC__Fraction_Altered.rds,9719375cd808485d7df37bf59219bc5896e0add293fb33d38e1021b381187744
thorsson__UCEC__Homologous_Recombination_Defects,thorsson,UCEC,Homologous Recombination Defects,continuous,477,,,3,A,models/thorsson__UCEC__Homologous_Recombination_Defects.rds,4d5a1ca3588a860c9fe2bcc1bfab53e098e16f5962b680e19670160de7a43dbb
thorsson__UCEC__Intratumor_Heterogeneity,thorsson,UCEC,Intratumor Heterogeneity,continuous,455,,,2,B,models/thorsson__UCEC__Intratumor_Heterogeneity.rds,a13ca7db6196ef78c59f2d6c234a2275cd5f2f6f74e1272c58e509a4990c80cb
thorsson__UCEC__Leukocyte_Fraction,thorsson,UCEC,Leukocyte Fraction,continuous,492,,,4,B,models/thorsson__UCEC__Leukocyte_Fraction.rds,13410f4e27a002edb9cabe17f36f1d6883befbf55082797e0aaddd238754cf4b
thorsson__UCEC__Lymphocyte_Infiltration_Signature_Score,thorsson,UCEC,Lymphocyte Infiltration Signature Score,continuous,489,,,4,B,models/thorsson__UCEC__Lymphocyte_Infiltration_Signature_Score.rds,b09954cdb11a8345bc9a071e48471423eeef62397eb7ee509cd0df9733b9d194
thorsson__UCEC__Macrophage_Regulation,thorsson,UCEC,Macrophage Regulation,continuous,489,,,3,B,models/thorsson__UCEC__Macrophage_Regulation.rds,415b1135873a6825570c4695a048473d69133e9c379055bd2abb65b5d0e40088
thorsson__UCEC__Number_of_Segments,thorsson,UCEC,Number of Segments,continuous,484,,,3,A,models/thorsson__UCEC__Number_of_Segments.rds,4aee4cd5d931602b6832e44b146208f21499cba5b48fd65539f542b7e9db4722
thorsson__UCEC__Proliferation,thorsson,UCEC,Proliferation,continuous,489,,,2,B,models/thorsson__UCEC__Proliferation.rds,fffa663b37cee3123f731e3b12d8bfe6f96e1b40407c67bfaba07bf9d90e9b7a
thorsson__UCEC__Silent_Mutation_Rate,thorsson,UCEC,Silent Mutation Rate,continuous,488,,,5,B,models/thorsson__UCEC__Silent_Mutation_Rate.rds,bd0a8552009fd7c09b2123bcea19af5bf0eadcd527e7bfb44f2180a1efcea8d8
thorsson__UCEC__TIL_Regional_Fraction,thorsson,UCEC,TIL Regional Fraction,continuous,446,,,5,B,models/thorsson__UCEC__TIL_Regional_Fraction.rds,a078ba7a7d42167102bf63798232fcaf6d32b884e91381b3f99c5a86b8aaf9ed
thorsson__UCEC__Th2_Cells,thorsson,UCEC,Th2 Cells,continuous,489,,,2,B,models/thorsson__UCEC__Th2_Cells.rds,41ff82e3de09d202a98a7ca29c7eb410274d883186586fdad9f33aba7a123d92
thorsson__UCEC__Wound_Healing,thorsson,UCEC,Wound Healing,continuous,489,,,5,B,models/thorsson__UCEC__Wound_Healing.rds,47de2a3dca474131e24d970741124b7f7b95f4e48f27bd70458a59ba48e295c6
